,item,rate,num_rate,num_sold,price
0,★6葉最強版★台灣現貨 升級玻璃款★迷你便攜式果汁機 電動果汁杯 鮮菓炫冰杯 迷你鮮果榨汁機 嬰兒輔食機隨行杯電動果汁機,4.7,"2,072","5,318",$28 - $288
1,[現貨] 不鏽鋼手動榨汁機 24H出貨 台灣現貨【小麥購物】【Y283】不鏽鋼 手動榨汁機 水果榨汁器 壓汁器 檸檬夾,4.9,"1,941","3,938",$38
2,現貨+發票 最強版6刀片 行動果汁機 迷你便攜式果汁機 usb充電 隨行杯電動 果汁機,4.9,235,777,$195
3,618購物節🥤《限量😍萬元補貼》小米有品 德爾瑪無線杯果汁杯 電動迷你榨汁機 全自動果蔬料理果汁機 隨行杯 副食機,4.9,700,"1,497",$49 - $499
4,蝦皮優選【免運費 12H出貨👉6葉榨汁機】 電動榨汁杯 電動果汁機 USB果汁機  隨身杯榨汁機  隨身果汁機 迷你榨汁機,4.7,492,"1,114",$249
5,蝦皮優選🔥台灣出貨 6葉最強版 免運活動🔥迷你榨汁機 果汁機 電動果汁杯 隨行杯 電動果汁機【C0016】,4.8,566,"1,241",$299
6,蝦皮優選✨現貨✨6葉迷你榨汁機 便攜式多功能電動榨汁杯學生隨行杯果汁機 隨身攜帶 果汁機 usb充電 隨身杯榨汁機,4.8,"1,470","3,525",$80 - $249
7,《小柏力克》手拉式切菜器多功能食物處理器易拉轉拉拉刀強力三刀頭手動蔬果調理機果汁機 手持料理棒切菜神器旋風切菜機拉繩式,4.8,974,"2,301",
8,【 現貨 】 隨身果汁機 隨身榨汁機 隨行杯 USB果汁機 調理機 榨汁機 果汁杯 果汁機 攪拌機,5.0,215,439,$350 - $600
9,蝦皮優選福利品【富士電通Fujitek】冰沙果汁機 調理機 榨汁機 冰沙 調理器FT-LNJ02,4.8,160,271,$580
10,現貨寄出【爆款可擕式迷你家用榨汁機】便捷式多功能全自動榨汁杯充電果汁杯學生隨行杯果汁機隨身攜帶果汁機USB充電小型榨汁杯,4.6,974,"2,740",$90 - $197
11,蝦皮優選🍄►台灣現貨 USB隨身果汁杯  VITAMER 維他命 台灣保固隨行杯果汁機 果汁杯 果汁機 榨汁機,5.0,892,"1,813",$340 - $675
12,Kolin 歌林 隨鮮杯 果汁機 雙杯組 果汁 吸管 隨身 JE-LNP13,5.0,300,524,$360 - $890
13,不鏽鋼手動榨汁機 蜂蜜檸檬 柳丁 檸檬 鮮榨 現榨 嬰兒食品 果汁 飲料 健康 壓汁【J224】米菈生活館,4.9,262,599,$35
14,蝦皮優選福利品【歌林kolin】隨行杯果汁機(藍) 果汁機 榨汁機 冰沙果汁機 攪拌機KJE-MNR5761,5.0,369,698,$560
15,【現貨】2019新款迷你水果榨汁機便攜式榨汁杯 小型家用充電電動果汁機  便攜式迷你榨汁機 防水榨汁杯 磁力USB果汁機,4.9,107,218,$459
16,🔥限時免運 2019網紅爆款 便攜式多功能電動榨汁杯 優質學生隨行杯果汁機 隨身攜帶 果汁機 usb充電 隨身杯榨汁機,4.9,245,632,$356
17,現貨 20新款 隨行果汁杯 水果榨汁機 便攜式果汁機迷你榨汁機 隨時榨汁杯 小型家用多功能 usb充電 榨果汁 杯子,4.5,4,218,$10 - $355
18,【送七好禮】充電式果汁機 迷你榨汁機 電動果汁機 戶外隨身杯 果汁機 野餐現榨果汁 榨汁機  露營玻璃杯 迷你果汁機,4.9,498,883,$549
19,🔥台灣現貨🔥最強6葉 易攜榨汁機 便攜式多功能 電動榨汁杯 學生果汁機 隨身攜帶 usb充電 隨身杯榨汁機,4.7,482,"1,408",$2 - $246
20,蝦皮優選JOY購【TSL 新潮流】健康食品調理機(TSL-122A) 果汁機 打泥 冰沙 豆漿 研磨 台灣製,4.9,149,242,$330 - $499
21,現貨 六葉便攜式 USB可充電 榨汁機 電動榨汁機 隨行果汁機 果汁杯 水果 榨汁器 果汁機 隨行果汁機 水果機 榨汁杯,4.6,43,139,$219
22,新品特惠 爆款 便攜式多功能電動榨汁杯學生隨行杯果汁機 隨身攜帶 果汁機 usb充電 隨身杯榨汁機,4.9,71,181,$355
23,(現貨)Kolin歌林健康隨鮮杯果汁機雙杯組 JE-LNP13(含玻璃杯2入),5.0,376,678,"$1,060"
24,【台灣現貨】小米有品 17PIN 星果杯 榨汁杯 便攜榨汁 400ml 大容量 隨行杯 果汁機,5.0,124,231,$639
25,蝦皮優選大象生活館 公司貨附發票 【達新牌】1公升電動榨汁機 TJ-5660 /TJ-5635 有防塵蓋+榨汁盤/柳丁機/果汁機,4.9,757,"1,266",$320 - $335
26,[24H內出貨] 小米有品 官方原裝正品  7PIN 星果杯 榨汁杯 便攜榨汁 400ml 大容量 果汁機 全新商品,5.0,87,199,$39 - $599
27,【不鏽鋼檸檬取汁器】不鏽鋼手動榨汁機 取汁器 柳橙取汁器 榨汁器 榨汁 檸檬汁 壓榨器,4.8,55,107,$59 - $150
28,蝦皮優選【全家免運 快速出貨 公司貨】美國 Oster Ball Mason Jar 隨鮮瓶 果汁機 隨身杯 榨汁機,5.0,67,153,"$298 - $1,250"
29,蝦皮優選🍉台灣限量現貨+限量免運費🥤小米有品 德爾瑪可攜式果汁機 隨行杯無線電動迷你榨汁機 全自動果蔬料理榨汁機,5.0,112,216,$515
30,免運+一年保固+24H出貨【小太陽專業調理冰沙機】果汁機 研磨機 電動果汁機 攪拌機 冰沙機 調理機,5.0,169,330,"$1,299 - $3,499"
31,TATUNG大同 冰沙果汁機 冰沙機 TJC-1518A 冰沙 台灣公司貨,4.9,109,172,$980
32,蝦皮優選現貨 Vitamer(400ml)隨身杯榨汁機VIT-004/USB隨身果汁機,4.9,55,140,$250 - $540
33,(公司貨) KOLIN  歌林 隨行杯冰沙果汁機 榨汁機 果汁杯 KJE-MNR5761 【24H出貨】,4.9,221,406,$639
34,蝦皮優選飛利浦PHILIPSDaily Collection 活氧果汁機HR2100/ HR-2100,5.0,575,"1,067",$690
35,🔥可榨冰塊+輔食🔥玻璃款 6葉迷你榨汁機 400ml 便攜式 多功能 電動榨汁杯 學生隨行杯 果汁機 易攜榨汁杯,4.8,140,266,$2 - $459
36,[買一送二]小米有品 德爾瑪可攜式果汁機 隨行杯無線電動迷你榨汁機 全自動果蔬料理榨汁機 送魚眼鏡頭/硅藻土杯墊,4.9,99,194,$573
37,6葉【台灣現貨】便攜式迷你榨汁機 電動榨汁杯 USB充電果汁機 多功能榨汁杯學生隨行杯 果汁機 隨身攜帶 隨身杯,4.7,184,477,$5 - $249
38,【全新開幕！台灣現貨】小米 正品 有品 17PIN星果杯榨汁杯 便携 随身 水果杯 榨汁機 電動 攪拌 大陸代購,5.0,32,62,$580
39,【現貨】便攜式榨汁杯 2019新款 迷你水果榨汁機 小型家用充電電動果汁機  防水榨汁杯 磁力USB果汁機,4.9,131,285,$459
40,【公司貨 免運費】Kolin 歌林 充電果汁機 玻璃 USB充電 隨行杯 冰沙機 果汁杯 電動榨汁機 JE-LNP11,4.9,34,83,$589
41,蝦皮優選現貨 附發票台灣公司貨 雙杯組 kolin 歌林隨行杯冰沙果汁機 KJE-MNR572RG 耐熱 隨行杯果汁機 冰沙機,5.0,646,"1,066",$680
42,【實體門市】可擕式迷你家用榨汁機 便捷式多功能自動榨汁 充電果汁機 隨行杯 隨身果汁機 小型果汁機 果汁杯,5.0,20,45,$169
43,【TSL新潮流】多功能食物調理棒-大全配 (TSL-177)果汁機~冰沙~嬰兒副食~打泥~醬汁~打蛋~,4.9,499,871,"$1,180"
44,《樂購》台灣配送 ❤玻璃果汁機❤迷你便攜式多功能電動果汁杯304食品級榨汁機 學生隨行杯榨汁杯usb充電 6葉迷你榨汁器,4.6,65,120,$210
45,蝦皮優選現貨 Vitamer（500ml)隨身杯榨汁機VIT-001/USB果汁機隨身果汁,5.0,748,"1,744",$650
46,現貨💮380ml便捷式全自動多功能隨身果汁機 USB充電 果汁杯 攪拌機 調理機 充電式榨汁機 兒童輔食料 學生隨行杯,4.6,564,"1,367",$159 - $196
47,三箭牌電動攪拌機 附2組頭  HM-250A-1 料理機 打蛋機 電動打蛋器  果汁機 手提打蛋機 (夢想百貨),5.0,43,94,$590
48,蝦皮優選❤天天出貨❤kolin歌林 隨行杯(單杯)果汁機 榨汁機 果汁杯 KJE-MNR5761 榨汁機,5.0,"1,203","2,223",$645
49,USB充電式隨行果汁機 (現貨),4.9,108,208,$230
50,【現貨】Vitamer維他命榨汁杯 果汁機 500ml,4.9,592,"1,313",$650
51,大家源 隨行研磨果汁機 TCY-6719 廠商直送 現貨,4.9,25,46,$690
52,【現貨】御膳坊直立式壓汁機 果汁壓汁機 檸檬壓汁機 壓柳丁器 果汁器 手動榨汁機【CF-02A-32184】,5.0,49,89,$189 - $499
53,【SPeed-快速出貨】不鏽鋼手動榨汁器 檸檬榨汁器 水果榨汁器 手動榨汁器 迷你榨汁機 手動榨汁機 廚房工具 檸檬夾,4.8,54,102,$69
54,【現貨】17PIN 星果杯 便攜榨汁機 榨汁杯 果汁杯 隱藏式刀頭設計 磁吸充電 小米有品 400ml 果汁機 健身,4.9,206,432,$150 - $689
55,【公司貨免運費】Kolin 歌林 隨鮮杯 果汁機 雙杯組 榨汁機 果汁 吸管 調理機 隨行杯 榨汁機 JE-LNP13,5.0,32,47,$865
56,蝦皮優選💖新品現貨💖 6葉最強版 迷你便攜式果汁機 電動果汁杯 鮮菓炫冰杯 迷你鮮果榨汁機 嬰兒輔食機隨行杯電動果汁機,4.8,48,231,$29 - $199
57,達新牌 電動榨汁機 TJ-5660,4.9,122,243,$320
58,【現貨秒發】 鍋寶 碎冰果汁機 1.5L 可打冰沙 附研磨杯 榨汁機 調理機 隨行杯 JF-1582-D 333,4.8,66,148,$799
59,鍋寶 冰沙果汁機 1.5L 附研磨杯 榨汁機 調理機 隨行杯 JF-1582-D 【24H出貨】 529,4.9,131,280,$799
60,※便利購※最新款 贈玫瑰刀 鍋寶 歌林 多功能蔬果研磨機 隨行杯 果汁機 調理機  MA-6208AY KJE-HC10,5.0,26,57,$699
61,蝦皮優選臺灣現貨 【搜大心】 摩飛9600 摩飛 9600 英國摩飛便攜式榨汁機 MORPHY RICHARDS 隨身杯果汁機,5.0,88,186,$899
62,小太陽生機調理機冰沙機果汁機TM-767/TM-788,5.0,59,126,"$2,740"
63,御膳坊 日式營業用拋光壓汁器 檸檬壓汁機 壓柳丁器 果汁機,5.0,110,172,$285
64,PHILIPS飛利浦 Daily Collection活氧果汁機 HR2100,5.0,92,131,$760
65,蝦皮優選❤天天出貨❤鳳梨牌 e世健康榨汁機 EX-101SS 果汁機 打汁機,5.0,300,521,"$1,480"
66,【現貨秒出】(3色) VITAMER 充電碎冰果汁機 USB充電 隨行杯 榨汁杯 果汁機 果汁杯 榨汁機 333,5.0,3,71,$799
67,【貨到付款】電動絞肉機 榨汁機 碎肉機 絞肉器 碎菜器 家用多功能嬰兒食物料理機輔食機 小型家用料理机 厨房蒜泥器調理機,4.8,81,167,$358
68,KOLIN 歌林 1.2L 玻璃冰沙果汁機 KJE-MN123 調理機 榨汁機 攪拌機 果汁機 【24H出貨】,5.0,7,30,$860
69,蝦皮優選現貨 Vitamer(350ml)隨身杯榨汁機VIT-005/USB隨身果汁機,5.0,20,38,$370
70,【110V美規電動碎肉機 】家用嬰兒輔食機/料理攪拌機神器/廚房蒜泥器調理機/榨汁機/碎肉機/絞肉器/碎菜器,4.8,57,155,$60 - $269
71,【現貨秒出】歌林 隨行杯冰沙果汁機  榨汁機 電動榨汁機 果汁杯 KJE-MNR5761 333,4.9,172,322,$635
72,蝦皮優選★福利品★OSTER Ball 經典隨鮮瓶 果汁機 專用替杯BLSTMV (六色可選) 可超取,5.0,108,266,$300
73,🚚台灣現貨 便攜隨行杯 小型榨汁杯 水果榨汁  便攜式  無線榨汁杯  隨身杯 果汁機随身杯 打奶昔攪拌杯 新鮮果汁,5.0,7,32,$330
74,【免運 摩飛二代 便攜果汁機】榨汁機  果汁杯 水果榨汁 水果杯 迷你小型 電動榨汁杯 便攜式 隨行杯,5.0,4,326,"$10 - $1,088"
75,最強6葉 易攜榨汁機 便攜式多功能 電動榨汁杯 學生果汁機 隨身攜帶 usb充電 隨身杯榨汁機,4.4,8,34,$187 - $199
76,蝦皮優選[現貨] 仿真烤麵包機 生日禮物 家家酒 烤麵包機玩具 仿真家電玩具 果汁機玩具,5.0,41,106,$13 - $160
77,限時免運！兒童扮家家酒玩具 電動仿真小家電系列套裝 寶貝廚房攪拌機/洗衣機/麵包機/咖啡機/果汁機 寶寶早教益智玩具,4.7,179,853,$124 - $234
78,輸碼可享九折 大同果汁機 冰沙機 TJC-1518A 果汁機 冰沙 大同 大同廚房家電,4.9,158,279,$980
79,蝦皮優選❤天天出貨附發票❤鍋寶1.5L 碎冰式 果汁機 大容量  JF-1582-D 榨汁機 料理機 研磨機,5.0,134,236,$760
80,(3色) VITAMER 充電碎冰果汁機 USB充電 隨行杯 榨汁杯 果汁機 果汁杯 榨汁機 【24H出貨】,5.0,2,44,$799
81,【現貨秒出】 KOLIN 歌林 1.2L 玻璃冰沙果汁機 KJE-MN123 調理機 榨汁機 攪拌機 果汁機 333,4.5,2,33,$860
82,免運！【KINYO】馬卡龍多功能食物調理機/果汁機(JC-03)天空藍/粉紅色/健康很簡單/ OREO色 (JC-13),4.9,30,58,$640
83,(福利品)【歌林 Kolin】隨行杯果汁機(雙杯組) / 無雙酚A JE-LNP08 保固 / 免運費,4.9,228,408,$530
84,美國OSTER Blend Active隨我型果汁機(一機二杯組)黑機,5.0,80,154,"$1,380"
85,美國 OSTER-Ball Mason Jar隨鮮瓶果汁機 BLSTMM (一機一杯) 【可加購替杯】,5.0,294,718,"$279 - $1,280"
86,蝦皮優選Tweety 隨身杯果汁機 ▲輸入折扣碼▲ 不含雙酚A 耐高溫 YD-3188 一年保固,4.9,59,126,$160 - $999
87,快速出貨↗↗ 王電 廚中寶料理機 （調理機.食物處理機.榨果汁機.冰沙機）WO-2688,5.0,114,210,"$2,690"
88,廚房大師-松鄉檸檬壓汁機 壓果器 手壓 果汁機※ 歡迎批發※,5.0,49,80,$190 - $200
89,蝦皮優選【現貨免運】正品英國摩飛 MORPHY RICHARDS便攜果汁機 果汁機 隨行便攜杯  迷你果汁機 榨汁機 榨汁杯,5.0,1,101,$10 - $939
90,蝦皮優選🍄台灣出貨►耐熱玻璃USB榨汁機  冰塊芭樂OK 隨身果汁杯 高硼硅玻璃 攜帶式電動果汁機 迷你榨汁杯,5.0,41,75,$598
91,《臺灣最便宜》均衡一夏! 小米有品 德爾瑪可攜式果汁機 隨行杯無線電動迷你榨汁機 果汁杯 副食機 全自動果蔬料理榨汁機,4.9,69,139,$499
92,【買1送1】Kolin 歌林 充電式果汁機 JE-LNP11 防彈咖啡 隨行杯  榨汁機 USB充電 333,4.6,32,123,$688
93,歌林 充電式果汁機 JE-LNP11 隨行杯 榨汁機 USB充電  KOLIN【24H出貨】 529,4.9,98,246,$749
94,果汁機 冰沙機 調理機 攪拌棒 下半段21.5cm,4.9,29,74,$100
95,美國 OSTER 果汁機專用刀座 -適用隨行杯∕BALL隨鮮瓶∕隨我行果汁機(BLSTPB/BLSTMM/BLST120,5.0,47,90,$490
96,【Portable Juicer】掌上型果汁機【原廠正版】,5.0,8,21,$499
97,瑞士 菲力仕 PHILEX 榨汁杯 便攜榨汁 400ml 大容量 隨行杯 果汁機 隨身杯 供貨中 果汁 磁吸式充電 健身,5.0,3,21,$429 - $829
98,蝦皮優選【coni shop】GUQi谷其便攜電動果汁機 現貨 當天出貨 USB充電式隨身果汁機 夏日新鮮解渴 健康 城市單品,4.6,60,110,$490
99,【利嘉生活】大家源 400ml 隨行杯果汁機 行動果汁機 果汁機 攪拌機 研磨機 料理機 不可碎冰 TCY-6715,5.0,41,79,$430
100,蝦皮優選【限量折70 輸碼VQ6KBSB 全家免運 附發票】TESCOM TM8800 果汁機 冰沙 果汁 調理機 玻璃瓶,5.0,144,206,"$1,190"
101,『多元創意生活』 磁吸防水榨汁杯   果汁機 便攜式迷你榨汁機 磁力充電果汁杯 果汁機隨行杯  隨身果汁機  榨汁機,4.9,351,635,$560
102,電動仿真小家電吸尘器系列套裝 扮家家酒系列 兒童廚房多功能攪拌機 洗衣機 麵包機 電熨斗 榨汁機 寶寶早教益智玩具,5.0,13,101,$59 - $88
103,【現貨秒出】 鳳梨牌 e世健康 榨汁機 EX-101SS 果汁機 台灣品牌 在地深耕20年 333,4.7,17,55,"$1,499"
104,《樂購》手拉式切菜器多功能食物處理器易拉轉拉拉刀強力三刀頭手動蔬果調理機果汁機 手持料理棒切菜神器旋風切菜機拉繩式,4.9,73,161,$100
105,蝦皮優選【coni mall】BINGO迷你隨身電動果汁機 現貨 當天出貨 便攜 USB充電  鮮果汁 榨汁杯 隨身杯,4.9,487,"1,160",$350
106,【有保固、最安心】好攜帶迷你榨汁機USB便攜式榨汁機家用水果充電迷你榨汁杯電動炸果汁機杯榨汁杯電動果汁機果汁杯隨行杯,5.0,7,79,$99 - $429
107,1機雙杯【可榨冰塊+輔食】便攜式迷你榨汁機 電動榨汁杯 6葉USB充電果汁機 電動榨汁杯學生隨行杯果汁機 隨身攜帶,4.6,46,99,$159 - $558
108,🤴SH簡單幸福👰：大同冰沙果汁機 TJC-1518A~容量1.5公升,5.0,52,76,$909
109,蝦皮優選福利品【鍋寶】1.5L大容量碎冰果汁機 JF-1582-D,4.8,134,219,$690
110,蝦皮優選現貨 Vitamer(500ml)隨身杯榨汁機 隨行杯果汁機 USB果汁機,4.9,120,242,$320 - $645
111,【Eardlom】GUQi谷其便攜電動果汁機 現貨 當天出貨 USB充電迷你榨汁機 隨行果汁機 城市單品,4.9,83,156,$490
112,🎊台灣現貨🎊24H出貨🎉超強6葉刀頭 迷你電動果汁機 方便攜帶型果汁杯 隨身杯 USB充電 健康養生,5.0,72,211,$50 - $235
113,歌林 KOLIN KJE-MNR572B 隨行杯冰沙果汁機 (藍綠雙色選)可超取,4.9,106,173,$750
114,蝦皮優選【OK運費30→快速出貨 公司貨】美國 Oster Ball Mason Jar 隨鮮瓶 果汁機 隨身杯 榨汁機,5.0,8,25,"$288 - $1,220"
115,蝦皮優選現貨 Vitamer（350ml)隨身杯榨汁機/USB果汁機隨身果汁,4.6,27,61,$365
116,☆TOYs☆ 現貨 BANDAI BRUNO迷你模型 便當盒 果汁機 扭蛋 轉蛋 全7種,5.0,18,24,$420
117,[現貨免運]6葉便攜式果汁機家用 果汁杯多功能 全自動鮮菓炫冰杯 迷你鮮果榨汁機 嬰兒輔食機隨行杯電動果汁機 GZ-1,5.0,5,30,$269 - $299
118,不鏽鋼手動榨汁器 檸檬榨汁器 檸檬擠壓器 迷你榨汁機 手動榨汁機 廚房工具 榨汁器 榨汁機 擠壓器 壓汁器 擠汁器,4.9,32,60,$79
119,超強6葉電動榨汁機 6葉刀頭 USB電動榨汁機 行動果汁機 電動榨汁杯 多功能果汁機 小型充電果汁杯 方便便攜,4.7,3,16,$165 - $195
120,【實體店面公司貨 附發票】鳳梨牌 E世代健康榨汁機 果汁機 打汁機 榨汁機 EX-101SS,4.9,49,77,"$1,349"
121,Fujitek富士電通冰沙果汁機(FT-LNJ02),5.0,14,30,$650
122,現貨 一年保固 最新款 升級六刀頭 富士電通鮮榨果汁機（紅色）母親節禮物,4.9,51,93,$280 - $499
123,歐文購物 馬卡龍充電式隨身果汁杯 果汁機 攪汁機 隨身冰沙機 榨汁機,4.9,29,52,$179
124,蝦皮優選【全家免運 附發票 快速出貨】飛利浦 Daily Collection 活氧果汁機 HR2101附果渣分離濾網,4.9,396,644,$799
125,🔥現貨當天出🔥便攜式迷你電動榨汁杯6刀 USB充電 多功能家用小型水果榨汁機 果汁機果汁杯 戶外隨行杯電#動榨汁杯#,4.7,22,38,$219
126,✨多功能食物處理器✨手拉式切菜 手拉式切菜器 切菜神器 切菜剪刀  蔬果調理機果汁機 手動攪拌器 副食品調理機 搗碎器,4.9,72,131,$139 - $159
127,【送七好禮】隨身型榨汁杯 小型果汁機 豆漿機 玻璃隨身杯 400ml 雙杯 迷你榨汁機 便攜式 USB充電 (蝦皮團購),4.8,141,253,"$549 - $1,058"
128,便攜榨汁機德國朋森迷你家用果汁機多功能小型料理機早餐榨汁杯,4.9,33,56,$460 - $530
129,蝦皮優選【現貨】簡潔手動榨汁機 DIY雪糕模具 家用兒童 做冰棒 冰棍 冰淇淋 冰糕 的模具 凍冰塊盒格 制冰盒 制冰格  套裝,5.0,10,41,$64 - $118
130,【領劵免運】 USB隨身果汁杯 榨汁機 隨行杯 USB果汁機 調理機  冰沙 攪拌 台灣保固,4.9,160,323,$568
131,蝦皮優選免運費 山本 便攜式 多功能果汁機 家用全自動 蔬果榨汁杯 隨打 隨喝 營養不留失 運動杯 果汁杯 隨行杯果汁機 隨行杯,4.9,40,73,$835
132,蝦皮優選JOY購【TSL 新潮流】多功能食物調理攪拌棒(TSL-177) 調理機 料理棒 打蛋機 打蛋器 果汁機,4.9,71,114,"$1,050"
133,實體店面台灣賣家 管道清潔刷 粗管 細管 管道刷 水管疏通刷 通管刷 縫隙清潔刷 窗溝清潔 零件 果汁機 榮邑五金行,5.0,4,77,$20 - $30
134,蝦皮優選【金鳳梨】e世健康榨汁機 果汁機  EX-101SS,4.9,23,39,"$1,350"
135,【附果渣分離濾網】飛利浦PHILIPS活氧果汁機 HR2101,5.0,13,23,$750
136,蝦皮優選【台灣現貨 當天出貨】小米 正品 米家 Pinlo 便攜 隨手 榨汁機 果汁機 隨身杯 USB充電 350ML大陸代購,4.9,32,71,$490 - $590
137,[福利品]【SDL 山多力】碎冰果汁機 (SL-733A),4.6,44,63,$599
138,【買一送七禮盒組】隨身型電動雙杯果汁機 便攜式榨汁杯 小型果汁機 玻璃杯身 迷你榨汁機 隨行杯 隨身杯 USB充電式,4.8,46,79,$549
139,蝦皮優選【現貨】速發貨❤可碎冰玻璃果汁機 電動榨汁機 便攜式迷你全自動果蔬料理機家用水果小型USB充電學生隨行杯 可攜式冰沙攪拌,4.9,222,438,$426 - $531
140,英國 摩飛 MORPHY RICHARDS 隨行杯果汁機 果汁機隨行杯 果汁機 隨行果汁機 迷你果汁機 榨汁機 榨汁杯,4.8,91,"1,082",$10 - $988
141,AIWA 愛華 PJ-460 隨身果汁機,5.0,10,18,"$1,280"
142,蝦皮優選[現貨] 不鏽鋼手動榨汁機檬汁橙汁器手動 榨汁機 水果 手壓 壓汁器 檸檬夾榨汁機家用擠檸檬器,4.9,87,180,$69 - $175
143,蝦皮優選*大象生活館*附發票 大家源隨行杯果汁機TCY-6715+隨行杯二合一設計,5.0,271,553,$100 - $494
144,【專賣小米】小米 博的bud便攜果汁杯 果汁機 榨汁機 小米有品 隨身果汁杯 現榨果汁機 小米正品,4.9,13,26,$499
145,🌟鍋寶全新全營養自動調理機可當（果汁機/豆漿機/濃湯機）冷熱調理一機搞定 💁‍♀️（有現貨 ）全新未拆封,5.0,9,16,"$2,998"
146,果汁機 隨身攜帶果汁杯 USB充電 榨果汁機 四刀葉片 攜帶型迷你充電果汁杯 果汁杯 多功能 380ML 不銹鋼,4.8,186,531,$199
147,Panasonic國際牌MX-V188果汁機專用杯蓋,4.9,33,62,$90
148,重磅❤)4葉/6葉充電榨汁杯 果汁機 水果攪拌機 果汁攪拌機 便攜式迷你榨汁機 電動榨汁杯 隨行杯果汁機 隨身帶 隨身杯,4.6,146,631,$198 - $249
149,免運+一年保固+24H出貨【小太陽專業調理冰沙機】果汁機 研磨機 電動果汁機 攪拌機 冰沙機 調理機,5.0,99,166,"$1,299 - $3,499"
150,🔥玻璃款 贈杯刷🔥 一機雙杯 380ML 迷你榨汁機 多功能 電動榨汁杯 學生隨行杯 便攜果汁機 Usb充電 禮物,4.7,112,232,$3 - $559
151,【貴夫人】生機食品調理果汁機 (CP-76),4.9,83,140,"$1,840"
152,【原廠保固】 大同果汁冰沙機 冰沙機 TJC-1518A 果汁機 冰沙機 大同 工業風 台灣公司貨,4.9,52,98,$980
153,蝦皮優選JOY購【TSL 新潮流】健康食品調理機 – 全配(TSL-122) 果汁機 打泥 冰沙 豆漿 研磨 台灣製,5.0,32,56,$659
154,panasonic國際牌果汁機MX－V188刀組（原廠新品）,5.0,56,110,$505
155,📣超夯免運📣 便攜 果汁機隨行杯 無線 隨行杯榨汁機 電動 USB充電 榨汁杯 果汁機 隨行杯果汁機 充電式 攜帶,4.8,5,12,$58 - $249
156,免運 現貨 ✅✅家用料理機 多功能電動嬰兒寶寶攪拌輔食機 果汁豆漿絞肉 水果榨汁機,4.8,6,29,$179 - $389
157,台灣出貨 USB隨身玻璃榨汁機  ✨高硼硅玻璃 電動果汁機 USB果汁杯,5.0,16,30,$550
158,✨手拉式切菜料理器✨ 手拉式切菜器 多功能食物處理器 FB同款碎菜器 蔬果調理機果汁機 手動攪拌器 副食品調理機 搗碎器,5.0,14,30,$100 - $159
159,【現貨 免運費 學生族必備】隨身果汁機 榨汁機 果汁機 隨身杯 電動榨汁杯   隨身攜帶 usb充電 隨身杯榨汁機,5.0,21,48,$278 - $298
160,🎁輸碼享九折🎁 美國 Oster Ball Mason 經典隨鮮瓶果汁機 隨行杯果汁機 果汁機 梅森杯 全新公司貨,5.0,82,194,"$1,180"
161,儿童小家电玩具  兒童廚房 兒童攪拌機 洗衣機玩具 寶寶吸尘器套裝 麵包機 榨汁機家电玩具 防真益智玩具,4.3,4,25,$62 - $92
162,隨行杯果汁機 usb充電  只要200元 隨時隨地享受新鮮果汁健康加倍⭐️現貨供應馬上出貨⭐️四色任選,4.9,17,27,$200
163,蝦皮優選【OK運費半價★24小時出貨】美國 Ball Mason Jar 隨鮮瓶 果汁機 隨身杯 榨汁機 沙拉 Oster,5.0,13,28,"$1,220"
164,【迷你隨身電動榨汁杯】榨汁杯 榨汁機 電動果汁杯 水果榨汁 水果杯 迷你小型 電動榨汁杯 便攜式 隨行杯 果汁機,5.0,4,11,$249
165,便攜榨汁機德國朋森迷你家用果汁機多功能小型料理機早餐榨汁杯 榨汁機家用小型可擕式多功能果汁機迷你隨行杯攪拌機水果榨汁機,4.8,17,28,$353 - $407
166,69元專區@@玩具出清~果汁機套裝組/沙灘遊戲桌/益智積木組/高爾夫球組/Rody跳跳馬親子包,5.0,4,20,$69
167,❀現貨❀ 【富士電通 隨行杯扭蛋果汁機】原汁/果汁/研磨/果汁機【FT-JE330】附贈研磨杯組,4.9,19,39,"$300 - $1,300"
168,2/4/6刀片 迷你便攜式USB可充 水果榨汁機 攪拌機,4.9,25,90,$180 - $229
169,蝦皮優選鋅合金手動榨汁機 大號水果手壓榨汁器 加大加深好擠 家用擠檸檬柳丁器壓汁器 榨汁機 檸檬夾【BE0205】《約翰家庭百貨,4.9,40,55,$299
170,★6葉最強版★★迷你便攜式果汁機 露營外出電動果汁杯 鮮菓炫冰杯 迷你現打果汁機 學生隨行杯電動果汁機 usb充電外出款,4.8,65,148,$28 - $288
171,2/4/6刀片 迷你便攜式USB可充 動 水果榨汁機 攪拌機 果汁機,4.7,98,326,$219 - $229
172,蝦皮優選台灣現貨 附發票 ecoco 雙向 手動 果汁機 榨汁機 水果榨汁機 隨行果汁機 行動果汁機 果汁杯 果汁器 榨汁器 麥,4.9,29,54,$150
173,蝦皮優選（台灣現貨！開發票！）USB充電式維他命榨汁杯 榨汁機 唯他命迷你可攜式攪拌杯 多功能便攜隨身果汁機 豆漿機 果汁杯,4.9,368,729,$90 - $599
174,《雙榨汁頭升級版+贈纖維布x2》Princess 201851 Plus 荷蘭公主 不鏽鋼 萬能榨汁機 (冷飲店選用款),5.0,23,49,"$2,470 - $2,970"
175,panasonic國際牌果汁機專用杯座墊圈（X0205－040）,5.0,21,84,
176,不銹鋼手動榨汁器 檸檬夾檬汁橙汁器榨汁機家用擠檸檬器【H00619】,4.8,172,381,$59
177,Manyma ✨6刀頭電動玻璃果汁機,5.0,2,11,$230
178,【正品 全網最便宜 現貨 】小米 Pinlo 隨手果汁機 無線充電榨汁機 易清洗 斷電保護 小巧便攜  送禮,5.0,14,27,$415
179,蝦皮優選【KINYO 迷你隨行杯果汁機】果汁機/隨行杯/輕巧迷你/攜帶方便/果汁/榨汁機/280ml/JR-18【LD314】,5.0,9,16,$499
180,蝦皮優選~小珍妮精品~日本代購 居家必備手動 不銹鋼檸檬夾 家用手動榨汁機 水果榨汁檸檬壓汁器,5.0,7,23,$42
181,24H出貨【Kolin歌林鮮活榨汁機1.2L】果汁機 榨汁機 電動果汁機 果汁隨行杯,4.8,24,50,$599
182,蝦皮優選～附推料棒，攪拌更均勻～【時尚多功能高轉速果汁機】旋鈕式開關/3段式速度/加料蓋設計/LED顯示燈 20【LD243】,5.0,50,72,$799
183,送清潔刷+一年保固+24H出貨【歌林隨身杯冰沙果汁機】果汁機 隨行杯 冰沙機 果汁機杯 果汁 榨汁機【AB245】,4.9,39,70,$649
184,蝦皮優選✨預購處 6葉迷你榨汁機 便攜式多功能電動榨汁杯學生隨行杯果汁機 隨身攜帶 果汁機 usb充電 高轉數 果汁杯,4.8,170,561,$80 - $249
185,歌林 KOLIN KJE-MNR572G 隨行杯冰沙果汁機((兩色選)可超取,5.0,31,51,$750
186,台灣製造全鋼壓汁機 壓汁器 304不銹鋼 檸檬榨汁器 果汁機 水果柳丁各類蔬果取汁器,4.7,37,66,$380
187,蝦皮優選【不鏽鋼果汁壓汁機 (大)】水果 榨汁機 榨汁器 壓汁機 擠檸檬,4.8,96,167,$199
188,蝦皮優選✿禎巧妙✿創意家居 不鏽鋼手工迷你壓汁器家用簡易水果壓榨器喝原汁 迷你手動檸檬榨汁器 水果橙子榨汁機 西瓜果汁器,4.9,227,389,$35
189,蝦皮優選【Y0305】簡易手動迷你榨汁機 手動榨汁機 水果榨汁器 壓汁器 手動 果汁機 果汁器 隨身榨汁壺,5.0,7,10,$99
190,【限時滿減】110v破壁機豆漿機全自動家用小型加熱養生輔食機出口美國臺灣 加熱 破壁機 榨汁機 家用料理機 果汁/豆漿機,4.9,9,19,"$3,888"
191,大家源 電動柳橙榨汁機(TCY-679101) 蝦皮24h 現貨,5.0,29,44,$399
192,SANOE思樂誼隨行杯果汁機零配件  B101/B102/B103/B11/B12適用,5.0,10,96,$29 - $49
193,蝦皮優選全新 鍋寶 全營養 自動 調理機 JVE-1753 ( 果汁機 / 豆漿機 / 濃湯機 )宅配免運費（柔柔的店）,5.0,22,29,"$3,350"
194,蝦皮優選《日漾》隨身榨汁壺 手動榨汁飲料壺 手壓 果汁器 檸檬榨汁器 柳丁壓汁器 手動榨汁 水果家用手動榨汁機,4.9,22,44,$99
195,Fujitek富士電通500W強大馬力 1250c.c.電動冰沙果汁機 FT-LNJ02,5.0,25,49,$698
196,蝦皮優選福利品B【CORONA】二合一隨行果汁機 多功能 調理機 隨行杯 冰沙果汁機 榨汁機 CRN-JC1807,5.0,24,50,$749
197,蝦皮優選福利品【歌林】USB隨行果汁機 充電式果汁機JE-LNP11,4.9,95,201,$590
198,(附發票) 飛利浦PHILIPS果汁機專用配件刀座HR2100/2101,4.9,52,178,$80 - $400
199,蝦皮優選B.V. 唯藝生活家~灶（171） 創意手動擠壓檸檬榨汁器 水果橙子擠壓器 寶寶輔食鮮果壓榨汁機,4.9,86,175,$179
200,富士電通隨行杯果汁機/FUJITEK/新型六刀頭/2020年最新扭蛋雙刀雙杯組,5.0,42,109,"$250 - $1,100"
201,蝦皮優選美國OSTER 碎丁調理器/不鏽鋼研磨罐/刀座(BALL/隨行杯果汁機專用),4.9,155,323,$399 - $499
202,[免運 現貨] 充電 多刀頭 電動 果汁機 台灣公司貨附發票 榨汁機 調理機 冰沙機 豆漿機 水壺 贈品 URS,4.8,96,247,$199
203,蝦皮優選不鏽鋼手動榨汁機 柳丁 檸檬 嬰兒食品 迷你 果汁 飲料 健康 壓汁 家用【J224】168批發倉庫,4.9,31,60,$35
204,QUEENSHOP 二搞時光果汁機印花短T 兩色售 現+預【01038277】,5.0,7,13,$323
205,【滿809免運】不鏽鋼榨汁器 水果榨汁器 手動榨汁器 壓汁器 擠汁器 榨汁器 不鏽鋼 榨汁夾 果汁機 榨汁機 現貨,5.0,8,15,$74
206,蝦皮優選【全家免運】美國 隨鮮瓶 果汁機 替杯 Oster替杯 果汁機替杯 OSTER Ball Mason Jar 梅森杯,5.0,9,21,$298
207,⭐現貨+免運⭐ 美國 OSTER  替杯 隨鮮瓶果汁機   Oster Ball Mason 原廠,4.9,17,26,"$330 - $1,240"
208,蝦皮優選現貨 韓派便攜式榨汁機 隨身杯果汁機 迷你水果機 電動料理榨汁機玻璃杯 便攜榨汁機 隨行榨汁杯 隨行杯,4.6,36,109,$398
209,(福利品)【HELLO KITTY】輕食主張-單片熱壓三明治機 / 果汁機 (加送隔熱餐盒),5.0,2,8,"$1,280"
210,Kolin歌林 玻璃杯冰沙果汁機 / 冰沙機 KJE-LNP131,5.0,7,9,$550
211,蝦皮優選【限量折70 輸碼VQ6KBSB |OK運費30】美國 Oster Ball Mason Jar 隨鮮瓶 果汁機 隨身杯,5.0,23,42,"$288 - $1,220"
212,現貨✿小米有品德爾瑪可攜式果汁機 迷你榨汁機 電動果汁杯 無線電動迷你 隨行杯 全自動果蔬料理榨汁器 USB便捷式榨汁杯,4.9,11,23,$280 - $528
213,（台灣現貨）便攜式迷你USB充電式榨汁機（玻璃）顏色隨機,4.4,5,21,$280
214,大家源  1.5公升不鏽鋼樂活碎冰果汁機  TCY-6735,5.0,9,13,"$1,190"
215,蝦皮優選【7-11免運費→快速出貨】TESCOM TM8800TW 果汁機 冰沙 果汁 調理機 玻璃瓶身TM8800,5.0,6,9,"$1,192"
216,【現貨】電動榨汁機 迷你電動榨汁杯 可擕式果汁杯 USB充電榨汁杯 隨身榨汁機 水果榨汁機 果汁機,4.8,25,68,$289
217,蝦皮優選不銹鋼手動榨汁器 檸檬夾檬汁橙汁器榨汁機家用擠檸檬器 台灣現貨 快速出貨【H00619】,4.8,13,33,$55
218,🌱Comeandbuy🙋迷你榨汁機 便攜式多功能電動榨汁杯學生隨行杯果汁機 隨身攜帶 果汁機 充電 隨身杯榨汁機,4.8,87,259,$275
219,蝦皮優選驚喜價🎖夏季伙伴 台灣製造 松鄉專利 不鏽鋼 果汁壓汁器 大/中 檸檬壓汁 榨汁機 手動式 壓汁機,5.0,28,59,$180 - $210
220,（現貨）德國朋森 果汁機 榨汁杯維他命榨汁機 隨身可攜式 水壺 USB充電 果汁杯 電動迷你蔬果攪拌機 便攜 家用 工作,4.8,152,342,$180 - $689
221,【全館免運費】大同果汁機 1.5公升 TJC-1518A,4.5,4,11,$950
222,HF-C558 勳風 好幫手料理機 果菜食物調理機 果汁機 食物攪拌機 🍖輸入折價巻 滿仟折佰🍖,5.0,37,53,"$1,580"
223,PHILIPS飛利浦 活氧果汁機HR2100 / HR2100,4.9,106,221,$750
224,蝦皮優選304不鏽鋼壓汁機 不鏽鋼壓汁機 壓果汁機 檸檬壓汁 壓汁器 檸檬壓汁器  (鯨魚牌/松鄉)正304不鏽鋼 一入,4.7,33,63,$199 - $250
225,蝦皮優選新潮流食品調理機-果汁機 TSL-122 (輕巧版 主機+果汁杯) (冰沙~豆漿~精力湯),5.0,320,509,$530
226,充電式隨行杯果汁機 迷你 果汁機 隨行杯 充電式 blender 水果 打果汁 4色任選 現貨,5.0,1,7,$920
227,蝦皮優選『智趣の工坊』 台灣現貨 磁吸防水榨汁杯 果汁機 便攜式迷你榨汁機 磁力充電果汁杯 果汁機隨行杯 隨身果汁機 榨汁機,4.8,16,24,$560
228,大賀屋 台灣現貨 防水榨汁杯 榨汁機果汁機 副食品 迷你榨汁機 果汁機隨行杯 隨身果汁機 充電果汁杯 C00010218,4.6,8,25,$499
229,英國 摩飛 MORPHY RICHARDS 隨行杯果汁機 果汁機隨行杯 果汁機 隨行果汁機 迷你果汁機 榨汁機 榨汁杯,5.0,4,10,$288 - $790
230,超取 ⭕【鍋寶】多功能蔬果隨行研磨機/果汁機 (鮮果黃) MA-6206YL,4.9,8,14,$750
231,伊瑪便攜式電動果汁機 IB-0302,4.9,8,11,"$990 - $1,680"
232,Kolin歌林-玻璃杯冰沙果汁機KJE-LNP131-全新未拆封,4.4,7,13,$599
233,限量特賣小米有品 德爾瑪無線電動果汁機 可攜式無限電動榨汁機  迷你隨行杯 隨身膠囊果汁杯 水果料理機 立體6葉最強版,4.3,4,11,$528 - $568
234,★飛馬上選★現貨宅配免運 鍋寶 全營養自動調理機 JVE-1753 可直接加熱熬煮 免濾渣豆漿機 果汁機 冰沙機 副食品,5.0,7,17,"$3,300"
235,[含運]【OSTER】隨行杯果汁機+即飲杯蓋-桃紅(BLSTPB-WPK),4.9,11,21,$899
236,【現貨】迷你家用榨汁機 榨汁杯 可攜式USB充電榨果汁杯 電動環保材質 果汁機  攪拌奶昔碎冰,5.0,7,13,$369
237,[現貨] Kinyo迷你隨行杯果汁機雙杯組 迷你果汁機 隨行杯果汁機 輕巧果汁機,5.0,8,9,$599
238,【台灣24H出貨】小米有品 德爾瑪可攜式果汁機 隨行杯無線電動迷你榨汁機 全自動果蔬料理榨汁機 均衡一夏,5.0,1,7,$549
239,新版米姿果汁機 慢磨機 現貨冰淇淋網+新版雙層網）食譜,5.0,14,27,"$1,520"
240,USB四葉迷你榨汁機 現貨迷你電動榨汁杯 可擕式果汁杯 電動榨汁杯 水果榨汁機 USB充電式隨行電動隨身果汁機 榨汁機,4.7,6,16,$199
241,現貨免運 歌林 Kolin 隨行杯冰沙果汁機 (隨行杯+玻璃杯) KJE-HC10 隨貨附發票及保固貼,4.9,12,23,$780
242,蝦皮優選Kolin 歌林-隨行杯果汁機(KJE-HC10),5.0,4,7,$699
243,蝦皮優選(吉賀)大家源 隨行杯果汁機 400ml 行動果汁機 果汁機 攪拌機 研磨機 料理機 TCY-6715 / 碎冰不可,5.0,43,74,$460
244,Fujitek富士電通冰沙果汁機FT-LNJ02,4.9,11,20,$650
245,折扣碼EXCL0615小米正貨 17PIN星果杯 玻璃杯果汁機 健身房高蛋白杯,4.9,338,611,$790
246,免運+一年保固+24H出貨【小太陽專業蔬果調理冰沙機】果汁機 研磨機 電動果汁機 攪拌機 冰沙機 調理機,5.0,50,93,"$1,299 - $3,499"
247,蝦皮優選台灣現貨附發票★不鏽鋼 手動 榨汁機 水果 手壓 壓汁器 檸檬夾 手動榨汁器 檸檬榨汁器 不鏽鋼手動榨汁器,5.0,8,17,$69
248,飛利浦果汁機配～刀座、玻璃杯(適用HR2095、HR2096),5.0,25,39,$600
249,送清潔刷+免運+一年保固+24H出貨【歌林隨身杯冰沙果汁機】果汁機 隨行杯 冰沙機 果汁機杯 果汁 榨汁機【AB245】,5.0,9,21,$649
250,送清潔刷+免運+一年保固+24H出貨【歌林隨身杯冰沙果汁機】果汁機 隨行杯 冰沙機 果汁機杯 果汁 榨汁機,5.0,35,49,$649
251,【圓臻】御膳坊日式營業用拋光壓汁機 A600S 榨汁器 取汁器 檸檬壓汁器 果汁機 壓汁器,4.9,14,26,$240
252,日本麗克特 復古果汁機（1機2杯）-綠,5.0,3,6,"$1,180"
253,蝦皮優選【現貨 免運費！半年保固 贈杯刷】USB隨行果汁機 500ml 電動榨汁機 維他命 行動果汁杯 調理機 豆漿機,4.9,545,"1,022",$699
254,🌞當天出貨➕免運🌞新生兒必備餐具組研磨碗榨汁機副食品製作食物調理,4.9,18,31,$45
255,飛利浦超活氧迷你果汁機配件(刀片/杯子/墊圈/蓋子)適用機型 HR2872/HR2874,5.0,35,75,$100 - $450
256,蝦皮優選隨身果汁機🔻免插頭 USB充電 戶外必備 隨行杯果汁機 榨汁機 果榨機 露營 野餐 旅遊 出國 榨汁杯 Vitamer,4.9,51,96,$745
257,全新第二代⭐️送杯刷⭐️VITAMER 維他命榨汁機 維他命榨汁杯 隨身 果汁榨汁機 果汁機 交換 禮物 電動 榨汁機,4.7,12,31,$699
258,快速出貨🚛= 王電 WO-2688 廚中寶料理機 （調理機.食物處理機.榨果汁機.冰沙機）,5.0,23,36,"$2,690 - $2,990"
259,蝦皮優選PHILIPS飛利浦 活氧果汁機HR2101 / HR-2101,4.9,45,69,$780
260,現貨 一年保固Fujitek富士電通 雙杯組 新款6隻刀片 隨行杯果汁機 600ml大容量 調理機 副食品機 豆漿機,4.9,51,131,$899
261,NAKASA 加熱破壁冷熱數位生機調理機 IB-1306 果汁機/料理機/豆漿機/磨豆機/破壁機/台灣製造安心有保障,4.9,20,27,"$4,750"
262,《小鹿本舖》手拉式切菜器多功能食物處理器易拉轉拉拉刀強力三刀頭手動蔬果調理機果汁機 手持料理棒切菜神器旋風切菜機拉繩式,4.7,169,414,$99
263,【BDS】不鏽鋼手動榨汁機 24H出貨【小全金選】不鏽鋼 手動 榨汁機 水果 手壓 壓汁器 檸檬夾 迷你榨汁器 柳丁壓汁,4.7,161,352,$10 - $37
264,蝦皮優選美國OSTER 不鏽鋼研磨罐/碎丁調理器 (BALL/隨行杯果汁機專用),4.8,34,59,$399
265,【免運費】飛利浦PHILIPS  飛利浦柳丁榨汁機 HR2738 / HR-2738,5.0,48,91,$730
266,官方授權通路+現貨 1機2杯 recolte 日本麗克特 Solo Blender Solen復古 果汁機 22道食譜,5.0,177,298,"$1,260"
267,蝦皮優選【一機二杯特惠組】美國 Oster ( BLSTMM ) Ball Mason 經典隨鮮瓶果汁機-五色可選 全新公司貨,5.0,321,547,"$1,580"
268,蝦皮優選美國 Oster ( BLSTMV ) 隨鮮瓶果汁機 BLSTMM 專用替杯 -六色可選,5.0,39,98,$330
269,蝦皮優選☆其欣小舖☆台灣現貨附發票～電動迷你榨汁機 可攜式電動果汁杯 迷你充電果汁杯 榨果汁 USB充電 果汁機杯 隨行杯,4.8,136,288,$249
270,蝦皮優選【有現貨】(可加購榨汁頭) 荷蘭公主 201851 不鏽鋼榨汁機 柳丁機 果汁機 可榨葡萄柚 柳丁檸檬,5.0,80,124,"$2,470 - $2,700"
271,蝦皮優選【Wowlook】Blendtec Total Blender Classic 調理機 果汁機,5.0,20,38,"$7,299"
272,蝦皮優選手刀價🌟台灣製造 430不鏽鋼 壓汁機 水果壓汁 榨汁機 榨汁器 壓汁機 果汁機 不銹鋼壓汁機 購物狂人,4.9,63,98,$200 - $230
273,✵◇▲果汁榨汁機膠圈配件 橡膠硅膠圈 刀頭蓋密封圈 杯蓋防漏皮圈 墊子,5.0,1,4,$134 - $154
274,蝦皮優選★小屁股玩具店 馬卡龍色 木製仿真鍋具/攪拌機/果汁機 仿真過家家 切切樂 木製廚房玩具 辦家家酒 過家家,5.0,1,4,$299 - $369
275,【YR】【爆款可擕式迷你家用榨汁機】便捷式多功能全自動榨汁杯充電果汁杯學生隨行杯果汁機隨身攜帶果汁機USB充電小型榨汁杯,5.0,2,9,$203
276,蝦皮優選OSTER隨心果汁機專用杯/隨行杯容量：600ml，可當一般的攜帶水杯,5.0,4,4,$320
277,【德馨美家生活館】✨便捷式全自動多功能隨身果汁機迷你水果榨汁機小型家用充電電動果汁機防水榨汁杯磁力充電果汁機,5.0,1,4,$413 - $459
278,台灣現貨 快速出貨 迷你小家電/仿真小家電/洗衣機/吸塵器/電熨斗/果汁機/熱水瓶/縫紉機/家家酒 商檢合格 胖寶寶玩具,5.0,7,31,$30 - $98
279,【公司貨 超取免運費】Kolin 歌林 健康隨行杯果汁機雙杯組 榨汁機 冰沙果汁機 調理機 豆漿機 Tritan 攪拌機,4.3,3,7,$589
280,3M優品❤WAIT等等S1隨身果汁杯小型便攜榨汁杯家用電動全自動果汁豆漿機迷妳等等榨汁機新渣汁分離Tritan,5.0,1,4,$910 - $959
281,蝦皮優選【玻璃瓶身】充電隨身米你果汁機 榨汁機 攪拌杯  電動果汁機 便攜式多功能USB充電果汁機,4.9,21,36,$299
282,【現貨日空版.單款銷售】Re-MeNT鮮榨果汁機專賣店(可選單款訂購或整套組優惠.一套9款),5.0,3,11,$130 - $150
283,★6葉最強版★台灣現貨 升級玻璃款★迷你便攜式果汁機 電動果汁杯 鮮菓炫冰杯 迷你鮮果榨汁機 嬰兒輔食機隨行杯電動果汁機,4.9,9,16,$28 - $288
284,💛 麗克特 recolte Solen復古果汁機專用玻璃瓶 RSB-3GJ 玻璃杯 含 把手 蓋子 杯蓋 300ml,5.0,5,9,$329
285,新上市【米塔mita 隨行杯果汁機】扭蛋拉霸隨行杯果汁機(隨行杯果汁機),5.0,3,5,$799
286,蝦皮優選2020新款 便攜式果汁機 電動果汁杯 鮮菓炫冰杯 迷你鮮果榨汁機 嬰兒輔食機 隨行杯電動果汁機,5.0,4,8,$350 - $480
287,【金品家電】達新牌電動榨汁機/柳丁機,5.0,2,5,$299
288,電動榨汁機 便攜式迷你家用果汁機 6葉刀頭電動榨汁杯 USB充電式隨身杯 多功能小型充電果汁杯 行動鮮汁機【現貨免運】H,5.0,5,5,$399
289,零件【 Kolin歌林果汁機 隨行杯】KJE-MNR571G/MNR5761專用 (無防滑膠條),5.0,10,19,$240
290,鋁合金手動榨汁機 水果榨汁機 檸檬榨汁機 柑橘榨汁機 重型手動榨汁機,5.0,3,5,$75 - $299
291,蝦皮優選大象生活館 鳳梨牌 果菜榨汁機/研磨機 零件/配件賣場 CL-003AP1/ CL-611AP /CL-010適用貴夫人,5.0,5,10,$200 - $500
292,麗克特Glass Blender Rico耐熱果汁機～型號RGB-1～限量免運,5.0,6,9,"$1,200"
293,蝦皮優選福利品【CORONA】拉霸隨行冰沙果汁機 拉霸果汁機 雙杯組 DC 調理機 果汁機 隨行杯 攪拌機 榨汁機,5.0,12,23,$790
294,Panasonic MX-XPT102-P隨形果汁機專用隨行杯（含杯蓋）,5.0,4,13,$400
295,【KINYO】多功能食物調理機/果汁機/健康很簡單(JC-13),4.9,7,14,$640
296,【Blade】GUQi谷其便攜電動果汁機 現貨 當天出貨 充電式榨汁機 隨行果汁杯 迷你果汁機,5.0,4,14,$490
297,★承諾生活館★熱賣Fujitek 富士電通 隨行杯果汁機 FT-JE100 強大馬力 650ml容量 吸管式扣蓋,5.0,13,20,$699
298,蝦皮優選【富士電通】冰沙果汁機 調理機 冰沙 榨汁機FT-LNJ02,4.9,10,16,$690
299,【現貨】 不鏽鋼手動榨汁機 不鏽鋼檸檬榨汁 不鏽鋼 檸檬 水果 壓汁器 手壓果汁 柳橙壓汁器 水果壓汁器,4.9,19,40,$49
300,台灣製造 不鏽鋼 果汁壓汁機 大 壓汁器 榨汁機 榨汁 檸檬 壓汁,5.0,14,21,$195
301,蝦皮優選福利品 歌林拉霸果汁機一機三杯 / CORONA拉霸果汁機一機雙杯 果汁機 隨行杯 冰沙果汁機 KJE-SD1907,5.0,88,150,$980
302,飛利浦活氧果汁機HR-2100/HR-2011、2000（配件類）,5.0,13,22,$100 - $280
303,(24H出貨/公司貨)PHILIPS飛利浦 活氧果汁機1.5L HR2101 HR2100 另售 HR2106,4.8,25,47,$888
304,蝦皮優選配件加購-玻璃梅森杯 【歌林】拉霸隨行冰沙果汁機 隨行杯 梅森杯 一機三杯 調理機KJE-SD1907,5.0,33,84,$60 - $300
305,飛利浦 超活氧果汁機 🍹🍹（3色） HR2100  (另售HR2101 有濾網),5.0,6,9,$880
306,《現貨$1400 附發票》Panasonic  MX-XPT102-P/W隨行杯果汁機 原廠保固,5.0,31,64,"$380 - $1,590"
307,[一機兩杯組]美國 Oster BLSTMM-BWH BALL經典隨鮮瓶果汁機 經典白  宅配免運,5.0,15,26,"$1,480"
308,400ML 攜帶型電動果汁機 親果杯 R976-40,5.0,17,29,$990
309,蝦皮優選✨現貨✨Viicup 隨身果汁機 隨行杯果汁機 USB果汁機 隨行榨汁機 隨行榨汁杯 嬰兒副食品 超強六刀,4.9,78,180,$150 - $499
310,【 台灣現貨 】 隨身果汁機 隨身榨汁機 隨行杯 USB果汁機 調理機 榨汁機 果汁杯 果汁機 冰沙 攪拌機,4.9,281,519,$350 - $640
311,【維嘉】御膳坊直立式壓汁機 果汁壓汁機 檸檬壓汁機 壓柳丁器 果汁器 手動榨汁機【CF-02A-32184】,5.0,8,14,$199 - $499
312,愛華 AIWA PJ-460 可充電攜帶型果汁機 USB充電,5.0,2,4,"$1,280"
313,不鏽鋼手動榨汁機 不鏽鋼 手動 榨汁機 水果 手壓 壓汁器 檸檬夾迷你檸檬榨汁機水果夾,4.8,47,103,$47
314,【貓咪下午茶】鳳梨牌 -專業級大口徑榨汁機(CL-003AP1)配件,5.0,20,65,$200 - $500
315,PS樂【CJ1823】不鏽鋼 柳丁 柳橙 檸檬 水果榨汁機 手動榨汁器 壓汁器,5.0,8,14,$63
316,MagicBullet NutriBullet Pro 900w 子彈旋風榨汁機 14件套組,5.0,13,24,"$3,980"
317,蝦皮優選☆亮亮晶品☆切切樂配件【木製 廚具系列】木製炒菜鍋 鐵鍋 湯鍋 燉鍋 平底鍋 菜板 菜刀 炒鏟 湯勺 木製果汁機 炒鍋,5.0,40,75,$80 - $235
318,蝦皮優選美國 Oster ( BLSTMM ) Ball Mason Jar 經典隨鮮瓶果汁機-五色可選,4.9,50,109,"$325 - $1,280"
319,果汁機 隨行杯 攜帶方便 公司貨WONDER旺德隨行杯果汁機 WH-M01J,5.0,21,32,$350 - $650
320,【24H出貨 現貨供應中】鍋寶 大容量調理機 碎冰機 果汁機  果菜機 攪拌機 冰沙機 (JF-1582-D),4.6,23,51,$759
321,不銹鋼手動榨汁器 檸檬夾檬汁橙汁器榨汁機家用擠檸檬器,4.9,54,98,$59
322,蝦皮優選大型果汁機專用 刀組 (30160) 西瓜機刀片 大型果汁機零件 西瓜機零件 巨無霸果汁機刀片 嚞,5.0,5,17,$740
323,👑熱銷商品👑仿真果汁機 電動仿真家電 小幫手榨水果機 仿真烤麵包機 仿真攪拌機 扮家家小家電,5.0,120,193,$180 - $450
324,蝦皮優選達新牌1公升電動榨汁機TJ-5660（防塵蓋，榨汁盤）※可超商取貨,4.9,34,62,$350
325,達新牌電動榨汁機TJ-5660,4.9,92,165,$380
326,小米有品 德爾瑪（Deerma）無線隨身果汁機 可攜式果汁機 無線充電便攜榨汁杯 迷你便攜無線榨汁杯,5.0,2,3,$579
327,超取 📌 台灣全新現貨 🚌 大家源 不鏽鋼果汁機 冰沙機 TCY-6735,5.0,2,5,$900
328,現貨原價250攪拌棒商用奶茶店沙冰機果汁機碎冰奶昔機破壁料理機配件沙冰棒TM760 TM780TM-767TWK-800,5.0,11,49,$125
329,泰美姐姐：女神迷妳果汁機現貨,5.0,2,3,$390
330,【現貨公司貨】Kolin 歌林 健康隨行杯果汁機雙杯組 榨汁機 冰沙果汁機 調理機 豆漿機 Tritan 攪拌機 水瓶,5.0,2,4,$580
331,【現貨 附發票】蝦皮優選《KRIA可利亞》超活氧二合一蔬果調理機/榨汁機/食物調理器/果汁機/攪拌機 GS-322-2,5.0,2,3,"$1,680"
332,蝦皮優選小米 博的bud便攜果汁杯 果汁機 榨汁機 小米有品 隨身果汁杯 現榨果汁機 小米正品,4.8,4,6,$499
333,🚚台灣現貨 MORPHY RICHARDS英國摩飛MR9800果汁隨行杯2代 小型榨汁杯 水果榨汁  便攜式 果汁機杯,5.0,2,3,$980
334,[鴻耀電器 • 生活館］歌林隨行冰沙果汁機（雙杯組）,5.0,1,5,$590
335,【現貨】紅果便攜式榨汁機家用水果小型充電迷你炸果汁機電動學生榨汁杯,4.5,2,3,$189 - $279
336,蝦皮優選【富士電通】多功能隨行杯冰沙調理機 果汁機 攪拌機 榨汁機 隨行果汁機 研磨 攪拌FT-JEM5725R,5.0,11,19,"$1,080"
337,🔥一杯兩蓋🔥【USB充電】隨身果汁機 攜帶型果汁機 榨汁機 果汁杯 果昔機 充電式果汁機,5.0,6,9,$129 - $499
338,〔家電王〕鳳梨牌 e世健康榨汁機 EX-301SS 食材免切 自動去籽削皮除渣 果汁機 打汁機 冰沙 慢磨機 水果,5.0,5,12,"$2,370"
339,日本 Vitantonio迷你隨行杯果汁機(蘋果紅) VBL-5B-RG 小V果汁機,5.0,2,7,$650
340,(預購)飛利浦 PHILIPS HR3556 超活氧調理機果汁機配件 隨行杯/隨行杯蓋子/隨行杯墊圈/隨行杯刀座,5.0,4,11,$150 - $230
341,【6月年中慶~廚房家電下殺優惠】飛利浦 活氧果汁機 HR2165 優於HR2101-HR2106,5.0,2,4,"$1,180 - $1,560"
342,蝦皮優選手動榨汁 多功能榨汁 兩用榨汁杯 檸檬橙子壓榨 400ml壓汁杯 水果壓榨機 西瓜壓汁器 果汁機 食品級安全材質,4.7,7,9,$55
343,富士電通 果汁機 榨汁機 隨身杯 單人果汁機 小型果汁機 雙杯組隨行杯果汁機 FT-JE110,5.0,1,5,$818
344,蝦皮優選Vitamer VT-005單售 隨身果汁機杯身（500ml),4.6,5,11,$340
345,[現貨] 象內人 不鏽鋼手動榨汁機 24H出貨 台灣現貨 不鏽鋼 手動 榨汁機 水果 手壓 壓汁器 檸檬夾,5.0,3,5,$76
346,📣東京電通 電動果汁機隨行杯 6/23出貨,5.0,3,5,$399
347,家用便攜式榨汁機 迷你榨汁杯 電動果汁機 奶昔杯 搖搖果汁杯,4.7,3,5,$174
348,全新!現貨!【美國Oster】Blend Active隨我型果汁機,4.0,2,4,$980 - $990
349,蝦皮優選大象生活館 鳳梨牌 研磨榨汁機/研磨機 零件/配件賣場GR-301L / CL-010 / CL-010適用貴夫人,5.0,4,16,$100 - $500
350,蝦皮優選不銹鋼手動榨汁機家用檸檬夾子擠壓汁器榨果汁機榨汁器檸檬壓汁器,4.7,9,19,$128 - $249
351,✨現貨✨6葉迷你榨汁機 便攜式多功能電動榨汁杯學生隨行杯果汁機 果汁機 usb充電 隨身杯榨汁機,4.8,5,9,$230
352,panasonic國際牌果汁機MX－V188專用杯座墊圈,5.0,3,8,$30
353,【迷你隨身電動榨汁杯】榨汁杯 榨汁機 果汁杯 水果榨汁 水果杯 便攜式 隨行杯 果汁機 迷你小型 電動榨汁杯,5.0,1,3,$249
354,PANASONIC國際牌隨行杯果汁機 MX-XPT102 附件隨行杯MX-SP1905 杯套MX-SP1906  免運費,5.0,4,5,$400
355,HAPPY小舖~【美國Oster】Ball Mason Jar 隨鮮瓶果汁機.專用替杯.梅森杯.隨身杯果汁機~送贈品!,5.0,1,3,$300
356,不鏽鋼手動榨汁機 不鏽鋼【限時免運】現貨 手動榨汁機 水果榨汁器 壓汁器 檸檬夾,5.0,2,3,$29
357,【實體店面公司貨 附發票】Kolin歌林 隨行冰沙果汁機 果汁機 榨汁機 果汁杯 隨行杯 調理機 冰沙 果汁,5.0,3,7,$649 - $788
358,【現貨！免運費！S1 隨行果汁杯】汁渣過濾器 USB 隨行果汁機 榨汁機 豆漿機 碎冰機 榨汁杯 調理機 豆漿機 搖搖杯,5.0,7,15,$50 - $798
359,PHILIPS飛利浦活氧果汁機玻璃杯適用HR2095/HR2096,5.0,6,11,$620
360,美國Cuisinart 蔬果鮮榨機/榨汁機 CJE-500TW 果汁機,5.0,5,8,"$2,950"
361,【 現貨 】 17PIN星果杯 隨身果汁機 小米果汁機 果汁機 行動果汁杯 調理機 豆漿機 高硼玻璃材質,4.8,5,10,$689
362,🐋 不鏽鋼手動榨汁機 不鏽鋼 手動 榨汁機 水果 手壓 壓汁器 檸檬夾 不銹鋼檸檬橙子擠壓器 迷你榨汁器 柳丁壓汁,5.0,10,20,$34
363,GETNTMAI廠家直銷 限時低價促銷 便攜式榨汁杯迷妳電動榨汁機果汁杯果蔬攪拌機 榨汁機 果汁杯 豆漿機,5.0,17,69,$552
364,☆楨豐☆兒童辦家家酒擬真玩具-吸塵器 果汁機 麵包機 電熨斗 熱水瓶 楨豐辦家家酒玩具 108.8.21,5.0,16,36,$69 - $139
365,450ml迷你榨汁機 果汁機 便攜式多功能USB充電榨汁杯 水果電動果汁攪拌杯,4.8,58,174,$384
366,廚房壓搗蒜神器 手動絞肉機 榨汁機 家用絞菜機打蒜機 姜末蒜泥器 小型攪蒜器攪碎 打碎菜餃子餡攪拌多功能切菜機不銹鋼刀頭,4.8,50,136,$105 - $229
367,【ELT 衣麗特】多功能隨行杯果汁機-雙杯超值組(ELT-139) 調理機 果汁機 一年保固 SGS檢驗合格,4.9,37,64,$850
368,Panasonic國際牌隨行杯果汁機 MX-XPT102(另有JJM-6200、TCY-6719、TCY-6715),5.0,1,3,"$1,300"
369,【現貨免運】小米 品羅隨手果汁機 便携式迷你榨汁機 家用水果小型充電電動榨汁杯 USB充電榨汁杯,4.9,33,60,$599
370,👏付保卡 保固1年👏 1機2杯 Oster-Ball Mason Jar 隨鮮瓶果汁機 碎丁調理器 研磨罐 打發器,4.9,52,133,"$330 - $1,469"
371,台灣現貨 6葉迷你榨汁機 玻璃款 便攜式多功能電動榨汁杯學生隨行杯果汁機 隨身攜帶  usb充電 隨身杯榨汁機,4.9,27,57,$259 - $299
372,【分期免運費】 TESCOM TM8800TW 果汁機 大型鈦金波紋刀 1000ml大容量 公司貨 TM8800,5.0,6,9,"$1,290"
373,伊萊克斯 Electrolux 設計家系列冰沙果汁機EBR7804S 福利品,5.0,5,6,"$2,680"
374,Panasonic國際牌1300ml玻璃杯果汁機(附研磨杯) MX-XT501-N,5.0,8,10,"$2,980"
375,蝦皮優選富士電通/ USB隨行果汁機 / 充電式 / FT-JER01/玻璃 / 防彈咖啡/攪拌/輔食,5.0,23,49,$600
376,【富士電通 隨行杯果汁機】【FT-JEA120】!!!僅剩餘研磨杯!!!,5.0,13,24,$300 - $350
377,Hopestone-兒童扮家家酒玩具 電動仿真小家電系列套裝 廚房多功能攪拌機/洗衣機/麵包機/果汁機 寶寶早教益智玩具,4.9,18,57,$115 - $216
378,【好評】御膳坊直立式壓汁機 果汁壓汁機 檸檬壓汁機 壓柳丁器 果汁器 手動榨汁機【CF-02A-32184】,4.7,9,17,$199 - $499
379,飛利浦樂活迷你果汁機 ❤️現貨❤️ HR2850,5.0,2,3,$750 - $988
380,[一機兩杯組]一美國 Oster BALL經典隨鮮瓶果汁機 BLSTMM 曜石灰 宅配免運,5.0,19,23,"$1,480"
381,🌟熱銷爆款 全新現貨 仿真 電動 多功能 廚房玩具 家電 果汁機 烤麵包機 電熨斗 攪拌機 烘衣機 吸塵器 微波爐,5.0,25,87,$169 - $250
382,蝦皮優選福利品【KINYO】多功能果汁機JR-20,4.8,6,10,$590
383,蝦皮優選【現貨】大象生活館【Fujitek 富士電通】多功能鮮榨果汁機FT-JE012 / FT-JE110 果汁機 榨汁機,4.9,277,479,$680 - $880
384,【現貨第二代（6刀片）】】USB6葉充電式隨行電動隨身果汁機 果汁杯 攪拌機 調理機 隨身杯 充電式榨汁機,5.0,3,13,$229
385,【鍋寶】 電動鮮果榨汁機 (GM-121-D),5.0,12,23,$750
386,【賣貴請告知】簡易型手動榨汁杯 手動榨汁器 柳丁機 果汁機 檸檬手壓榨果汁 量杯 附發票,5.0,21,37,$79
387,【貴夫人】健康食品調製機 CP-75S 生機食品 調理機 果汁機 果汁杯 榨汁機 料理機 蔬果機 養生調理 一年保固,4.9,51,84,"$1,370"
388,蝦皮優選大象生活館 附發票 EUPA 隨行杯果汁機TSK-9338(粉紅) 全新燦坤原廠公司貨 不含環境賀爾蒙-雙酚A,4.8,12,32,$250 - $499
389,【Earldom】BINGO迷你隨身電動果汁機 現貨 當天出貨 隨身瓶 USB充電 榨汁杯 攜帶式果汁機 果汁瓶,5.0,23,57,$350
390,2個日本軸承67-02刀組特價900含運 冰沙機 果汁機 調理機 67-02刀組 使用日本NSK軸承安裝 各大品牌可用,5.0,2,5,$900
391,🌱P&K優品館🌱居家必備手動 不銹鋼檸檬夾 家用手動榨汁機 水果榨汁檸檬壓汁器,4.8,20,96,$29
392,Panasonic 國際牌果汁機MX-XT701研磿杯墊圈,5.0,3,9,$50
393,BINGO迷你隨身電動果汁機 便攜 USB充電 邊走邊打 鮮果汁 榨汁杯 隨身杯 可攜式果汁機 2葉刀片 快速榨汁 現貨,4.8,140,339,$289
394,現貨(全新)recolte日本麗克特Solo Blender Solen復古果汁機 櫻花粉限定款 原廠公司貨 保固一年,5.0,72,108,"$390 - $1,390"
395,（全新品，可超商取貨付款）小太陽TM-766冰沙機，果汁機，料理機,5.0,43,73,"$2,550"
396,台灣出貨 果汁機 vitamer 榨汁機 冰沙 果汁 嬰兒 副食品 USB 維他命 上班族 台灣出貨 380ml 隨身,5.0,198,361,$580 - $610
397,蝦皮優選❤免運天天出貨附❤鳳梨牌 e世健康榨汁機 EX-301SS 果汁機 打汁機,5.0,50,76,"$2,680"
398,達新牌 1000cc電動榨汁機 TJ-5660/TJ-5630,5.0,45,79,$330
399,(公司貨) 鳳梨牌 e世健康 榨汁機 EX-101SS 台灣品牌 在地深耕20年 【24H出貨】,5.0,58,124,"$1,480"
400,PHILIPS 0.6L隨鮮杯超活氧迷你果汁機 HR2872 贈好禮 飛利浦(全店刷卡免運),5.0,3,6,"$1,080"
401,冰沙機 果汁機 調理機 杯子蓋子,4.9,19,39,$160
402,果汁機 冰沙機 調理機 攪拌棒 下半部長度23公分,5.0,59,141,$125
403,蝦皮優選(限量特價優惠)貴夫人1.5L生機精華萃取機 LS-588F/冰沙機/果汁機/豆漿機/調理機,5.0,14,29,"$3,980"
404,輕鬆打蛋🎩多用攪拌器🎩超省力 省時間 打奶泡 打果汁 打蛋器 果汁機 打蛋 雞蛋 進來坐工廠,4.9,15,35,$49
405,蝦皮優選PHILIPS 飛利浦榨汁機 柳丁柳橙葡萄柚適用 HR2738 / HR-2738,5.0,30,72,$688
406,NutriBullet 600w 子彈旋風榨汁機,5.0,27,44,"$2,980"
407,((福利趣))★福利品★美國 OSTER Ball 經典隨鮮瓶 果汁機替杯 BLSTMV (六色可選) 超取最多可4個,4.8,12,19,$300
408,【電器宅急便】鍋寶 1.5L玻璃杯果汁機 JF-1582-D,4.9,35,61,$715
409,Kolin歌林大馬力(500W強力馬達)冰砂隨鮮杯果汁機(雙杯組) JE-LNP14-1,5.0,224,394,"$1,280"
410,［此為止水橡皮圈賣場］🎈公司總代理🎈Tweety 隨身杯果汁機、料理機,5.0,49,263,$50 - $100
411,蝦皮優選新潮流食品調理機-果汁機 TSL-122 (輕巧版 主機+果汁杯) (冰沙~豆漿~精力湯),4.9,37,68,$530
412,隨行杯+玻璃梅森杯 recolte 日本麗克特 Solo Blender Solen復古 果汁機 22道食譜 RSB-3,5.0,13,21,"$1,260"
413,阿事的店~KA066-01 ST檸檬機-中 果汁壓汁機 不鏽鋼果汁壓汁機 (中) 榨汁機 壓汁器 榨汁器 檸檬機,5.0,25,47,$186
414,蝦皮優選新潮流食品調理機 TSL 122 果汁杯 單購下標區    果汁機-冰沙機 (冰沙~豆漿~精力湯),5.0,52,106,$230
415,蝦皮優選【公司貨／附發票】美國 OSTER Ball Mason Jar 隨鮮瓶果汁機 BLSTMM 梅森瓶 隨身杯果汁機,5.0,489,789,"$1,300"
416,PHILIPS飛利浦果汁機專用果汁杯.杯子.刀座.杯蓋.濾網~適用HR2100,4.7,17,45,$80 - $350
417,美國 OSTER-Ball Mason Jar隨鮮瓶果汁機替杯(藍) BLSTMV-TBL,5.0,23,47,$330
418,妮妮生活館 - 手動榨汁機,5.0,30,50,$50
419,蝦皮優選『大牌』新手搖式 製麵機 榨汁機附五個壓麵模板(壓麵機麵條空心麵通心麵果汁機. 做米台目,4.9,44,82,$195
420,無線便捷 30秒自動完成 充電式果汁機  榨汁杯戶外隨行杯 便攜式果汁機 充電無線 榨汁杯大 六葉大功率,5.0,1,2,$10 - $350
421,德國破壁機全自動加熱家用無渣豆漿機養生料理機多功能榨汁機正品,5.0,2,2,"$1,608 - $1,872"
422,Toffy真空果汁機 現貨,5.0,1,4,$688
423,【上位電器✽免運✽Panasonic國際牌】1.8公升玻璃杯果汁機MX-V288(白色),5.0,5,6,"$2,150"
424,≈多元化≈附發票 KINYO 迷你隨行杯果汁機 JR-18 果汁機,5.0,1,2,$450
425,【現貨促銷】跨境有V青年榨汁杯vitamer多功能無線便攜式榨汁機創意果汁機禮品,5.0,3,3,$350
426,Meet Juice 隨身果汁機,5.0,2,4,$320
427,★【新賣場挑戰果汁機最低價499起】☆《思樂誼SANOE》 隨行杯果汁機(附研磨杯)-B102 綠拿鐵、健身,5.0,9,11,$99
428,蝦皮優選宜室怡家~(現貨)不鏽鋼手動榨汁機檬汁橙汁器手動 榨汁機 水果 手壓 壓汁器 檸檬夾榨汁機家用擠檸檬器-TW32,5.0,1,2,$99
429,蓉媽現貨在台灣  最強六刀頭+玻璃瓶身果汁機可USB充電,5.0,9,17,$279
430,【6葉最強榨汁機】現貨 果汁機隨行杯 榨汁機 果汁機 隨行杯 電動榨汁機,5.0,2,4,$118 - $219
431,蝦皮優選［現貨］不銹鋼迷你手動榨汁機家用檸檬夾子擠壓汁器橙子壓榨水果汁榨汁器,4.0,1,2,$69
432,<全新正品現貨>英國皇太太便攜式榨汁機家用水果小型充電迷你榨汁杯電動榨汁果汁機,5.0,2,4,$359
433,【 現貨 】 手動榨汁器 不鏽鋼榨汁器 手動榨汁機 不鏽鋼榨汁機 水果榨汁器 手壓果汁 手動榨汁器 檸檬夾 壓汁器,5.0,3,5,$55
434,【實拍給你看-現貨免運費】隨身果汁機 果汁機隨行杯 隨行果汁機 電動榨汁機 電動攪拌 調理機 果汁機 隨行杯,5.0,2,2,$599
435,☬◆☋Ergo Chef My Juicer1/2代榨汁機刀頭杯蓋墊圈橡膠皮圈密封硅膠圈,5.0,1,2,$154
436,榨汁機配件，粗濾網，Hurom HH-SBF11 HU-19SGM攪拌機,5.0,1,4,$270
437,(YOYO柑仔店) Fujitek 富士電通 不銹鋼#304  圓弧孔徑設計 果汁機 蔬果 鮮榨 萃取機FT-JE200,5.0,1,2,$815
438,尚朋堂 玻璃杯果汁機 1700C.C(SJ-1788)[大買家],5.0,2,2,$835
439,[福利品] SAMPO聲寶 1.5L 玻璃杯果汁機 KJ-SC15G 廠商直送 現貨,3.0,2,4,$790
440,蝦皮優選馬卡龍USB便攜式果汁機隨行杯【蝦皮團購 】免運 果汁機 榨汁機 USB果汁杯 果汁隨行杯 鮮榨果汁 榨汁杯,5.0,1,2,"$559 - $2,036"
441,康是美 嚕嚕米 第一波商品 和MOOMIN一起生活吧 風格袋 抱枕毯 寢具組 後背包 慕敏 果汁機 馬克杯 小夜燈,5.0,16,32,$239 - $449
442,【免運 公司貨】Kolin 歌林 隨鮮杯果汁機 雙杯組 梅森玻璃杯 梅森杯 榨汁機 調理機 豆漿機 隨行杯 榨汁機,5.0,1,2,$860
443,【富士電通】 FT-JE110 隨行杯果汁機 Fujitek 雙杯組果汁機/榨汁機/親果杯 【蘑菇蘑菇】,5.0,3,3,$855
444,隨身型果汁機，隨身型果汁機,5.0,1,2,$150
445,果汁機 榨汁機 料理機 隨身型果汁機 小型果汁機 電動榨汁杯,5.0,2,2,$399
446,木製廚房早餐扮家家酒玩具 咖啡機 小烤箱 麵包機 榨汁機 木製家電玩具 木質仿真廚房玩具套裝 DIY下午茶,5.0,2,5,$152 - $452
447,超級組合 巴西莓組合＋果汁機優惠組 4種顏色可挑選 100%純巴西莓粉 巴西亞馬遜 超級水果 天然健康 現正優惠 現貨,5.0,1,2,"$1,720"
448,✿【Sanoe思樂誼B42超活氧果汁機】與貴夫人LS-528同系列　550W超大功率　打豆漿、冰沙／家庭自用贈禮最佳首選,5.0,2,4,$788
449,發票+保固一年  KOLIN歌林 隨行杯冰沙果汁機(單杯)KJE-MNR571G,5.0,2,3,$609
450,【現貨】USB攜帶式果汁機300ml USB充電 無線攜帶式 S型雙葉刀片設計 防水設計 迷你果汁機 小型果汁機,5.0,3,4,$499
451,今日特價 便攜式果汁機 電動榨汁機 隨行杯果汁機 USB充電榨汁機 迷你果汁機 榨汁機 榨汁杯 小米有品 德爾瑪原廠正品,4.8,4,10,$528
452,◤A級福利出清品‧限量搶購中◢ 【SAMPO 聲寶】不鏽鋼隨行杯果汁機 KJ-TA05T,5.0,2,4,$799
453,[戶外家]不鏽鋼 檸檬榨汁器 手動榨汁機 水果榨汁器 壓汁器 壓檸檬汁[H53],5.0,3,5,$49
454,✨軒媽咪 榨汁機 檸檬榨汁器 柳丁壓汁器 手動榨汁 不銹鋼檸檬機 家用檸檬機迷你榨汁器 創意擠橙汁,5.0,2,5,$329
455,現貨超值價💕不鏽鋼手動榨汁機 手動榨汁機 水果榨汁器 檸檬夾 迷你壓汁器 不銹鋼檸檬榨汁器 柳丁壓汁器 檸檬壓汁器,5.0,4,8,$60
456,英國 摩飛 MORPHY RICHARDS 隨行杯果汁機 果汁機隨行杯 果汁機 隨行果汁機 迷你果汁機 榨汁機 榨汁杯,5.0,2,5,$799
457,歌林隨行杯果汁機(雙杯組)JE-LNP15,5.0,2,2,$500
458,<睿米生活>小米17PIN星果杯 果汁機 便攜榨汁 400ml大容量 滿電可榨15杯 磁吸式充電 隨地鮮榨 隱藏刀頭,5.0,2,2,$599
459,榨汁機配件 適合MB1001榨汁機刀座 十字刀座,5.0,1,2,$78
460,(免運)MAYLINK美菱 多用生機蔬果調理果汁機 GS-319【聖家家電舘】,5.0,1,2,"$1,680"
461,KINYO 迷你隨行杯果汁機 電動榨汁機+環保杯 二合一 方便快速 攜帶外出 蔬果汁調理機 果汁杯 自動果汁機 ARZ,5.0,3,7,$549
462,【-現貨速發-公司貨-】飛利浦 活氧果汁機 HR2165,5.0,6,10,"$1,349"
463,攪拌棒商用奶茶店沙冰機果汁機碎冰奶昔機破壁料理機配件 沙冰棒.288,5.0,1,2,$95 - $238
464,🌟東京電通🌟電動果汁機隨行杯現貨喲～(^^),5.0,1,2,$420
465,【玻璃雙杯】迷你榨汁機家用便攜式水果攪拌機料理機 學生宿舍小型USB充電電動迷你榨汁杯機輕量隨身杯榨汁杯果汁杯450ml,3.7,3,4,$421 - $492
466,PHILIPS 渦輪氣旋健康氣炸鍋 HD9642+活氧果汁機贈煎烤盤+烘烤鍋+防噴油上蓋+新食譜書+繽紛果漾隨手瓶,5.0,3,5,"$9,888"
467,🔥正品2020新款 摩飛Morphy無線充電榨汁杯 MR9800 無線充電迷你果汁杯 小型便攜式果汁機 家用水果榨汁機,5.0,3,4,$798
468,蝦皮優選🏡破壁機👪【德國品質】新款 智能 全自動豆漿機 加熱 榨汁機 家用料理機  果汁/豆漿機 免運 現貨🛫,4.4,9,18,"$2,159"
469,蝦皮優選手拉式高速旋轉碎菜機 迷你備料料理機 蔥薑蒜辣椒絞碎機 絞碎器 絞蒜器 切菜機 榨汁機【AH0414】《約翰家庭百貨,5.0,9,17,$229
470,【現貨贈杯刷】🍓Vitamer 隨身杯榨汁機 500ml 隨行杯果汁機 USB果汁機 充電榨汁機 電動隨身果汁杯🥝,5.0,1,2,$640
471,【現貨】Vitamer榨汁杯 維他命夢想家電動果汁杯 便攜usb充電水果攪拌杯 果汁機隨手杯,5.0,2,9,$9 - $323
472,【現貨免運】手動榨汁機 橙汁水果小型土豆壓泥器 迷你學生橙子壓汁機 家用橙汁機,5.0,2,2,$53
473,莫妮卡之家-亞力西沙冰機商用奶茶店碎冰機榨汁機刨冰機冰沙機破壁料理機家用 220V,5.0,1,2,"$2,880"
474,蝦皮優選便攜式榨汁機 家用迷你榨汁機 電動榨汁杯 小型水果榨汁機 多功能果汁機 學生宿舍充電果汁杯,5.0,3,7,$399
475,（台灣現貨） 創意手動擠壓器 榨汁器 檸檬榨汁器 水果擠壓器 寶寶輔食鮮果壓榨汁機 手壓榨汁器,5.0,12,17,$165
476,【台灣倉庫現貨】行李箱電動廚房組 果汁機行李箱 扮家家酒 廚具組 手拉箱廚房組 兒童禮物(超商單筆限購一組),5.0,22,55,$380
477,蝦皮優選現貨 Vitamer(400ml)隨身杯榨汁機/USB果汁機/隨身果汁機/迷你果汁機,5.0,1,3,$245 - $520
478,【限時搶購】阿伯尼瑞榨汁機 可攜式果汁機 迷你便攜充電 小型全自動蔬菜學生多功能電動水果杯 電動果汁杯,5.0,1,5,$121 - $236
479,小功率果汁機迷你榨汁機便攜式果汁機迷你果汁機無線榨汁機 便攜榨汁機充電式小型電動水果汁迷你料理杯型破壁機,5.0,1,4,$222 - $230
480,榨汁機 榨汁杯 電動果汁杯 【現貨】6葉榨汁杯 USB充電式果汁杯 USB榨汁機 嬰兒輔食機隨行杯電動果汁機,5.0,6,25,$339
481,【超取免運 公司貨】TESCOM 果汁機 TM8800 果汁杯 調理機 電動榨汁機 豆漿機 TM8800TW 冰沙,5.0,2,6,"$1,180"
482,FUN先生的生活志 原創優品 小麥手動榨汁器 廚房用品 可愛卡通榨汁機 手動榨汁機 果汁機 原汁機 寶寶水果榨汁器,4.7,7,17,$60
483,榨汁機 果汁杯電動果汁機 USB充電式隨身果汁杯 6葉刀頭  移動榨汁機 行動鮮汁機  隨行果汁機  研磨機【免運現貨】,4.9,25,45,$339
484,【現貨 免運費！S1 隨行果汁杯】獨家汁渣分離 USB 隨行果汁機 榨汁機 豆漿機 冰沙 榨汁杯 調理機 豆漿機 奶瓶,4.8,4,5,$45 - $850
485,【6月年中慶~廚房家電下殺優惠】飛利浦 Daily Collection果汁機 HR2105 HR2106,4.6,5,8,"$1,070 - $1,650"
486,蝦皮優選【現貨 免運費！S1 隨行果汁杯】專利 汁渣分離系統 USB 隨行果汁機 榨汁機 豆漿機 冰沙 榨汁杯 調理機 豆漿機,4.8,35,84,$50 - $850
487,一年保固+24H出貨【Kolin歌林鮮活榨汁機1.2L】果汁機 榨汁機 電動果汁機 果汁隨行杯,5.0,11,27,$599
488,一年保固+24H出貨【Kolin歌林鮮活榨汁機1.2L】果汁機 榨汁機 電動果汁機 果汁隨行杯,5.0,14,23,$599
489,蝦皮優選《24H出貨-廚房專區》時尚簡約隨身果汁機蔬果機,5.0,6,9,$499
490,可面交🎉台中現貨🎉限時免運USB隨行果汁機,4.9,16,33,$674
491,蝦皮優選❤新品❤110V台灣電壓 家用破壁機 料理機 商用攪拌碎沙冰機 豆漿機 果汁機 嬰兒輔食機,5.0,18,28,"$1,712"
492,【大家源】3合一多功能隨行果汁機 研磨機 一機雙杯外出方便要磨 要打隨便你TCY-6719/TCY-6715【蘑菇蘑菇】,5.0,13,26,$249 - $980
493,小米有品旗下 Pinlo隨手果汁機 無線充電榨汁機 易清洗 斷電保護 小巧便攜 品羅 小怪獸 小型電動榨汁杯,5.0,12,26,$679
494,美國 OSTER Ball 經典隨鮮瓶 果汁機 台灣總代理公司貨.. 型號:BLSTMM  保固一年. 2020年全新品,5.0,166,260,"$1,050"
495,"舒活購 mx-v188 國際牌果汁機的""果汁杯""【只有杯子】",5.0,4,5,$600
496,蝦皮優選手磨豆漿機OLD57 手搖式豆漿機 手動豆漿機 新鮮豆漿DIY 多功能手動豆漿機手搖豆漿機Q版榨汁器手工榨汁機豆漿器GO,5.0,6,20,$39
497,Fujitek富士電通 隨行杯果汁機 YH-J002,1.0,1,2,$619
498,蝦皮優選[現貨] 不鏽鋼手動榨汁機  台灣現貨 不鏽鋼 手動 榨汁機 水果 手壓 壓汁器 檸檬夾,4.9,12,26,$65
499,蝦皮優選💥現貨💥 日本正版 角落生物 造型筆蓋 鉛筆蓋 筆蓋 筆套 筆帽 果汁機 恐龍 貓咪 炸豬排 SAN-X 《樂添購》,5.0,8,21,$85
500,★Happy★-檸檬夾子手壓汁器 手動小型榨汁機 迷你家用炸擠汁 擠壓取汁 水果橙汁擠壓器,4.7,21,30,$59
501,蝦皮優選Vitamer 隨身 果汁杯 果汁機 榨汁杯 打汁機 調理機 冰沙機 迷你果汁機 研磨杯 嬰兒副食品 水果,4.1,7,18,$799
502,蝦皮優選Berry嚴選    日本製 SANADA 手動式榨汁機 檸檬榨汁機 柳橙榨汁機 家庭式榨汁機 嬰兒副食水果榨汁 壓汁機,5.0,9,20,$59
503,《日樣》現貨 不銹鋼檸檬壓汁器 不鏽鋼 手動 榨汁機 水果 手壓 壓汁器 檸檬夾 鮮榨 手榨 果汁,4.9,41,67,$60
504,現貨當天發下殺30組福利 德國朋森 果汁機 榨汁杯維他命榨汁機 隨身可攜式 水壺 USB充電 果汁杯 電動迷你蔬果攪拌機,4.9,18,34,$643 - $740
505,【 無名包裹 】 隨身果汁機 隨身榨汁機 隨行杯 USB果汁機 調理機 榨汁機 果汁杯 果汁機 冰沙 攪拌機,5.0,31,63,$350 - $640
506,[龍龍3C] OSTER 隨我型 隨行杯 果汁機 BLST120,5.0,1,2,"$1,290"
507,飛利浦PHILIPS果汁機專用配件HR2000系列/HR1720杯子共用,5.0,3,7,$100 - $500
508,♔愛兒樂園♔【現貨】依旺 木製果菜機 木製蔬果機 果汁機,4.9,7,14,$650
509,含稅附發票 大家源 TCY-6715 隨行杯 果汁機 400ml 不鏽鋼刀片 防漏密封杯 一鍵開關 杯體不含雙酚A,4.9,19,36,$499
510,尚朋堂隨行杯果汁機 SJ-0600,5.0,2,2,$600
511,果汁機 冰沙機 調理機 刀組拆卸工具，Vitamix 的請看說明。,5.0,9,10,$120
512,蝦皮優選兒童扮家家酒玩具 兒童電動仿真小家電 家家酒 洗衣機 咖啡壺 吸塵器 果汁機 微波爐 家電玩具 廚房玩具 仿真家電,4.9,85,267,$180 - $250
513,大金餐飲設備~~~全新7L果汁機/商用大型果汁機/營業用果汁機/蒜泥/辣椒泥/各種蔬菜水果均可使用/1HP,4.8,5,8,"$7,500"
514,達新牌 電動榨汁機 TJ-5660,4.9,10,16,$320
515,【日本同步】2入一組! 清潔刷 海綿 海棉 細縫 縫隙刷 洗碗機 排水口 保鮮盒 便當盒 保溫瓶 水壺 果汁機 飯鍋,5.0,16,43,$79 - $99
516,日本 Toffy 時尚小家電 三合一 多功能 食物調理機 果菜調理機 料理機 果汁機,5.0,2,6,"$1,990"
517,蝦皮優選滿額免運 現貨 【充電式電動果汁杯】隨身果汁機 電動果汁機 隨行杯果汁機 榨汁機 攪拌機 隨手杯 隨身杯 調理機,5.0,6,7,$399
518,【現貨 免運費！健康隨身果汁機+送吸水擦拭巾】電動果汁機 隨身隨行杯果汁機 榨汁機 攪拌機 隨手杯 果汁杯 調理機豆漿機,4.8,88,157,$199 - $399
519,gogoven 手動榨汁機 家用榨汁機 迷你果汁 榨汁機 兒童 副食品果汁機 榨汁機 迷你榨汁機 兒童果汁機 果汁機,5.0,3,4,$99
520,~貨源充足~(假日促銷)大家源隨行研磨果汁機 TCY-6719,4.8,24,38,$850
521,蝦皮優選台灣現貨 24H內出貨 榨汁器 不鏽鋼手動榨汁機 不銹鋼手動榨汁機 水果手壓榨汁器 檸檬柳丁壓汁,5.0,10,26,$68
522,【蝦幣回饋】美國漢美馳健康榨汁機67608-TW 電動榨汁機 分期0利率,5.0,18,29,"$2,780"
523,PHILIPS飛利浦 果汁機 HR2105.HR2106 專用配件/耗材~杯蓋.玻璃杯.刀座.墊圈.研磨杯~,4.9,10,25,$180 - $700
524,🍁400ML 迷你隨身電動果汁機 便攜 USB充電 邊走邊打 鮮果汁 榨汁杯 隨身杯 可攜式果汁機,4.8,10,22,$249
525,Jamie Oliver果汁機~隨行杯刀頭（內附膠圈）,5.0,9,18,$420
526,攪拌棒 冰沙機，果汁機 調理機 攪拌棒，下半段14公分,5.0,12,19,$180
527,全新未拆 EUPA 隨行杯果汁機 TSK-9338,5.0,29,53,$419
528,蝦皮優選現貨-不銹鋼手動榨汁機 水果手壓榨汁器 檸檬柳丁壓汁器 檸檬夾【B042】『蕾漫家』,5.0,8,17,$75
529,全新 不銹鋼 手動 榨汁器 檸檬擠壓器 檸檬汁 萊姆汁 手壓榨汁機 果汁機 果汁器,4.8,28,44,$118
530,Jamie Oliver 果汁機專用隨行杯(不含杯蓋，杯蓋另外購買）,4.9,70,164,$140
531,【JKL美國代買】- Omega J8006 Nutrition Center Quiet  慢速榨汁機,5.0,2,16,"$12,000"
532,(有現貨)(可7-11取貨付款)大家源TCY-6715 隨行杯果汁機 ~果汁機+隨行杯二合一設計,5.0,18,34,$499
533,蝦皮優選萱妮小舖USB果汁機 單獨杯身下標處  非整組機器,5.0,41,73,$300 - $360
534,[一機兩杯組]美國 Oster BLSTMM-BBK BALL經典隨鮮瓶果汁機 爵士黑 宅配免運,5.0,20,43,"$1,480"
535,[有貨] 附發票 ◎電器綱拍批發◎ 鍋寶1500cc玻璃杯果汁機 JF-1582-D,4.8,13,17,$715
536,飛利浦活氧果汁機HR2100,4.8,37,80,$650 - $700
537,蝦皮優選手工壓汁器 榨檸器 家用簡易水果壓榨器  迷你手動檸檬榨汁器 水果橙子榨汁機 烘焙工具,4.9,64,107,$59
538,【限時特價】recolte 日本麗克特 Solen 果汁機 蘋果紅 沁澄橘 樂活綠 櫻花粉 希臘藍3,5.0,31,57,"$1,360"
539,飛利浦 檸檬/柳丁電動榨汁機 HR2738,5.0,16,32,$550
540,全新 鍋寶😊多功能蔬果研磨機MA-6208/MA-6206YL/MA-6207P 果汁機 調理機 豆漿機 保固一年,4.8,36,83,$990
541,蝦皮優選鍋寶 1600CC 大容量碎冰 果汁機 JF-1602,4.8,12,22,$806
542,48H出貨/新潮流食品調理機/料理棒/攪拌棒/打蛋機/ TSL-177 食物調理棒 果汁機~冰沙~嬰兒副食~打泥,4.9,47,78,"$1,050"
543,全家福 1800c.c營業用果汁機 MX-818A,5.0,8,8,"$1,080"
544,recolte 日本麗克特｜Solen 果汁機 專用隨行杯 RSB-3BT,5.0,23,58,$365 - $600
545,小太陽 果汁機 調理機 蘑菇頭,5.0,22,44,$120
546,PRINCESS-荷蘭公主隨行冰鎮杯果汁機 212065,5.0,6,12,"$1,280"
547,美國OSTE RBlend Active隨我型果汁機 專用替杯BLST120V替換杯三色 ※原廠全新公司貨,5.0,7,10,$450
548,現貨(全新)1機2杯(台灣公司貨才含22道食譜)recolte日本麗克特 RSB-3 復古果汁機 原廠公司貨 一年保固,5.0,10,13,"$390 - $1,390"
549,聲寶 隨行杯果汁機(三杯組) KJ-L13061L,4.9,38,58,$780
550,蝦皮優選【超越巔峰】美國OSTER Ball Mason Jar BLSTMM隨鮮瓶果汁機 替杯BLSTMV 梅森罐 梅森瓶,5.0,190,356,$300
551,PRINCESS荷蘭公主 隨行冰鎮杯果汁機/霧黑 212065,4.9,17,40,"$1,200"
552,蝦皮優選❤天天出貨附發票❤思樂誼 SANOE 隨行杯 (單杯) 碎冰 果汁機 B101 隨身杯 果汁杯,5.0,164,292,$650
553,【 全新公司貨】Panasonic 國際牌 多功能果汁機MX-V188  營業用1800ml 刀座杯..杯蓋.材料詢問,5.0,80,136,$400 - $760
554,BO雜貨【SV8134】304不鏽鋼果汁壓汁機-中 手壓汁機 檸檬榨汁機 各種蔬果壓榨,5.0,6,12,$239
555,YK-320永久牌多功2500cc冰沙強力營業用果汁調理機 果汁機 YK-360已停產 剩下320  馬達是一樣的,5.0,24,51,"$1,580"
556,東元TECO多功能研磨隨行杯果汁機XYFXF9310,5.0,38,70,"$1,280"
557,PHILIPS飛利浦活氧果汁機HR2100/HR-2100,5.0,1,3,$699
558,貴夫人果汁機多功能食物調理機 CP-75S 果杯組~果汁杯,4.9,38,84,$490
559,蝦皮優選(免運) 全家福果菜榨汁機 MX-757 汁渣分離 110V 300W 60Hz 馬達自動斷電-【便利網】,4.9,32,50,"$2,369"
560,KRIA可利亞 超活氧二合一蔬果調理機 榨汁機 GS-322-2,5.0,15,20,"$1,980"
561,蝦皮優選王電廚中寶 WO-2688 WT-1688 WT9308 料理機 果汁機 專用料理杯 含上蓋,4.9,56,112,"$480 - $1,680"
562,【FL生活+】TSL新潮流健康食品調理機(TSL-122)全新改版大全配~果汁機~打泥~研磨~2萬轉,4.9,77,121,$790
563,A2745 不鏽鋼手壓榨汁機/壓汁機/榨汁器/擠汁器/柳丁汁/檸檬汁/取汁器/,4.9,90,175,$69
564,蝦皮優選~【歐斯樂】玻璃杯碎冰果汁機(HLC-737),5.0,13,21,$670
565,美國 OSTER Ball Mason Jar隨鮮瓶果汁機替杯(紅) BLSTMV-TRD,5.0,14,36,$330
566,~現貨充足~(免運)大家源 TCY-6735 碎冰果汁機,5.0,5,8,$990
567,配件材料區【 全新公司貨】Panasonic 國際牌 多功能果汁機MX-V188  營業用1800ml 刀座杯..杯蓋.,5.0,83,195,$50 - $250
568,▧格立高榨汁機便攜電動格力高攜帶自動迷你充電杯式小型家用榨汁杯,5.0,1,1,"$854 - $1,235"
569,創意圓鼻子手動絞肉機碎肉機碎肉寳手動料理機寶寶輔食機多功能料理機手動榨汁機家用迷你攪碎機蒜泥器包水餃碎菜機迷你絞肉機,5.0,2,2,$316
570,🌈G&S微生活館🌈不銹鋼手動榨汁器 檸檬夾檬汁橙汁器榨汁機家用擠檸檬器,5.0,1,2,$46
571,🔥迷你榨汁機 果汁機 電動果汁杯 隨行杯 電動果汁機 【貴陽市賣得好】歐覓榨汁機家用便攜式水果學生宿舍小型充電動迷你榨,5.0,2,3,$370 - $498
572,【小米特賣】小米 博的bud便攜果汁杯 果汁機 榨汁機 小米有品 隨身果汁杯 現榨果汁機 小米正品,5.0,1,1,$499
573,蝦皮優選爆款可擕式迷你家用榨汁機 便捷式多功能全自動榨汁杯 充電果汁杯 學生隨行杯 隨身攜帶果汁機USB充電小型榨汁杯,5.0,1,3,$398 - $488
574,手拉絞肉機傢用小型攪拌機榨汁機多功能絞餡機900ml手拉式碎菜器,5.0,1,1,$175
575,巴西莓粉＋充電式隨行果汁機優惠組 4種顏色可挑選 100%純巴西莓粉 巴西亞馬遜 超級水果 天然健康 現正優惠 現貨,5.0,2,2,"$1,520"
576,Panasonic 隨行杯果汁機 MX-XPT102-P/W(粉色/白色),5.0,4,5,"$1,250"
577,蝦皮優選配件加購-玻璃梅森杯 【歌林】拉霸隨行冰沙果汁機 隨行杯 梅森杯,5.0,7,23,$60 - $300
578,世界百卖场不銹鋼果汁鼎單頭雙頭三頭冷飲機飲料桶自助餐咖啡果汁機容器商用,5.0,1,1,"$1,270 - $2,970"
579,絞肉機 榨汁機 碎肉機 絞肉器 碎菜器 家用多功能嬰兒食物料理機輔食機多功能絞肉機家用手動絞菜機攪肉料理機攪餡機器,5.0,1,2,$134 - $238
580,【z7青青家電】220v大容量榨汁機 果汁機 家用大容量果汁機 多功能榨汁機 大容量1.5L,5.0,1,1,$460 - $558
581,蝦皮優選【現貨日空版.單款銷售或整套組優惠.一套9款】Re-MeNT鮮榨果汁機專賣店(可選單款訂購或整套組優惠.一套9款),4.5,8,18,$130 - $150
582,recolte 耐熱果汁機 麗克特Glass Blender Ric型號RGB-1,5.0,2,2,"$1,200"
583,PHILIPS飛利浦 果汁機 HR2173、HR2106 專屬配件,5.0,7,7,$200 - $700
584,手動不鏽鋼壓榨機柳丁檸檬手動榨汁器水果榨汁機,5.0,1,3,$79
585,【chichitoys】現貨 日版 單售Re-ment 盒玩 冰沙機 果汁機 專賣店,5.0,7,15,$100
586,廚房絞肉機碎菜器   ♪夢享家♪現貨    料理蒜泥器   蔬果處理器   廚房榨汁機   料理機   食材攪拌機,5.0,1,1,$80 - $150
587,蝦皮優選大象生活館 富士電通 FT-JE110  隨行杯果汁機 Fujitek 雙杯組果汁機/榨汁機/親果杯,5.0,2,3,$879
588,✿✿✿台灣扁頭插頭【特價24內出貨】KT貓/多啦A夢小型迷你便攜式榨汁機 多功能家用水果汁機電動攪拌機料理機 豆漿機 奶,5.0,1,1,$495 - $612
589,創意304不銹鋼商用手動榨汁機擠檸檬汁器榨西瓜壓橙汁姜夾汁機橙子,5.0,2,2,$338 - $675
590,【限時搶購】奧科便攜式榨汁機 家用水果小型迷你榨汁杯 電動打炸果汁機充電學生 隨身果汁杯 現榨果汁機,5.0,2,2,$400 - $644
591,3片7.8厘米橡膠O形替換墊片密封圈部件，用於攪拌機榨汁機,5.0,1,2,$33
592,👏付保卡 保固2年👏 公司貨 PHILIPS 飛利浦 檸檬/柳丁電動榨汁機 HR2738 全新,5.0,6,10,$715
593,🔥限時特賣 有V青年榨汁杯 vitamer 多功能榨汁杯 無線便攜式榨汁機 創意果汁機,5.0,3,3,$368
594,ღ筆芯ღ2只一賣廚房用品家居 手動水果汁噴霧器檸檬榨汁器檸檬汁噴霧器 水果噴霧果汁榨汁機 羊排魚扒沙拉噴霧器 櫥房配件,5.0,1,1,$29
595,【歌林 Kolin】隨行杯果汁機(雙杯組) / Tritan不含雙酚A / JE-LNP15 保固 / 免運費,5.0,1,1,$710
596,現貨熱銷●☎德國精工手動榨汁機304不銹鋼擠壓檸檬家用壓汁器神器水果榨汁器,5.0,1,1,$734 - $894
597,《萌趣樂園》廚房粉色家電系列/果汁機-烤麵包機-攪拌機/電動仿真家電 /家家酒,5.0,4,8,$162 - $405
598,【現貨】便攜式迷你家用榨汁機 電動榨汁杯 多功能果汁機 小型充電果汁杯,5.0,1,1,$488
599,[現貨含運]Electrolux EBR7804S / 7804S伊萊克斯 設計家系列果汁機/另有EBR9804,5.0,3,7,"$2,950"
600,蝦皮優選♥小飛麻麻 雜貨 代購♥ 【現貨】日本製宮崎製作所 18-8不鏽鋼檸檬榨汁機  耐酸抗蝕性的優質不鏽鋼,5.0,1,2,$399
601,美國 OSTER 果汁機專用刀座 -適用隨行杯／BALL隨鮮瓶／隨我行果汁機,5.0,1,2,$490
602,全新Blendtec Total Blender Classic 調理機 果汁機含WildSide+杯子,5.0,1,1,"$8,599"
603,【新品免運領30購物金】摩飛二代 無線 便攜充電榨汁杯 迷你小型果汁杯電動便攜式炸汁機無線榨汁機 Morphy,5.0,1,2,$998
604,蝦皮優選TCY-6718 大家源 1.5L玻璃杯果汁機,5.0,1,1,$790
605,【現貨】多功能USB隨身果汁杯 榨汁機 隨行杯 USB果汁機 調理機 冰沙 攪拌 電動果汁杯 戶外 露營 冰沙,5.0,3,3,$499
606,現貨-快速出貨⚡聊聊詢價大特價⚡國際牌隨行杯果汁機MX-XPT102,5.0,1,2,"$1,200"
607,PUSH!餐具廚房用品手動榨汁機榨橙器手壓檸檬柳丁榨汁杯D212,5.0,1,1,$750
608,蝦皮優選正版 佩佩豬果汁機套裝組 餐廚組 迷你廚房玩具 粉紅豬小妹 果汁機玩具 切切樂 家家酒,5.0,2,3,$479
609,伊萊克斯 Electrolux 隨型 冷凝 果汁機 E7CB1-86SM (流沙金)(免運),5.0,3,3,"$2,799"
610,阿伐咖斗｜現貨 攜帶式充電型果汁機 多用途,5.0,1,1,$480
611,ALISONDZ 飲用水家庭擠壓機廚房工具柑橘手動榨汁機,4.0,1,2,$33
612,蝦皮優選recolte 日本麗克特 Glass Blender Rico 耐熱果汁機 紅,5.0,1,1,"$1,150"
613,檸檬壓榨器不銹鋼，帶優質耐用金屬實心壓榨器碗-大型手動柑橘榨汁機,5.0,1,1,$368
614,【翻滾小米】小米 博的bud便攜果汁杯 果汁機 榨汁機 小米有品 隨身果汁杯 現榨果汁機 小米正品,5.0,3,4,$499
615,蝦皮優選【Wowlook】Blendtec Classic 575 & WildSide+ JAR調理機組(果汁機 食物調理),5.0,1,1,"$7,299"
616,楽福🎁imarflex伊瑪 便攜式電動果汁機 300ml 現榨果汁/隨行杯/乳清蛋白/蔬果汁,5.0,2,4,$499
617,【驚爆優惠價】OSTER Blend Active 隨行型果汁機 BLST120-BRG,5.0,1,1,$888
618,蝦皮優選🔥618年中大優惠🔥Panasonic 國際牌 MX-EX1551  不鏽鋼刀果汁機 1.5公升 2020全新機種,5.0,1,2,"$1,630"
619,現貨 不鏽鋼手動榨汁機手動榨汁器【Pandodo便多多】304不鏽鋼手動榨汁機 水果榨汁器  壓汁器 檸檬榨汁器 榨泥器,4.7,3,5,$69
620,免運 220V款 台灣福菱榨汁機迷你多功能家用小型料理機輔食機嬰兒水果汁機豆漿,5.0,1,1,$561 - $884
621,【現貨速發 官網正品】小米果汁機 17PIN 星果杯 小米果汁機隨行杯 榨汁機電動 磁吸式充電 便攜榨汁 玻璃杯體 送禮,5.0,3,13,$699
622,۩♙實力派榨汁機德國精工多功能手動榨檸檬擠壓神器不銹鋼手壓榨汁器,5.0,1,1,$430 - $900
623,孔令泉的小店 全新 義烏 現貨 迷你家用榨汁機禮品定制榨汁杯水果機 便攜式USB充電榨果汁杯電,4.0,1,1,$153
624,蝦皮優選big boss swirlio 水果冰淇淋機 電動 果汁機 榨汁機 榨汁器 雪糕器 全自動 激淩機 雪糕機 研磨機,5.0,2,2,$699
625,[現貨] 小米米家便攜榨汁機 當天出貨 隨行果汁機 超長續航 無線便攜【刀鋒】,5.0,1,1,$590
626,家用小型便攜式榨汁機學生迷妳電動多功能料理果汁機廚房攪汁破壁,5.0,1,1,$260
627,蝦皮優選新款二代摩飛榨汁杯 MR9800電動迷妳小型充電果汁機家用水果榨汁機 便攜式,5.0,1,1,$920
628,福菱豆漿機家用小型全自動五谷米糊多功能料理機榨汁機破壁 無渣,3.5,2,3,"$665 - $1,088"
629,【一橙優品】現貨 便攜式榨汁杯 多功能電動榨汁杯迷你水果榨汁機充電電動果汁機學生隨行杯果汁機 新款隨身攜帶usb充電,5.0,7,16,$425
630,榨汁機家用水果小型全自動果蔬多功能便攜炸果汁料理機迷你榨汁杯,5.0,1,1,$490 - $790
631,隨身榨汁杯 果汁機 迷果汁機 便攜式榨汁機 家用水果小型充電迷妳榨汁杯 電動炸果汁機 強勁動力 電動果汁杯 隨身果汁杯,5.0,1,1,$589 - $799
632,110v家用迷你豆漿機小型榨汁機智能1-2人豆漿機果汁機,4.5,2,2,"$1,566"
633,蝦皮優選17PIN 星果杯檸檬榨汁杯電動攪拌迷你便攜隨身米家水果榨汁機,5.0,1,2,$660
634,飛利浦 隨手杯超活氧果汁機 HR2872 廠商直送 現貨,5.0,2,3,"$1,080"
635,【四色現貨】ALL JOINT 榨汁機 便攜電動榨汁杯 充電榨汁機 玻璃杯身 無線榨汁杯 隨行杯充電榨汁機,4.9,14,37,$868
636,【限時秒殺】攪拌桿沙冰機冰沙機榨汁機壓碎奶茶店攪拌棒商用配件攪拌棒,5.0,1,1,$144 - $232
637,現貨 Bruno 扭蛋 盒玩 果汁機 烤盤 章魚燒盤 萬代 迷你模型 家電 非rement,5.0,2,2,$720
638,飛利浦 HP8233吹風機 HD2584  烤麵包機 HR2607 HR2874果汁機 HX6857牙刷 牙刷刷頭,5.0,14,16,"$880 - $2,780"
639,全新盒裝卡娜赫拉果汁機,5.0,1,1,$700
640,多功能電動家用料理機嬰兒寶寶攪拌輔食機果汁豆漿絞肉水果榨汁機,4.0,1,1,$424 - $442
641,Re-MeNT 果汁機 果汁 專賣店套組,5.0,3,3,$800
642,【SANOE 思樂誼】隨行杯果汁機 防彈咖啡 健身,5.0,1,1,$420
643,蝦皮優選全家福果汁機專用不銹鋼刀組-【便利網】,4.5,2,4,$250
644,《預購》東京電通電動果汁機隨行杯,5.0,1,1,$399
645,【台灣現貨贈杯刷】🥕Vitamer 隨身杯榨汁機350ml🍍隨行杯果汁機 USB充電果汁機 榨汁杯 多功能榨汁杯,5.0,1,1,$389
646,《菲比尋常》新款到貨~木製 1110榨汁機 果汁機,5.0,2,4,$250
647,免運 220V款 九陽多功能料理機輔食家用小型水果果汁攪拌機榨汁機【一機多用】,5.0,1,2,$496 - $587
648,【嘉美】現貨 USB充電式隨行電動隨身果汁機多功能榨汁機迷你便攜式榨汁杯 便攜電動果汁杯,5.0,1,1,$279 - $350
649,【公司貨 免運】Kolin 歌林 充電果汁機 榨汁機 隨行杯 冰沙果汁機 果汁杯 調理機 電動榨汁機 豆漿機 攪拌機,5.0,1,4,$599
650,【Fujitek 富士電通】強力500W不銹鋼冰沙果汁機 FT-LNJ02,5.0,1,1,$650
651,兒童益智過家家仿真果汁機可加水電動燈光音樂家電玩具帶水杯套裝,5.0,1,1,$149 - $156
652,《米米電器》《可議價》Panasonic國際牌【MX-V288】1.8公升多功能營業用果汁機 優質家電,5.0,1,1,"$2,049"
653,🐠🐠🐠 Panasonic 國際牌【松下電器】果汁機 MX-XT701,5.0,1,1,"$2,350"
654,【免運】美國110V臺灣專用 nutribullet 美國家用電動榨汁機果汁碎冰沙攪拌料理破壁嬰兒輔食最新進口高品質,5.0,1,4,"$2,517 - $4,150"
655,直購價攪拌棒商用奶茶店沙冰機果汁機碎冰奶昔機破壁料理機配件 沙冰棒TM760 TM780  TM-767 TWK-800,5.0,3,11,$119
656,【現貨免運】便携式榨汁機 家用榨汁機 按壓式 果汁 奶昔 碎冰多功能榨汁機 一杯兩用,5.0,2,3,$858
657,🔥新品特惠 手動榨汁機 簡易迷你榨汁杯 家用橙汁水果 小型炸果汁橙子檸檬 榨汁器,5.0,5,8,$89
658,［台灣現貨出貨］德國 USB充電隨身果汁機 HanJiaOurs  #星果杯,5.0,1,1,$499
659,蝦皮優選現貨 12H 出貨 小米17PIN 星果杯檸檬榨汁杯電動攪拌迷你便攜隨身米家水果榨汁機,5.0,8,18,$722
660,榨汁機 豆漿機  榨汁機家用水果小型便攜式炸果汁迷你學生充電隨身杯裝手持杯型杯 果汁杯 便攜式榨汁機,5.0,1,1,$329 - $598
661,【限時免運】美國 Oster 果汁機 Blend Active 隨我型果汁機 BLST120,5.0,1,1,$888
662,「台灣大賣客」「升級版3000mAh」Juice Cup USB充電便攜式水果榨汁機榨汁杯,5.0,1,2,$468
663,Electrolux伊萊克斯  設計家系列冰沙果汁機EBR7804S 福利品 公司貨 聊可議價,5.0,1,2,"$2,680"
664,【✿✿好✿质✿量✿✿】手動檸檬榨汁器不銹鋼壓汁機迷你家用榨橙榨水果器果汁機檸檬夾子,5.0,1,1,$91 - $123
665,現貨免運迷你榨汁機榨汁自動攪拌杯水果機便攜式USB充電榨汁杯充電動,5.0,1,1,$663
666,【嘉嘉】新款鋅合金手動榨汁機 廚房小工具商用檸檬夾 迷你榨汁器,3.0,2,2,$136
667,【现货】小太陽 vitamix 尚朋堂 聲寶 捷宝攪拌棒 果汁機 冰沙機 調理機 通用零件配件 下半部長度21.5公分,5.0,2,6,$183
668,【限時搶購】歐達朗便攜式榨汁機 家用水果小型充電迷你炸果汁機 電動學生榨汁杯 便攜式榨汁機 迷你學生水果榨汁杯,3.0,2,2,$250 - $373
669,升級版2葉/4葉/6葉迷你便攜式果汁機 電動果汁杯 鮮菓炫冰杯 迷你鮮果榨汁機 嬰兒輔食機隨行杯電動果汁機,3.7,3,4,$165 - $215
670,六葉款 鮮榨水果蔬小型多功能榨汁杯 便攜式果汁機 電動榨汁杯 果汁機 隨身果汁機 果汁 便攜果汁機 隨身杯 隨行杯 茶杯,5.0,1,1,$298
671,【recolte 日本麗克特】Solen果汁機(送專用玻璃瓶)【楊桃美食網】,5.0,1,1,"$1,480"
672,⚡聊聊詢價大特價⚡ 國際牌果汁機MX-V288,5.0,1,2,"$2,000"
673,Panasonic國際牌MX-V188果汁機專用果汁杯（全新公司貨）,5.0,1,3,$450
674,♥滿499免運♥【現貨】Vitamer維他命榨汁杯 果汁機 500ml,4.7,3,5,$594
675,現貨商品 郵局免運費 德爾瑪隨身果汁機 內建1200mah電池 304四刀頭 全機防水 嬰兒輔食方便使用。,5.0,1,3,$400
676,110V多功能蔬果調理機電動絞肉機家用切菜切肉切蒜切蔥水果蔬菜攪拌料理機肉泥果泥醬料寶寶嬰兒輔食機榨汁機,5.0,3,6,$590 - $650
677,【6月年中慶~廚房家電下殺優惠】飛利浦最新款果汁機  超活氧調理機+隨手杯 HR3556,5.0,3,4,"$2,680 - $2,790"
678,18500 3.7V 可充電鋰電池18490榨汁機強光手電筒美容儀理發器4.2,5.0,2,5,$156 - $268
679,手動壓汁機臺灣檸檬夾壓汁器甘蔗石榴橙汁水果汁多功能壓榨汁機不銹鋼榨汁機手動分離式渣汁壓榨器石榴擠水器鮮果榨汁杯擠壓,5.0,2,2,$353 - $592
680,蝦皮優選【現貨免運】有V青年榨汁杯 vitamer多功能無線便攜式榨汁機 創意果汁機 榨汁杯 果汁杯 便攜式榨果汁,5.0,1,1,$539
681,蝦皮優選【現貨+一年保固】隨行杯果汁機 雙杯組 電動榨汁機 調理機 豆漿機 攜帶杯果汁機 行動杯果汁機 輕巧杯果汁機,5.0,2,2,$649
682,【现货秒发】最强6葉便攜式果汁機 鮮菓炫冰杯 電動果汁杯  户外便携榨汁機 機隨行杯電動果汁機,4.9,17,172,$278
683,【限時下殺】迷你家用榨汁機 榨汁杯 水果機 便攜式USB充電榨果汁杯 電動 隨身杯 手提輕便塑料杯身,5.0,1,1,$229
684,Oster隨我型果汁機,5.0,1,2,$899
685,蝦皮優選富士電通 隨行杯果汁機 原價1100♥特價659♥ 真空保鮮 果汁機,5.0,1,1,$659
686,【聖誕節-限時免運】德爾瑪無線果汁機 17PIN星果杯 德爾瑪膠囊果汁杯 無線榨汁機 雙擊開啟 立體6葉刀 電動果汁杯,5.0,2,4,$515 - $550
687,Panasonic 國際牌 1800CC多功能果汁機 MX-V288,5.0,1,2,"$2,100"
688,♥滿499免運♥隨身果汁機 榨汁機 果汁機 隨身杯 電動榨汁杯 電動果汁機  隨身攜帶 usb充電 隨身杯榨汁機,5.0,1,1,$192 - $209
689,【限時優惠】家用2L多功能電動絞機 榨汁機 食物料理機  搗蒜器,2.0,1,2,$326
690,電動絞肉機 榨汁機 碎肉機 絞肉器 碎菜器 家用多功能嬰兒食物料理機輔食機,5.0,4,8,$297
691,大家源TCY-6715 隨行杯果汁機-,5.0,2,4,$599
692,摩飛榨汁機充電線 摩飛榨汁杯充電線 東菱榨汁機充電線器 MR9600金正榨汁機小米米家星果杯 skg 魔飛充電線,5.0,2,2,$146 - $321
693,【現貨秒發】雙杯紅果迷你式 榨汁機  便攜電動炸果汁機 充電學生榨汁杯 嬰兒輔食機隨行杯 無線,4.5,2,8,$181 - $263
694,【 台灣現貨 】 手動榨汁器 不鏽鋼榨汁器 手動榨汁機 不鏽鋼榨汁機 水果榨汁器 手壓果汁 手動榨汁器 檸檬夾 壓汁器,5.0,2,5,$55
695,48小時現貨：刨冰機 尚豪冰沙機商用奶茶店沙冰機帶罩隔音調理機榨汁機靜音攪拌碎冰機220V下單請備註哦~,5.0,1,1,"$7,629"
696,Royalty line瑞士羅婭便攜式梅森杯榨汁機家用小型無線充電動迷你果汁機榨汁杯,5.0,1,1,$994
697,【現貨滿額免運】迷你榨汁機 小型便攜式果汁機 USB充電榨果汁杯 可碎冰 電動水果機攪拌機,5.0,1,1,$288
698,【現貨公司貨】Kolin 歌林 1.2L 鮮活榨汁機 大容量 雙向轉動 果汁機 電動榨汁機 柳丁榨汁機KJE-UD857,5.0,2,4,$520
699,歐烹手動榨汁機家用 擠檸檬汁器壓檸檬夾子迷妳榨橙汁檸檬榨汁器 佈桃子,5.0,1,1,$663
700,美國OSTER Ball Mason Jar隨鮮瓶果汁機(黑）全新公司貨/保固）,5.0,2,3,"$1,100"
701,宅配 🚛 台灣全新現貨 🚌 大家源 2L 多功能調理機 果汁機 TCY-6775,5.0,3,6,"$1,889"
702,【宅配免運】美國 OSTER Ball 隨鮮瓶果汁機 梅森瓶 隨身杯果汁機 果汁機 原廠保固,5.0,1,1,"$1,250"
703,【台灣現貨】雲米隨身榨汁杯 便攜式果汁機 隨身榨汁機,5.0,1,1,$470
704,【台灣現貨】不銹鋼手動榨汁器 檸檬夾檬汁橙汁器榨汁機家用擠檸檬器,5.0,1,3,$899
705,【台灣現貨】17PIN星果杯 KAKAO FRIENDS訂製版 獨家設計 400mL 迷你果汁機,5.0,1,1,"$1,100"
706,【鎧禹生活館】🔥現貨🔥一品夫人健康搖搖杯 充電式行動果汁機（🎁夏季隨身好禮🎁）,5.0,2,3,"$1,130"
707,#現貨#榨汁机#便携式榨汁杯家用水果小型充电迷你榨汁机电动学生炸果汁,5.0,2,2,$162 - $250
708,❤新品❤110V台灣電壓 家用破壁機 料理機 商用攪拌碎沙冰機 豆漿機 果汁機 嬰兒輔食機,5.0,1,1,"$1,678"
709,#爆款熱賣#手動榨汁機家用擠檸檬壓水果夾橙汁石榴榨汁機器 鋅合金榨果器,5.0,2,2,$380 - $400
710,Panasonic 國際MX-V288 1800CC多功能果汁機,5.0,1,2,"$2,190"
711,職人正304直立式壓汁機 #壓汁機#直立式壓汁機#正304#果汁機#榨汁,5.0,1,2,$520
712,現貨寄出【爆款可擕式迷你家用榨汁機】便捷式多功能全自動榨汁杯充電果汁杯學生隨行杯果汁機隨身攜帶果汁機USB充電小型榨汁杯,4.8,4,15,$9 - $208
713,現貨日本 LADONNA Toffy K-BD2 PA 真空果汁機 調理機 手動式真空 280ml （綠）,5.0,1,2,$999
714,蝦皮優選聲寶KJ-L13061L樂活隨行杯果汁機/三杯組/不含雙酚A/Tritan,5.0,1,2,$820
715,"日本品牌 Toffy 真空果汁機(K-BD2)
減緩食材氧化，延長保鮮
蜜桃粉，蘋果綠 全新商品 6月特價899元",5.0,1,1,$899
716,蝦皮優選手動壓汁器 壓汁器 不鏽鋼手動榨汁機 手動榨汁機 水果榨汁器 壓汁器 檸檬汁夾 柳橙汁夾 果汁夾【啥嚨嗚】,5.0,5,7,$69
717,九陽 榨汁機 果汁機 家用 現貨不需等 小家電 蔬果機,5.0,2,1,"$1,380"
718,小米Pinlo隨手果汁機 無線充電榨汁機 易清洗 斷電保護 小巧便攜 品羅 小怪獸 小型電動榨汁杯,5.0,2,8,$699
719,Recolte 日本麗克特 Solen 果汁機 專用玻璃瓶 RSB-3GJ 玻璃杯 杯子 含蓋子 杯蓋,5.0,2,8,$329
720,小先生 【隨行杯 小型果汁機】迷你充電榨汁機迷你家用多功能水果學生可擕式小型榨汁杯果汁機4葉,5.0,1,2,$359 - $409
721,隨身杯果汁機 迷妳水果機 電動榨汁機 玻璃杯 便攜榨汁機 隨行榨汁杯 玻璃榨汁杯 充電便攜式 迷妳隨身果汁機 家用小型,4.3,22,37,$398
722,[現貨] GUQi谷其便攜電動果汁機 USB充電榨汁機 隨行果汁機【刀鋒】,5.0,2,11,$490
723,蝦皮優選【coni shop】GUQi谷其便攜電動果汁機 現貨 當天出貨 迷你隨身果汁機 USB充電 安全裝置設計 現打果汁,5.0,9,26,$490
724,無線便攜式果汁機玻璃 小型家用水果榨果機隨行杯 迷妳充電式豆漿機榨汁機,4.3,3,5,$371 - $461
725,★飛馬上選★預購 鍋寶 多功能蔬果研磨機 HELLO KITTY聯名限定款 櫻花限定款 黃色款 不鏽鋼雙刀頭 隨行果汁機,5.0,74,114,$760 - $840
726,小米有品 德爾瑪無線果汁機 水果料理機 家用小型迷你便攜 無線榨汁機 雙擊開啟 立體6葉刀,5.0,3,5,$528
727,蝦皮優選福利品【歌林】隨行杯冰沙果汁機 榨汁機 調理機 雙杯 隨行杯 攪拌機 料理機 KJE-SD1906,5.0,4,8,$699
728,Doris-檸檬夾子手壓汁器 手動小型榨汁機 迷你家用炸擠汁 擠壓取汁 水果橙汁擠壓器,5.0,2,4,$79
729,VITAMER果汁機  維他命榨汁杯 水壺 USB充電 【保固一年 】,5.0,1,2,$780
730,大家源  1.5公升 五段速果汁機  TCY-6718,5.0,1,2,$990
731,蝦皮優選新鮮果汁帶著走 美國Oster隨行杯果汁機。OSTER 隨行杯果汁機(粉紅) BLSTPB-WPK 一機一杯,5.0,2,5,"$888 - $1,188"
732,【現貨免運】110V家電【德國品質】榨汁機家用全自動破壁料理大功率小型豆漿機炸果汁機,1.0,2,3,"$943 - $1,214"
733,【現貨】隨行榨汁機 果汁機 電動榨汁機 迷你多功能果汁杯 便攜式全自動果蔬料理機家用水果小型USB充電榨汁機 學生隨行杯,4.7,3,4,$447 - $522
734,[現貨］國際牌PANASONIC隨行杯果汁機 MX-XPT102,5.0,3,8,"$450 - $1,350"
735,【現貨】速發貨❤可碎冰玻璃果汁機 電動榨汁機 便攜式迷你全自動果蔬料理機家用水果小型USB充電學生隨行杯 可攜式冰沙攪拌,4.7,3,8,$439 - $549
736,果汁機 冰沙機 調理機新型8葉刀組 Vitamix 小太陽 尚朋堂 聲寶等各大品牌皆可使用 買5送1再免運及送刀組工具,5.0,5,11,$300
737,&限時特惠&2L大容量正品加熱破壁機料理豆漿機免濾電動多功能家用榨汁機無渣,4.6,5,8,"$1,058 - $1,201"
738,國際牌果汁機  上連軸  果汁機原廠零件,5.0,1,1,$60
739,┏限時秒殺┓通用豆漿機冰沙機料理機榨汁機刀組配件杯子容壺刀片刀頭3,5.0,2,30,$137
740,電動果汁機 6葉刀頭 USB充電式隨身果汁杯 移動榨汁機 行動鮮汁機 榨汁機 隨行果汁機 果汁杯 研磨機【免運現貨】,4.7,9,27,$329 - $339
741,蝦皮優選【OK運費半價★24小時出貨】TESCOM TM8800TW 果汁機 冰沙 果汁 調理機 玻璃瓶身,5.0,1,1,"$1,190"
742,全新小米Pinlo隨手果汁機 無線充電榨汁機 易清洗 斷電保護 小巧便攜 品羅 小怪獸 小型電動榨汁杯,5.0,3,6,$650
743,蝦皮優選【7-11超商免運 | 領劵現折10元】Panasonic 國際牌隨行杯 果汁機 MX-XPT102-W,5.0,5,8,"$1,398"
744,【現貨】不銹鋼手動榨汁器 檸檬夾檬汁橙汁器榨汁機家用擠檸檬器,4.9,19,40,$35
745,森林家族~絕版眼圈兔 果汁攤(內含:水果、果醬、果汁機、杯子、桌子、椅子),5.0,4,5,$600
746,Panasonic果汁機杯座MX-V188,5.0,1,6,$130
747,榨汁機肛塞肛門自慰器男柔軟g點后庭擴張器女用真陽具,5.0,12,17,$423 - $504
748,蝦皮優選【四大超商免運費→夏日推薦】Panasonic 國際牌 隨行杯 果汁機 MX-XPT102-W 600ML,5.0,1,2,"$1,398"
749,美國 NutriBullet 600w 子彈旋風榨汁機,4.5,2,5,"$2,800"
750,(全新品公司貨原廠保固)aiwa 愛華可充電攜帶型果汁機 PJ-460WE/PJ-460BE (雙色可選),5.0,2,2,"$1,475"
751,蝦皮優選驚喜價🏆御膳坊 職人 直立式 壓汁機 304不鏽鋼 營業用 果汁機 榨汁器,4.4,8,14,$499
752,✨現貨✨6葉最新版★玻璃榨汁杯迷你便攜式多功能電動果汁杯隨鮮杯 果汁機 榨汁機  碎冰冰沙 電動果汁杯 鮮菓炫冰杯,4.7,31,77,$15 - $239
753,🔥附保固 贈杯刷🔥 玻璃款 USB隨行果汁機 400ml 電動榨汁機 維他命 行動果汁杯 調理機 豆漿機 隨行杯,4.3,10,21,$5 - $459
754,蝦皮優選【歌林】USB隨行果汁機 充電式果汁機 隨行杯 果汁機 榨汁機 調理機JE-LNP11,5.0,2,5,$649
755,便攜式榨汁杯 USB充電榨汁機 料理機 家用隨身果汁杯 迷你榨汁機 攪拌機 隨身杯 皇太太果汁機,4.5,2,3,$690
756,CHIMEI奇美 小偏心果汁機 MX-1500T2,5.0,1,1,"$1,288"
757,熱銷台灣110V多功能電動榨汁機 插電款 便攜式家用 迷你輔食料理攪拌果汁機 多功能料理豆漿機 榨汁杯 小家電,5.0,4,6,$400 - $540
758,[現貨]手動榨汁機手動榨汁機水果手壓壓汁器檸檬夾橙汁簡易手動榨汁機便攜式橙汁杯家用壓榨器水果橙子檸檬榨汁器小麥材質,4.9,15,24,$59
759,【小米德爾瑪 隨行果汁機】迷你榨汁杯 電動榨汁機 玻璃杯 便攜榨汁機 隨行榨汁杯 小型家用榨汁杯 榨汁,5.0,23,44,$320 - $628
760,1個 【現貨】檸檬壓汁器 手動榨汁機 家用小型 便攜學生檸檬夾 壓檸檬神器榨汁器 不鏽鋼榨汁機,5.0,8,13,$79
761,果汁機 冰沙機 調理機 攪拌棒 下半部長17cm,5.0,5,13,$220
762,【潮可】迷你榨汁機 380毫升 便攜式多功能電動榨汁杯學生隨行杯果汁機 隨手杯 果汁機 usb充電隨行杯 隨身杯榨汁機,4.4,12,25,$199
763,摩飞電器 MR9600 隨行榨汁杯 便攜電動榨汁機 原汁杯 迷你榨汁杯 300ml 父親節禮物,4.5,2,2,"$1,399"
764,現貨免運🌿Panasonic 隨行杯果汁機 ”MX-XPT102”🌿國際牌 公司貨 攜帶 迷你鮮果榨汁機 電動果汁杯,5.0,1,1,"$1,480"
765,蝦皮優選❣生活百貨❣不鏽鋼手壓式麵條器 手搖壓麵器 壓麵機 麵條機 不鏽鋼壓面機 多功能壓面器 家用手動麵條機 手動榨汁機,5.0,1,1,$239
766,同款最強版 6葉榨汁機 便攜式多功能 電動榨汁杯 學生果汁機 隨身攜帶 usb充電 隨身杯榨汁機 禮物,5.0,4,12,$75 - $299
767,蝦皮優選壓汁器 檸檬壓汁 不銹鋼手動榨汁機 榨汁機 檸檬夾 不銹鋼檸,4.5,2,2,$49
768,(福利品)英國Kenwood 多功能果汁機 BL710,5.0,1,1,"$2,990"
769,【6月年中慶~廚房家電下殺優惠】飛利浦 Avance 700W超活氧果汁機 HR2095,4.9,17,27,"$1,500 - $2,200"
770,～附推料棒，攪拌更均勻～【時尚多功能高轉速果汁機】旋鈕式開關/3段式速度/加料蓋設計/LED顯示燈20【LD243】,5.0,3,6,$690
771,蝦皮優選【限量899福袋】果汁機 冰沙果汁機 煮水壺 快煮壺 任選 歌林果汁機 玻璃 東元 熱水壺  手持電扇 USB,5.0,1,1,$899
772,蝦皮優選🔥現貨🔥【大家源】電動鮮橙榨汁機 TCY-6726,5.0,21,37,$480
773,巧逸趣※迷你果汁機(單入)@樹脂配件 微縮食玩場景仿真模型 展場餐廳櫥窗擺件,5.0,6,11,$39
774,蝦皮優選鍋寶-大容量碎冰果汁機(JF-1602),5.0,5,6,$800
775,格立高便攜式電動榨汁機GLG-520迷你家用充電小型口杯打炸水果汁機榨汁杯,5.0,7,10,$799
776,【TESCOM真空果汁機】專業超真空打汁|超健康最新鮮|日本果汁機王|贈真空保存瓶x1食譜x1【TMV1000】,4.7,3,5,"$3,200"
777,%迅速出貨~TJ-5635 達新牌 1公升電動榨汁機 柳丁機 另售TJ-5660,4.8,19,33,$329
778,%迅速出貨 Fujitek富士電通FT-JE012多功能鮮榨研磨果汁機(共附3款杯體)研磨/攪拌,4.9,14,23,$670
779,【Vitamer隨身果汁機】維他命 便攜式榨汁杯 vitamer 榨汁杯 電動隨身果汁杯 水果榨汁 自動攪拌,4.9,40,355,$10 - $698
780,(免運) Kolin歌林USB充電式隨鮮杯果汁機 JE-LNP11,5.0,2,5,$645
781,蝦皮優選壓汁器 檸檬壓汁 不銹鋼手動榨汁機 榨汁機 檸檬夾 不銹鋼檸檬壓汁器 榨汁器 水果夾,5.0,6,8,$55
782,Electrolux 伊萊克斯  設計家系列冰沙果汁機EBR7804S 福利品 公司貨 聊可議價,5.0,2,5,"$2,680"
783,TATUNG大同 1.5L冰沙果汁機TJC-1518A【愛買】,5.0,1,1,"$1,290"
784,手磨豆漿機OLD57 手搖式豆漿機 手動豆漿機 新鮮豆漿DIY 多功能手動豆漿機手搖豆漿機Q版榨汁器手工榨汁機豆漿器MO,4.8,19,36,$39
785,【 贈送杯刷 】 小米隨身果汁機 隨身果汁機 隨行杯 USB果汁機 調理機 榨汁機 果汁杯 果汁機 冰沙 攪拌機,4.9,10,30,$569
786,重磅】不鏽鋼手動榨汁器 不鏽鋼 手動 榨汁機 水果 手壓 壓汁器 檸檬夾 柠檬榨汁器 厨房料理工具,4.7,10,19,$49
787,【 贈送杯刷 】 小米有品 德爾瑪果汁機 果汁機 隨身果汁機 行動果汁機 電動榨汁機 嬰兒輔食 調理機 豆漿機,4.8,90,144,$579
788,仿真小家電兒童益智過家家廚房玩具多功能電動吸塵器電熨斗果汁機【uptownfashion】,5.0,1,4,$143
789,[現貨免運] 小太陽 2000c.c專業調理冰沙機 TM-788 (果汁機/豆漿機/絞肉機/碎冰機),5.0,1,2,"$2,980"
790,伊佐賀 570ml隨行杯果汁機(粉藍兩色可選)IZH-PB570,5.0,1,2,$790
791,《樣樣型》現貨 不銹鋼檸檬壓汁器 不鏽鋼 手動 榨汁機 水果 手壓 壓汁器 檸檬夾,5.0,5,11,$60
792,蝦皮優選【OK運費半價 24H快速出貨 附發票】富士電通 冰沙 果汁機 強力馬達 FT-LNJ02 冰沙果汁機 蔬果汁 冰沙機,5.0,11,19,$688
793,【6葉玻璃杯身】便攜式迷你榨汁機 6葉動榨汁杯 USB充電果汁機多功能電動榨汁杯學生隨行杯果汁機 隨身攜帶 隨身杯 批发,4.9,22,50,$265 - $285
794,ZOB-9420 日象馨鮮碎冰果汁機(玻璃杯)1.8L,5.0,1,1,$800
795,ZOB-9120 日象津喜碎冰果汁機(玻璃杯)1.8L,5.0,1,1,$800
796,免運現貨★小米 17PIN 星果杯 榨汁杯 便攜榨汁機 400ml大容量 充飽電可榨15杯 全隱藏刀頭 禮品 送禮,4.9,58,105,$742 - $756
797,手動 壓汁器 榨汁機【客滿來】商用 不鏽鋼 柳丁 壓榨機 擠水果 榨石榴汁 果汁機 家用 壓汁機 ADSU,5.0,3,3,"$1,648"
798,送清潔刷+免運+一年保固+24H出貨【歌林時尚款冰沙果汁機】果汁機 研磨機 攪拌機 冰沙機 調理機 隨行杯,4.8,10,23,$659 - $749
799,現貨即發 新年鉅惠下殺20組優惠 德國朋森 果汁機 榨汁杯 隨身可攜式 水壺 USB充電 果汁杯 電動迷你蔬果攪拌機,5.0,3,11,$684
800,蝦皮優選大家源 隨行杯研磨果汁機 TCY-663501,5.0,1,1,$870
801,免運【🔥小米德爾瑪可攜式果汁機】300ml隨行杯無線電動榨汁機 全自動果蔬料理機家用水果小型充電迷你炸果汁機學生榨汁杯,4.9,92,157,$535
802,[有貨] 附發票 ◎電器網拍批發◎ sohome 400ML 攜帶型迷你電動榨汁機/隨行果汁機/親果杯 R976-40,5.0,2,2,$990
803,飛利浦PHILIPS 1.5L活氧果汁機 HR2101,5.0,1,1,$980
804,楽福🎁 大家源 透明玻璃 果汁機 1.25L TCY-6745,5.0,4,4,$699
805,PHILIPS飛利浦 活氧果汁機HR2105/95【愛買】,4.5,2,2,"$1,369"
806,蝦皮優選【贈不鏽鋼頭】Princess 荷蘭公主不鏽鋼榨汁機柳丁檸檬葡萄柚適用 201851,5.0,9,10,"$2,970"
807,蝦皮優選台灣現貨供應 24H配送★不鏽鋼手動榨汁器★不鏽鋼 手動 榨汁機 水果 手壓 壓汁器 檸檬夾 水果橙子擠壓器 寶寶輔食機,4.6,5,8,$69
808,王電 果菜料理機 調理機 果菜機 果汁機 榨汁機 攪碎機 冰沙機 WO-2688 / WO2688,5.0,1,6,"$690 - $2,980"
809,國際牌 MX-V188.185V 果汁機 杯蓋,5.0,2,2,$90
810,[一機兩杯組] 美國 Oster BALL經典隨鮮瓶果汁機 BLSTMM 優雅藍 宅配免運,5.0,9,11,"$1,480"
811,◎開發票恆隆行公司貨 ◎美國OSTER  Ball Mason Jar隨鮮瓶果汁機替杯（紅）,5.0,1,1,$300
812,（現貨）波麗嬤嬤-藝饗生活 灶（171） 手動擠壓檸檬榨汁器 手動榨汁機 水果柳橙擠壓器 寶寶輔食鮮果壓榨汁機,5.0,13,27,$225
813,【貨到付款】便攜式迷你榨汁機 電動榨汁杯 4葉USB充電果汁機 6葉多功能電動榨汁杯學生隨行杯果汁機 隨身攜帶  隨身杯,4.7,257,878,$199 - $299
814,送研磨杯X2+免運+一年保固+24H出貨【日本富士電通多功能現榨研磨果汁機】研磨機 果汁機 水果榨汁機 電動果汁機,4.8,46,70,$789
815,[配件組]【小太陽】調理果汁機 專用果杯 (TM-767),4.9,10,20,"$1,400"
816,(假日促銷) KRIA可利亞 5合1生機調理果汁機/榨汁機/研磨機/攪拌機/調理機(GS-314),5.0,3,3,$850
817,果汁機 GD☀️方便實用📢隨身果汁機 小炫風果汁機 攜帶型果汁機 usb果汁機 精力湯 代餐 贈usb線,5.0,1,4,$255
818,蝦皮優選手刀價🌟不鏽鋼檸檬夾 NO190 水果壓汁 檸檬夾 榨汁機 榨汁器 壓汁機 果汁機 不銹鋼壓汁機 購物狂人,5.0,4,4,$65
819,💥現貨💥最新款豪華毆式B廚房 附果汁機設計 仿真木製廚房組 扮家家酒 玩具 大型廚房 幼樂比,5.0,7,11,"$1,800"
820,【阿噗噗】【現貨】手動榨汁杯 果汁杯 果汁機 柳丁汁 西瓜汁 葡萄汁 柳橙汁 小型 檸檬汁 簡易 手壓果汁,5.0,5,8,$69
821,歡樂雙享輕巧果汁機--甜心粉 澳洲 Cooksclub（C-BL2503LP）隨身瓶果汁機 分體式杯中杯 榨汁機,5.0,1,1,"$1,390"
822,免運【🍒小米德爾瑪可攜式果汁機】400ml隨行杯無線電動榨汁機 全自動果蔬料理機家用水果小型充電迷你炸果汁機學生榨汁杯,4.9,366,763,$599
823,蝦皮優選【霏霓莫屬】御膳坊日式營業用拋光壓汁機 A600S 榨汁器 取汁器 檸檬壓汁器 果汁機 壓汁器,5.0,1,9,$250
824,【幽幽愛生活♥】全家福 (MX-818A) 1800C.C / 1.8L / 1.8公升 營業用果汁機,5.0,1,2,"$1,100"
825,【幽幽愛生活♥】全家福 (MX-101A) 2500c.c. / 2.5L / 2.5公升 專業冰沙果汁機(PC杯),5.0,4,8,"$1,300"
826,蝦皮優選鍋寶 電動鮮果榨汁機 (GM-121-D),5.0,22,34,$730
827,大金餐飲設備~~~全新7L果汁機/商用大型果汁機/營業用果汁機/蒜泥/辣椒泥/各種蔬菜水果均可使用/1/2HP,5.0,2,2,"$6,000"
828,【檸檬夾】出口品質 新款加強不銹鋼 手動水果榨汁器 廚房小工具不銹鋼製品 不銹鋼手動榨汁機 水果手壓榨汁器 檸1130劉,4.5,30,54,$65
829,廚房工具檸檬榨汁不銹鋼橙汁榨汁機柑桔鉸刀快速手柄多功能工具,5.0,1,3,$41
830,【台北市蜂蜜檸檬：手操作圓形榨汁機，完全金屬SUS304不銹鋼】台灣製造，白鐵18-8鋼材，強固耐酸鹼，好清洗!,4.7,3,3,$300
831,【綠海生活】 ( 大/ 全#304白鐵 ) 壓汁機 果汁機 搾汁機 ~A03001495,5.0,2,2,$230 - $250
832,一點生活  VITAMER 果汁機/維他命榨汁杯 水壺 USB充電 方便攜帶 榨汁杯 行動果汁機 外出最佳選擇,5.0,12,22,$619
833,蝦皮優選【++生活】  家用手動榨汁機 多功能迷你水果小型榨汁器果汁杯壓橙子器,4.9,39,69,$130
834,（現貨！）USB充電式維他命榨汁杯 榨汁機 唯他命迷你可攜式攪拌杯 多功能便攜隨身果汁機 豆漿機 果汁杯,4.9,19,36,$520
835,【GOODEE】榨汁機 榨汁杯 4葉USB充電榨汁杯,4.8,118,673,$286
836,🌱allbuy家居館🌱迷你304不銹鋼檸檬榨汁機 手動檸檬鑽 水果擠汁器 擠檸檬汁器 檸檬鑽,4.9,16,39,$57
837,現貨ღHomade 電動充電迷你榨汁機家用便攜式多功能水果榨汁杯果汁杯 2葉款,5.0,2,9,$263
838,Magic Bullet榨汁機 250W配件 透明輪*3+黑色膠輪*2  K69 Koki,5.0,3,6,$89
839,蝦皮優選便攜式迷你電動榨汁杯6刀 USB充電 多功能家用小型水果榨汁機 果汁機果汁杯 戶外隨行杯【ZA0405】《約翰家庭百貨,4.7,33,67,$369
840,(隨貨附發票)飛利浦PHILIPS活氧果汁機專屬果汁杯、刀座、蓋子HR2165,5.0,18,39,$200 - $350
841,【滿299包郵】USB充電式隨行電動隨身果汁機 果汁杯 攪拌機 調理機 隨身杯 充電式榨汁機,4.5,55,165,$189
842,【蘑菇蘑菇】PHILIPS 飛利浦活氧果汁機~HR2101/HR-2101冰沙機-調理機-濾網型,4.9,63,107,$899
843,台灣現貨 品質穩定 電動玻璃果汁杯 充電果汁機 可打冰塊 木瓜牛奶機 隨身破壁機 外出果汁杯,4.9,62,138,$240 - $400
844,便攜式電動榨果汁杯 USB充電果汁機 迷你果汁機 便攜式水果榨汁杯 隨身果汁機 果汁杯 果汁機 榨汁機 攪拌機 調理機,4.8,23,43,$299
845,【歌林】USB充電式隨鮮杯果汁機JE-LNP11,5.0,16,33,$630
846,原廠公司貨 飛利浦PHILIPS果汁機專用HR2095/HR2096玻璃杯,4.9,8,25,$700
847,Panasonic國際牌MX-V188果汁機杯座（附安全桿）全新公司貨,5.0,4,8,$130
848,(福利品)【東元 TECO】多功能研磨隨行杯果汁機 / 強大馬力 XYFXF9310 保固 / 免運費,5.0,5,6,"$1,113"
849,手動榨橙器 壓檸檬榨汁 器橙汁機 家用榨汁機 簡易榨汁杯 手動榨汁杯迷你壓汁器 新款,4.6,15,41,$65
850,限時優惠 原廠正貨 保固一年 優惠方案 一機兩杯 一機一杯 Oster-Ball Mason Jar 隨身瓶果汁機,5.0,33,60,"$399 - $1,430"
851,現貨 TESCOM TMV1600TW 真空果汁機  全新公司貨,5.0,3,5,"$3,990"
852,SANSUI 1.5L生機調理 果汁機 冰沙機 SJ-1500 無段式 瞬轉設計 山水官方直營,3.5,2,7,"$1,480"
853,【e電元家電網】歌林 Kolin 隨行杯冰沙果汁機 雙杯組 KJE-HC10 另售 KJE-LNP13,4.7,12,19,$780
854,蝦皮優選家電大師※超取限一件※鍋寶 多功能蔬果食物料理機/果汁機/研磨機 HA-3088-D,4.6,5,9,"$1,315 - $1,325"
855,蝦皮優選【小資屋】美國 OSTER 經典梅森杯果汁機 BLSTMM-BBK (1機1杯),5.0,3,4,"$407 - $1,250"
856,蝦皮優選送縫隙刷三件組❤可充電USB隨身果汁機【保固六個月】隨行果汁杯 VITAMER維他命榨汁杯 行動電動多功能榨汁機 隨行杯,5.0,75,134,$795
857,蝦皮優選【分期０利率-現貨速發-公司貨保固兩年】飛利浦 活氧果汁機 HR2165 另有 HR2100 HR2095 HR2101,4.9,28,46,$380 - $450
858,神燈 陶瓷榨汁器 陶瓷 榨汁器 榨汁機 擠汁器 擠汁機 擠水果 榨水果 生日禮物 歐式 壓汁器 壓汁機,4.9,10,14,$299
859,【新莊信源】570ml 【 Kolin歌林隨行杯冰沙果汁機(單杯】 KJE-MNR571G / KJEMNR57,4.8,4,8,$650
860,蝦皮優選手刀價🌟Kiyodo 直立式壓汁機 不銹鋼壓汁機 壓汁機 果汁機 榨汁機 壓汁器 榨汁器 購物狂人,5.0,1,1,$700
861,議價享好禮 Cuisinart 三合一多功能調理研磨果汁機組合 CPB-300TW (附隨行杯x4/攪拌杯/研磨杯),4.7,10,19,"$1,680"
862,蝦皮優選【歐斯樂】台灣製造塑膠杯碎冰1500cc果汁機/調理機（HLC-727）FF075,5.0,5,5,$652
863,不銹鋼檸檬夾 家用手動榨汁機 水果榨汁檸檬壓汁器,4.4,5,20,$27
864,【ALL】💐BINGO迷你隨身電動果汁機 500ML 便攜 USB充電 邊走邊打 鮮果汁 榨汁杯 隨身杯 可攜式果汁機,4.8,166,299,$319
865,【實體店面 現貨供應 原廠保固一年】歌林Kolin USB 充電式 隨鮮杯 隨行杯 果汁杯 果汁機（JE-LNP11）,4.9,98,170,$649
866,VITAMER 維他命榨汁機 榨汁杯 隨身 果汁機 母親節 聖誕節 生日 交換 禮物【RS772】,5.0,9,17,$739
867,『可超取』Panasonic 國際牌 1000ml 果汁機 MX-EX1001 隨貨附發票 舊款MX-GX1001,5.0,6,8,"$1,090"
868,鍋寶cookpot😊 304不鏽鋼 多功能蔬果研磨機MA-6208 調理杯/研磨杯 附贈杯圈 果汁機 調理機  豆漿機,5.0,11,21,$799
869,【限時特賣！現貨🍊克歐克手動榨汁器橙汁杯手動榨汁機家用榨橙器檸檬水果榨汁機橙子迷你榨汁器檸檬水果榨汁機橙子,5.0,19,33,$120
870,蝦皮優選安麗amway 歌林kolin 復古隨行杯 冰沙果汁機,4.0,1,3,$760
871,伊萊克斯 大師系列智能調理果汁機(EBR9804S) 公司貨 含運 福利品,5.0,2,2,"$6,900"
872,小太陽 冰沙機 果汁機 調理機 開關 鍵 自動回彈 瞬動 鍵 自動回彈,5.0,13,44,$100
873,全家福 1800CC 營業用果汁機(MX-818A)※可超商取貨,5.0,1,1,"$1,100"
874,飛利浦超活養果汁機HR2095,5.0,2,3,"$1,600 - $1,800"
875,【限時特價】recolte 日本麗克特 Solen 果汁機 蘋果紅 沁澄橘 樂活綠 櫻花粉 希臘藍2,5.0,11,20,"$1,360"
876,蝦皮優選🍉🍉🍉 西瓜機 商用大型果汁機(1馬力) 7公升商用 大型果汁機 巨無霸果汁機 果汁機 西瓜汁機 大慶㍿,5.0,3,7,"$8,930"
877,蝦皮優選大型果汁機 【1/2HP/7L/含稅價】🍉 西瓜機 商用果汁機 巨無霸果汁機 🍉西瓜機 果汁機,5.0,3,15,"$6,620"
878,不鏽鋼手壓式麵條器 手搖壓麵器 壓麵機 麵條機  附5種模板 不鏽鋼壓面機 多功能壓面器 家用手動麵條機 手動榨汁機,4.7,53,106,$190
879,[現貨]BINGO迷你隨身電動果汁機 當天出貨 便攜榨汁 電動打汁【刀鋒】,4.3,9,18,$350
880,特價10組 冰沙機 調理機 果汁機 杯組 通用型 新式握把更好握，特價5組,5.0,10,19,"$1,150"
881,蝦皮優選☆亮亮晶品☆切切樂配件【木製 果汁機】木製果汁機 辦家家酒 扮家家酒 木製玩具 磁性切切樂 水果切切樂 木製磁性冰淇淋,5.0,12,16,$350
882,美國 Oster BALL 打發器(BALL隨行杯果汁機專用) 搭配Ball隨鮮瓶使用,5.0,8,22,$459
883,美國 Oster BALL 不鏽鋼研磨罐(BALL隨行杯果汁機專用)  搭配Ball隨鮮瓶果汁機刀片即可使用,4.9,34,81,$459
884,小太陽 冰沙機 果汁機 調理機 67-02刀組  vitamix 聲寶 尚朋堂可用.買5送1再免運及送刀組工具,5.0,30,65,$320
885,蝦皮優選★樂樂購★鐵馬星空★馬卡龍充電式迷你隨身果汁機 USB 果汁機 輕便果汁杯 電動榨汁機 隨行杯【Z03-061】,4.8,77,149,$299
886,蝦皮優選[Hare.D]迷你榨汁機 簡易小型手動榨汁器 多功能水果榨汁器 小型果汁機,4.8,5,10,$39
887,PHILIPS飛利浦 超活氧果汁機刀座~ 適用HR2095、HR2096,5.0,5,7,$500
888,PHILIPS 飛利浦 檸檬/柳丁電動榨汁機 HR2738 / HR-2738,4.9,70,155,$685
889,飛利浦超活氧果汁機 HR2096,5.0,9,13,"$2,100 - $2,320"
890,免運 現貨公司貨一年保固 recolte 日本麗克特 Solen 復古果汁機 RSB-3 一機兩杯,5.0,3,6,"$1,388"
891,PRINCESS 荷蘭公主 隨行冰鎮杯果汁機/霧黑 212065,5.0,8,11,"$1,350"
892,✔MIO 鳳梨牌 果菜榨汁機/果汁機 零件/配件 CL-003AP1,4.9,8,26,$200 - $600
893,蝦皮優選mango  創意 烤肉 果汁機 中秋 端午  檸檬噴霧器,4.3,3,4,$48
894,不銹鋼手動榨汁機 水果手壓榨汁器 檸檬柳丁壓汁器不銹鋼手動榨汁機  柳丁壓汁器 檸檬壓汁器 水果手壓榨汁器 壓汁器 榨汁,4.9,43,93,$55
895,《J》日本 麗克特 recolte solen 果汁機 第二代 玻璃瓶隨身瓶 專櫃正品一年保固 單人 隨行杯 復古果汁機,5.0,59,91,"$1,390"
896,飛利浦 Avance 超活氧果汁機 HR2095,5.0,1,4,"$1,500 - $1,800"
897,^_^美國 vitamix原裝公司貨全系列專用正品調理機果汁機冰沙機香菇頭傳動座vita-mix維他美仕傳動軸原廠零件!,5.0,21,29,$580
898,✭美國亞馬遜熱銷✭▪大號▪高品質手動不銹鋼色鋅合金檸檬壓汁器/壓蒜器/手動榨汁機/檸檬夾/擠汁器,4.9,16,39,$390
899,recolte 日本麗克特｜Solen 果汁機RSB-3 (3色可選),5.0,25,32,"$1,480"
900,蝦皮優選大慶餐飲設備 小太陽上方蓋(皮蓋+小蓋)適用1500cc杯子 48941650 冰沙果汁機 沙冰機,5.0,2,3,$510
901,蝦皮優選附發票.原廠一年保固~PRINCESS 荷蘭公主 201851大馬力不鏽鋼萬能榨汁機 201851,5.0,56,86,"$2,490 - $3,090"
902,夏天的聖品~美國OSTER Blend Active隨我型果汁機/可自取/可超商/加贈線扣,5.0,13,28,"$520 - $1,390"
903,PHILIPS 飛利浦 HR2165 活氧果汁機,5.0,4,5,"$1,180 - $1,560"
904,思樂誼 SANOE 隨行杯果汁機 B101 榨汁機 隨行杯 果汁機 調理機 【24H出貨】,4.9,74,121,$830
905,蝦皮優選果汁機 隨身果汁機 免插電果汁機 水果榨汁機 副食品調理機 果汁杯【M002】,4.9,115,219,$320
906,大號鋅合金手動榨汁機 創意廚房工具手新聞手動榨汁機檸檬橙榨水果石灰榨汁機,5.0,4,5,$198
907,《現貨火速出》  TESCOM TM8800TW 果汁機 攪拌機 蔬果 水果 碎冰機 TM8800 公司貨,4.6,12,19,"$1,290"
908,蝦皮優選台灣三洋SANLUX 果汁機 SM-G918 超大容量 1500C.C. 玻璃材質 超強馬力,5.0,13,17,"$1,103"
909,蝦皮優選現貨免等🔜VITAMER 果汁機/維他命榨汁杯  水壺 USB充電 方便攜帶,4.9,302,741,$799
910,【加碼送USB充電線】家用 隨身 果汁機 USB充電 榨汁機 原汁 機攪拌機  便攜 迷你 隨充 送禮首選,4.6,15,29,$489
911,-水果店指定款-歐斯樂 1600cc 玻璃杯 碎冰 果汁機  榨汁機 玻璃杯果汁機 三段式 台灣製造 (HLC-737),4.9,10,13,$670
912,蝦皮優選開發票/台灣寄出👉粉紅系列果汁機 烤吐司機 攪拌機 兒童益智玩具 扮家家酒玩具☆蠟筆小屋☆,5.0,61,146,$179
913,tweety 隨行杯果汁機 雙杯組 不含雙酚A耐高溫【ZA07】,5.0,3,4,$888 - $990
914,歌林隨行杯果汁機(雙杯組)JE-LNP08,5.0,112,181,$610
915,蝦皮優選《好媳婦》日式【特厚玻璃檸檬壓汁器1入】榨汁器/水果柳丁各類蔬果果汁機/取汁器，耐酸鹼/最健康!,5.0,12,20,$160
916,❣全新品❣AMBI❣隨行悠活果汁機BL-2066❣❣新品外盒有瑕疵不介意者請下標,5.0,4,8,$450
917,蝦皮優選USB四刃充電隨行果汁機  果汁機 隨行果汁機 攪汁機 隨身冰沙機 充電果汁機 食品調理機,4.9,13,25,$499
918,新潮流健康食品調理機TSL-122(全配)~全新升級版~果汁機~研磨~馬力2萬轉~附食譜~纖維魔布~台灣製~免運,5.0,34,59,$300 - $760
919,蝦皮優選達新牌-電動榨汁機(TJ-5660),5.0,382,682,$320
920,蝦皮優選@@餐具達人**【營業用金鐘JB-02直立式壓汁機】營業專用省力壓柳丁機/壓果汁機/榨汁機**,4.9,18,28,"$1,500 - $2,000"
921,蝦皮優選最新版馬力升級~全配版~新潮流食品調理機 TSL-122 果汁機-冰沙機 (冰沙~豆漿~精力湯),4.9,45,78,$660
922,PHILIPS-飛利浦 超活氧果汁機杯座 適用HR2095 HR2096,4.7,7,11,$200
923,蝦皮優選TCY-6715 大家源隨行杯果汁機 0.4L,5.0,42,85,$500
924,蝦皮優選【coni shop】BINGO迷你隨身電動果汁機 現貨供應 當天出貨 便攜 榨汁杯 隨身杯 可攜式果汁機 USB充電,4.9,706,"1,309",$350
925,(福利品)【東元 TECO】多功能隨行杯果汁機 / 冰沙機 / 調理機 / 乾果研磨 / XYFXF9310  免運費,5.0,5,9,"$1,152"
926,蝦皮優選廚房用品 迷你 榨汁器 手動榨汁器 檸檬榨汁器 柳丁榨汁器 榨汁機 水果汁 壓汁器【KFS036】收納女王,4.9,28,64,$28
927,出口品質 新款加強不銹鋼【檸檬夾】手動水果榨汁器 廚房小工具不銹鋼製品 不銹鋼手動榨汁機 水果手壓榨汁器 檸檬柳丁壓汁器,4.2,6,15,$65
928,蝦皮優選【檸檬夾】出口品質 新款加強不銹鋼 手動水果榨汁器 廚房小工具不銹鋼製品 不銹鋼手動榨汁機 水果手壓榨汁器b 1130劉,4.7,46,108,$65
929,日式壓汁機 壓汁器 檸檬榨汁器 水果柳丁各類蔬果取汁器 果汁機,5.0,15,20,$280
930,阿事的店~KA066-02 ST檸檬機-大 果汁壓汁機 不鏽鋼 果汁壓汁機 (大)壓汁機 榨汁機 壓汁器 榨汁器 檸檬機,4.9,27,42,$206
931,<愛煮洋行>WMF 不鏽鋼檸檬片擠壓器 檸檬榨汁機,5.0,2,4,$400
932,蝦皮優選王電 果菜料理機 調理機 果菜機 果汁機 榨汁機 攪碎機 冰沙機 WO-2688 / WO2688,5.0,24,57,"$2,950"
933,PRINCESS 荷蘭公主 不鏽鋼萬能榨汁機 果汁機 201851,4.9,27,48,"$2,499"
934,PRINCESS-荷蘭公主不鏽鋼萬能榨汁機 201851,5.0,8,14,"$2,470"
935,PHILIPS 飛利浦Daily Collection 活氧果汁機~HR2101/HR-2101,5.0,9,17,$790
936,現貨小太陽TM-767冰沙機/調理機/果汁機/尚有TM-788/TM-800/TM-787/TM-737/TM-760,5.0,91,170,"$2,840"
937,【小太陽】TM-788冰沙機/調理機/果汁機/尚有TM-800/TM-787/TM-737/TM-760/,4.9,35,52,"$2,799"
938,迷你 手動榨汁機 家用小型 手工水果壓汁器 檸檬夾 多功能果汁 榨汁器,4.9,9,15,$50
939,蝦皮優選贈潤滑液 +自慰套 變形金剛 智能伸縮 50種模式 非手持式 多角度 吸盤伸縮巨砲機 黑 男性情趣用品電動飛機杯自愛器自慰杯榨汁機男性持久訓練器情趣商品依戀精品,5.0,1,2,"$2,250"
940,(聊聊享折扣/蝦皮最低價)加贈原廠食譜書【Electrolux伊萊克斯】大師系列智能調整果汁機 EBR9804S 調理機,5.0,3,3,"$6,900"
941,蝦皮優選【全家福】1500cc生機食品冰沙果汁機 (MX-817A) ND079,5.0,2,4,"$1,100"
942,蝦皮優選【一起蝦皮】OE140 手動榨汁器 漏滴式檸檬榨汁器 柳丁榨汁器 榨汁機 簡易榨汁器 輕鬆 簡單,4.8,35,61,$42
943,PRINCESS 荷蘭公主不鏽鋼萬能榨汁機 201851,5.0,20,35,"$2,470"
