,item,rate,num_rate,num_sold,price
0,【台灣公司貨】A2質感LED螢幕漸層藍芽體重計 USB充電 鋼化玻璃 圓角設計 防爆可秤180KG 馬卡龍色系電子體重機,4.9,"6,093",11000,$259.00
1,【Blade】小米體重計2 現貨 當天出貨 APP記錄 原廠公司貨 米家 智能體重計 體重機 體重秤 平衡力評估,5,"4,201","7,920",$390.00
2,【NCC認證】藍芽APP 智能LED精準數據體重計 A1 鋼化玻璃 圓角設計 防爆 體重秤 體重機 電子秤 準確測量,4.9,"4,430","8,177",$330.00
3,LED藍牙體重計 LED螢幕 智能漸層電子秤 USB充電 鋼化玻璃 圓角設計 防爆 可秤180公斤 馬卡龍色 體重機,4.9,794,"1,521",$170 - $249
4,🌼🌼🇹🇼台灣現貨出貨 APP智能BMI體脂秤 超多功能體脂秤  電子體重機 充電體脂秤 電子秤,4.9,"1,177","2,149",$349.00
5,蝦皮優選【台灣現貨】小米體重計2 送電池 小米體脂秤2 測量體重 小米原廠公司貨 台灣出貨 米家 小米生態鏈 小米有品,5,792,"1,324",$375 - $709
6,安心買🛍 台灣現貨 24H出貨 小米體重計2體重計 體重秤 小米體重秤 小米運動,5,"1,008","1,584",$735.00
7,小米體脂秤2 台灣現貨 BMI 體脂率 基礎代謝 APP記錄 智能體重器 體重秤 米家原廠智能體重計 現貨+發票,4.9,311,564,$699.00
8,[超取免運]LED螢幕漸層藍芽體重計 USB充電 鋼化玻璃 圓角設計 防爆可秤180KG 馬卡龍色系 體重機,4.9,"1,071","1,925",$259.00
9,蝦皮優選【現貨-免運費！台灣寄出實拍+用給你看】Meilen電子秤 BMI 體重計 體重機 體重 電子體重計 體重器 體重秤,4.9,"2,074","3,591",$549.00
10,【繁體中文版台灣公司貨】 買再送皮尺 LED數字顯示體重計 鋼化玻璃 圓角設計 防爆可秤180KG,4.9,649,"1,343",$299.00
11,【台灣現貨 當天出貨】 小米 米家 二代 體重秤 2 體重機 體重計 bsmi 體脂 脂肪 體脂秤 體脂計 體脂機,5,123,235,$379 - $599
12,現貨可自取  小米體脂秤2  BMI 體脂率 基礎代謝 APP記錄 智能體重器 體重秤 米家原廠智能體重 台灣現貨,5,153,306,$669.00
13,蝦皮優選【台灣現貨】 BMI體重機 繁體中文版 USB充電體重計  電子體重計 美體機  。BUENA【B101089】,4.9,406,702,$299 - $388
14,蝦皮優選【coni mall】小米體重計2 現貨 當天出貨 APP記錄 原廠公司貨 米家 智能體重計 平衡力評估,5,"1,034","1,830",$390.00
15,【SPeed-快速出貨】LED藍芽體重計 LED螢幕漸層藍芽體重計 電子磅秤 電子秤 體重計 體重機 體重秤,4.9,"1,705","3,265",$259.00
16,蝦皮優選【台灣現貨 當天出貨】送電池 小米 正品 新款 二代 體重計2 體重機 體重計2 體重 BMI 多種身體數據,5,"1,450","2,580",$385 - $699
17,蝦皮優選【coni shop】小米體重計2 現貨 當天出貨 APP記錄 原廠公司貨 米家 智能體重計 體重機 體重秤 平衡力評估,5,760,"1,300",$390.00
18,台灣現貨 180kg 體重秤 體重計  電子體重秤 彩虹款 人體秤 強化安全玻璃 公斤 kg【點亮居家】,4.9,668,"1,199",$225.00
19,🔥免運特賣🔥升級小米2代 體脂稱 體脂計 體重稱 小米體重計 二代 藍牙 智慧體脂計 小米體脂計2 智能小米 體脂秤,4.9,531,"1,136",$166 - $706
20,臺灣出貨 松櫻 體脂計 體重計 減肥 脂肪 電子體重計 精準 體重機  體重器 BMI 體重機 體重秤 體脂秤,4.8,266,474,$348 - $399
21,[現貨]小米體重計2 APP記錄 原廠公司貨 當天出貨 米家 智能體重計 體重機 體重秤 平衡力評估【刀鋒】,5,190,402,$390.00
22,小米體重計2 現貨 當天出貨 APP記錄 原廠公司貨 米家 智能體重計 體重機 體重秤 平衡力評估,5,216,410,$350.00
23,【加關注價】進階版只要690元 小米體重計2 送電池 小米體重秤2 測量體重 小米原廠公司貨 小米體重機2 小米正品,5,613,940,$365 - $690
24,【免運熱銷中❗️】 iNO CB760 12合一 藍芽體重計 清新白/櫻花粉/紳士黑/小鴨黃 電子體重計 體重機,5,526,"1,030",$599 - $649
25,歐文購物 簡約時尚體重計（玻璃加厚款）體重計減肥秤重玻璃體重計,4.8,208,430,$195.00
26,🎈台灣現貨🎈小米米家體脂計2代 藍芽13項數據智能精准家用電子小型mini體重秤健康脂肪,4.9,117,238,$699.00
27,✨迅速出貨🎉電子體重針 體重體脂計 體脂秤 體脂計 充電 多功能 電子秤 體重秤 語音 體重機 脂肪秤 體重計送捲尺,4.9,179,337,$339 - $395
28,蝦皮優選小米體重計2 送電池 小米體重秤2 測量體重 原廠公司貨米家 小米生態鏈 小米有品 台灣賣家,5,321,565,$365 - $690
29,蝦皮優選TANITA UM051 極致典雅三合一體脂計(運動體脂計/體脂體重計/體脂肪計),5,"1,014","1,719",$790.00
30,蝦皮優選體重計 感應開關 體重機 電子秤 體重秤 玻璃  卡通 動物 體重計 Color me【M091】,4.9,211,367,$165.00
31,(代購) iNO CB760  藍芽體重計 白/粉/黑/黃/藍 12合一 智慧型體重計 電子體重計 體重機 體重計,5,45,95,$550.00
32,免運費【台灣現貨】當天寄出 Meilen電子秤 BMI體重計 減肥 體重秤 重儀器 電子稱 體重機全齡適用 體重計,4.9,189,507,$469.00
33,【現貨-售完不再】小米有品  小米體重秤2 體脂計 體重計 體重秤 9項身體數據 手機app記錄 智能精準減肥電子稱,4.8,145,309,$439 - $650
34,藍牙智能體重計  健康檢測電子秤 支援APP測量 藍牙電子秤 藍牙體重機,4.9,707,"1,147",$239.00
35,【現貨秒出】WEIYI 智能 體重計 BMI 體重 體脂 60功能 體重秤 體重機 居家,4.8,120,"1,008",$288.00
36,蝦皮優選【珍愛頌】I023 CR2450 水銀電池 鈕扣電池 搖控器電池 電子秤電池 體重計電池 計算機電池 碼表電池 手錶電池,5,97,"1,583",$10.00
37,蝦皮優選【免運】 iNO CB760  藍芽體重計 清新白/櫻花粉/紳士黑 12合一 智慧型體重計 電子體重計 體重機 體重計,4.9,211,401,$589 - $849
38,Q萌體重計  可愛卡通夜視版5mm強化安全玻璃公斤KG 磅LB 180KG電子體重秤 4號電池人體秤  意樂鋪,4.9,"1,043","1,969",$168.00
39,蝦皮優選台灣現貨附發票保固 AnsonBuy 超質感 電子 體重計 LCD夜視 180Kg 體重秤 電子秤 磅秤 體重器 體重機,4.9,76,163,$2 - $249
40,🔥免運 新升级🔥藍牙 體重計 體脂計 體脂秤 超薄 藍牙 鋼化玻璃 藍牙體脂計 減肥 監督 管家 APP控制 體脂稱,4.7,55,120,$286 - $418
41,小米有品 體脂計2 體重秤2 13項健康家用體脂秤 智能高精準BIA芯片 平衡能力測試 減肥體重器  藍芽支援 運動AP,4.8,98,215,$390 - $650
42,蝦皮優選台灣現貨 附發票 保固180天 可愛迷你 電子 體重計 LCD夜視 180Kg 寵物秤 電子秤 磅秤 體重器 體重機 秤,4.9,623,"3,533",$2 - $185
43,蝦皮優選【限時優惠】 電子體重計 迷你體重計 LED體重計 體重器 體重機 體重計 體重秤,4.9,"2,290","4,875",$169 - $269
44,蝦皮優選汝果【E1089】松櫻家用精準體重秤  繁體中文版 智能脂肪秤體脂秤 BMI減肥體脂機,5,126,219,$299 - $380
45,【iNO】Model 5 震動按摩槍 筋膜槍 送藍芽體重計,4.9,88,198,"$4,790 - $4,990"
46,現貨~SAMPO 聲寶 超薄電子式體重計BF-L1501ML（無附電池）,5,577,851,$299.00
47,馬卡龍色系LED螢幕漸層藍芽體重計 USB充電 鋼化玻璃 圓角設計 防爆可秤180KG 蝦皮24h 現貨,5,177,304,$268.00
48,⚡️Mr.CP⚡【特價】APP 體重機 科學 飲食 app體重機 瘦身 智能體重計 健身 體重計 減重 鍛鍊 男女 重訓,4.9,142,319,$39.00
49,【現貨秒出】 INO原廠公司貨 高準度智能藍芽體重機 體脂計 連結手機APP連結手機APP Iphone 安卓皆可安裝,5,67,127,$580 - $630
50,蝦皮優選【珍愛頌】I018 CR1616 3V 鈕扣電池 水銀電池 計算機電池 手錶電池 主機板電池 體重計電池 電子秤電池,4.9,108,"2,303",$3.00
51,蝦皮優選【公司貨附發票】OMRON歐姆龍 HBF-222T 可連結藍芽APP HBF2 體脂計  體重計,5,161,237,"$2,288 - $2,480"
52,24小時發貨！！多功能體重計 體重體脂計 脂肪 充電體脂計 減肥 減重 體重體脂計  體脂肪計  體重計 智慧體脂稱,4.8,69,113,$348 - $399
53,【每人限購2台】藍芽智能體重機 體脂計 【現貨】INO 高準度 7-11預購同款 瘦身 減肥 健康 塑身,4.8,81,182,$630.00
54,[現貨]  電子體重秤 24H出貨 台灣現貨 【小麥購物】 【C131】體重機 量體重 電子 精準 數位 體重秤 低耗電,4.9,614,"1,057",$249.00
55,【讓利促銷】體脂計 超薄鋼化玻璃 多功能APP控制 藍牙體重計 健康監督管家 智能減肥電子體脂秤 體重計,5,118,246,$278 - $318
56,🎉四號電池 CR2032 鈕扣電池🎉體脂計 體重計專用電池,4.9,128,"1,387",$5 - $6
57,【原廠24H出貨】iNO HELLO KITTY版 藍牙智能體重計(CB760),4.9,77,127,$850.00
58,圓型玻璃體重計-小/透明玻璃體重計/強化安全玻璃電子秤/人體秤 體重秤 附發票【賣貴請告知】,4.8,"1,983","5,053",$130.00
59,fa105批發/代購 最新升級版智能體重計 藍芽 體脂機 電子體重計 語音檢測結果 多功能體重計 減肥秤 人體秤 體脂計,5,1,50,$116 - $580
60,免運+24H出貨【iNO 15合1健康管理藍牙智慧體重計】電子體重機 體重秤 體重機 電子秤 電子體重計 體脂計,5,38,87,$789.00
61,【iNO】iNO 合晶藍牙智能體重計 六月瘋媽祖 老闆特價 特價,5,131,254,$520 - $535
62,智能超薄APP藍牙體重計 蝦皮團購,4.9,347,593,$380.00
63,蝦皮優選公司貨附發票有保固 AnsonBuy 超質感 電子 體重計 LCD夜視 180Kg 體重秤 電子秤 磅秤 體重器 體重機,5,362,"1,166",$2 - $249
64,【618促銷 小米官方正品】小米 體脂計 體脂稱2 體脂秤 體重計 小米體重計 成人減肥 電子秤 體脂器 體重計,4.9,67,117,$778.00
65,【NCC認證】藍芽版 無框精準傳感鏡面體重計 溫度轉換 USB充電 LED螢幕 智能體重秤 體重機 專屬APP 體脂計,4.9,489,970,$329.00
66,東元 BMI藍光體重計 XYFWT-521 蝦皮24h 現貨,4.9,357,566,$399.00
67,現貨+免運+保固1年 小米體重計 智能藍牙體脂秤 智能體重秤 小米體脂計 體脂器 電子體重機 人體電子秤 家用減肥脂肪秤,5,35,74,$90 - $650
68,【現貨免運、公司貨】 iNO藍牙體重計 CB760 清新白 尊爵黑 藍芽 7-11同款 健康 減重 減脂,5,528,855,$588 - $648
69,附發票現貨 高質量體重機 體重機 電子體重計 體重計 體重秤 電子秤 高質量體重秤 松櫻體重秤 智能體重秤,4.8,98,181,$299.00
70,蝦皮優選📱【台灣出貨 體重計】日本爆款第五代 藍牙體重機 可直接APP觀看 智能節電 體重計 LED清晰顯示屏 鋼化玻璃設計,5,125,201,$329.00
71,【專賣小米】小米體重計2 送電池 小米體重秤2 量體重 小米原廠公司貨 小米正品 小米有品,5,71,107,$365.00
72,保固一年+免運 小米體重計 小米電池 體重秤 小米體脂計 電子秤 體脂秤 體脂器 體脂機  體脂計 體重機,5,55,143,$189 - $650
73,Q萌體重計  可愛卡通夜視版 強化安全玻璃公斤KG 磅LB 180KG電子體重秤 4號電池人體秤  一路發,4.8,315,680,$168.00
74,鋼化玻璃卡通電子體重計 背光螢幕人體秤 體重機 減肥健身【GG195】,4.9,468,955,$165.00
75,蝦皮優選台灣現貨附發票 保固180天 電子體重計 LCD夜視 180Kg 寵物秤 電子秤 磅秤 體重器 體重機 體重秤 測量體重,5,26,294,$2 - $279
76,[現貨] 玻璃體重計 24H出貨 台灣現貨 【小麥購物】【C175】強化玻璃  KG LB 電子體重計 體重秤 人體秤,4.8,322,646,$199.00
77,【iNO】智能藍牙體重計/體重機 CB760,4.9,80,136,$850.00
78,蝦皮優選小米體重計 2 液晶體數字顯示測量體重小米體重秤2 小米原廠,5,17,36,$465.00
79,WEIYI唯一 智能 體重機 體重計 體重秤 居家 【24H出貨】 529,4.1,14,67,$288.00
80,電子體重計 體重體脂計 脂肪 充電 多功能 體脂計 減肥 減重 體重體脂計  體脂肪計  體重計 智慧體脂稱,4.8,51,92,$262.00
81,🔥免運🔥可充電多功能 繁體中文 體脂計 精準電子計 多項數據 BMI體重秤 精準體重計 體脂計 體重器,4.8,49,90,$88 - $389
82,蝦皮優選限時免運【兩錢分厘磅秤專賣】LED 隱形字幕USB充電款 防爆玻璃，純體重計無法連結APP/可顯示溫度/送皮尺+USB線,4.9,161,261,$249.00
83,免運+24H出貨【iNO 15合1健康管理藍牙智慧體重計】電子體重機 體重秤 體重機 電子秤 電子體重計 體脂計,4.9,27,53,$789.00
84,❤限時特價❤【现货 24小時發貨】可選USB充電電子稱體重秤精準家用健康秤人體秤成人減肥稱重器計,4.7,279,545,$167 - $188
85,【台灣現貨x哪門子】LED藍芽漸層體重計 鋼化玻璃 漸層藍芽體重計 漸變電子體重計 藍牙體重機 電子磅秤 電子秤 體重秤,5,38,61,$239.00
86,小米體重秤2/小米體重計2 【24H出貨/台灣保固】智能家用體重秤/嬰兒.成人體重秤/迷你健康人體電子秤,4.8,196,351,$350.00
87,蝦皮優選☆其欣小舖☆卡通鋼化玻璃電子體重計 迷你體重機 背光螢幕人體秤  圖案隨機,4.8,106,196,$145.00
88,蝦皮優選台灣三洋SANLUX數位家用體重計 SYES-301M,5,98,165,$399.00
89,⭐台灣現貨⭐限時優惠⭐  USB漸層體重計 漸變體重計 超薄隱屏 5-180kg 電子體重計 體重秤 體重機 體重器,4.9,64,96,$239.00
90,質感LED螢幕漸層體重計  鋼化玻璃 圓角設計 防爆可秤180KG 馬卡龍色系電子體重機,5,11,29,$55 - $160
91,【送好禮】塔尼達體脂肪計TANITA 體脂計UM-070 免運費 UM070 體重體脂肪體水分 體重計,5,579,963,$749.00
92,蝦皮優選TANITA BC565 自動顯示功能九合一體組成計(BC-565/體脂計/體重計),5,261,440,"$2,100.00"
93,🔥買一送三 繁體版 手機APP版 小米原廠體重計 保固三個月 體重計 智慧體重機 送禮 BMI 電子體重器 非體脂計,4.9,625,"2,604",$5 - $450
94,免運+24H出貨【iNO 15合1健康管理藍牙智慧體重計】電子體重機 體重秤 體重機 電子秤 電子體重計 體脂計,4.9,17,36,$999.00
95,蝦皮優選《日漾》時尚電子智慧體重器  家用人體秤 智慧健康體重秤  精准玻璃秤重 廚房電子秤 智能秤 廚房秤 家用體重秤 體重,4.8,323,556,$180.00
96,dafa03批發/代購最新升級版智能體重計 藍芽APP 體脂機 電子體重計 語音檢測結果 多功能體重計 減肥秤 體脂計,5,1,32,$116 - $580
97,蝦皮優選【現貨速寄】LED極光漸變體重計 夢幻漸層 體重計  LED螢幕 精準測量 智能感應 安全鋼化玻璃 省電長續航,4.9,17,23,$199.00
98,3205批發 最新升級版智能體重計 藍芽APP 體脂機 電子體重計 語音檢測結果 多功能體重計 減肥秤 人體秤 體脂計,5,2,80,$116 - $580
99,白帶魚大咬中 釣具 漁具 《CR2032》天球原裝 水銀電池 鈕扣電池日用品 體重計 遙控器 耳溫槍 汽車胎環壓力計,5,7,70,$3.00
100,SAMPO 聲寶 超薄電子式體重計 BF-L1501ML,4.9,196,380,$299 - $319
101,頂好電池-台中 日本製造 MAXELL CR2025 鋰電池 單顆價 適用 耳溫槍 體重計 遙控器 血糖機,5,13,126,$12.00
102,【讓利促銷】體脂秤 可充電多功能 體脂計 精準電子計 BMI體重秤 LCD液晶顯示螢幕 電子秤 體重器,5,36,62,$338.00
103,SAMPO 聲寶 超薄電子式體重計 BF-L1501ML 超大螢幕|四點傳感,4.9,137,221,$299.00
104,折扣碼EXCL0615小米體重秤2 小米體重計2 新官網正貨 現貨台北,5,180,296,$365 - $699
105,鋼化玻璃卡通電子體重計 背光螢幕人體秤 體重機 減肥健身【GG195】,4.8,25,44,$165.00
106,【送好禮】塔尼達TANITA體脂計 BC-565 體組成計 免運費 可選色 BC565 體重計 體脂肪計,5,61,96,"$1,980.00"
107,B2187 3公斤電子秤-白/液晶螢幕電子式3公斤電子秤/料理秤/廚房秤/體重計,4.9,123,282,$16 - $75
108,7799批發 最新升級版智能體重計 藍芽APP 體脂機 電子體重計 語音檢測結果 多功能體重計 減肥秤 人體秤 體脂計,5,2,40,$116 - $580
109,【臺灣現貨】電子體重計 體重體脂計 體脂秤 體脂計 充電多功能 電子秤 體重秤 語音 體重機 體重計送捲尺,4.8,25,49,$348 - $399
110,免運 JIL 體重計 體脂計 智能體重計 磅秤 藍芽體重計 APP體重計 電子秤 小米體重計 BMI 松櫻,5,137,210,$120 - $559
111,TANITA UM051 極致典雅三合一體脂計(體脂計/體脂機/體脂肪計/體重計),4.9,548,911,$790.00
112,蝦皮推薦【現貨免運！】華為旗下榮耀智能體脂秤2電子秤體重秤家用稱重健康減肥精準體脂體重心率監測迷你小巧,5,10,19,$839.00
113,新款USB充電 電子體重秤 精准家用 人體儀 體重計 重計器女智慧 體重機 家庭稱重 女士稱重 男士稱重 減肥必備,4.9,12,18,$199.00
114,蝦皮優選【免運】【好禮三響砲】 OMRON HBF371 歐姆龍 體脂計 (兩色可選) 一年保固 公司貨 體重計 體脂肪計,5,216,387,"$2,880.00"
115,TANITA BMI 電子體重計 HD325 / HD-325,4.9,458,791,$799.00
116,【24h快速出貨】iNO 藍牙 智能 體重計  HELLO KITTY 聯名款 CB-760 CB760 黑 白 紅,4.9,83,146,$850.00
117,【送現金卡】OMRON 歐姆龍 HBF-212電子體重體脂肪計 HBF212 歐姆龍體脂計 體重計,5,85,125,"$1,150.00"
118,<睿米生活>小米體脂計2/小米體重計2  app 控制 體重計 智能精準減肥電子秤 13項身體數據 高精準BIA芯片,4.8,19,43,$350 - $675
119,🔥免運🔥小米原廠 2代 體脂計 小米體脂計2 app 控制 體重計 智慧體脂稱2代 同時檢測 台灣一年保固,4.9,48,90,$60 - $699
120,【贈雙重好禮】OMRON歐姆龍 藍牙體重體脂計HBF-222T 體脂肪計 藍芽體脂計 體組成計 體重計 HBF222T,5,22,33,"$2,288.00"
121,蝦皮優選[🥛今天免運🥛] 小米體重計2 (含電池) 小米體重秤2 小米體重計二代 體重計 體重秤,5,827,"1,370",$425.00
122,[中部電器] 公司貨 【TANITA】BMI機械式體重計 HA552 (體重秤/體重器),4.9,174,294,$349.00
123,【附發票】強化安全玻璃公斤KG.磅LB 180KG電子體重計 體重秤 人體秤～得來速,4.8,802,"1,845",$150.00
124,TANITA HD660 HD-660 輕巧電子體重計 體重計 盒裝 全新 出清,5,9,18,$500.00
125,廚房大師-(送電池)卡通強化玻璃體重器 電子體重計 液晶電子秤 磅秤 數位體重機 6MM 強化玻璃 180KG/,4.9,60,101,$175.00
126,Meilen電子秤家用精準人體體重計 usb充電 成人電子秤 體重秤 健康秤稱 重儀器 體重計 BMI 液晶顯示,4.9,622,"1,127",$30 - $479
127,2626 體重秤  彩虹體重計 強化玻璃 電子體重計體重秤 電子秤 體重計 體重機 180KG電子體重秤,5,47,91,$225.00
128,智慧電子體脂秤 精準體重秤 成人數位體重計 APP軟體記錄 語音播報 家人模式 液晶顯示熒幕 USB充電 減肥BMI,4.9,27,57,$499.00
129,現貨 松櫻體重秤 電子秤 體重計 體重秤 電子體重秤,5,17,39,$270 - $280
130,【NCC認證】APP藍芽 雙漸層數據提供智能體重計 鋼化玻璃 USB充電 LED螢幕 防爆 溫度 單位換算 贈皮尺,5,91,259,$279.00
131,蝦皮優選【免運+好禮二選一】OMRON HBF212 歐姆龍體脂計 (三色可選) 一年保固 體重計 體脂肪計,5,38,56,"$1,150.00"
132,繁體中文版 智能LCD智能體脂體計 體重計,4.9,184,342,$315.00
133,蝦皮優選CR2032(5粒) 鈕扣電池 電子秤 汽車遙控器 體重秤自拍器 3V 鈕扣電池。BUENA【B010801】,4.9,96,268,$15.00
134,蝦皮優選『免運』網美體重計 24H出貨 台灣現貨【矮胖老闆】【A464】漸層體重機 體重秤 電子秤磅秤電子秤LED超薄防爆體重計,4.9,270,471,$269.00
135,白色iNO】CB760高準度藍牙APP體重計 體重機 智能體重器 原廠公司貨 保養 APP 上網 運動,5,9,12,$530.00
136,漸層體重計  漸變唯美強化安全玻璃公斤KG 180KG電子體重秤 4號電池人體秤 溫度計   意樂鋪,4.6,5,13,$199.00
137,小米體重計2 送電池 小米體重秤2 測量體重 小米原廠公司貨 台灣出貨 米家 小米生態鏈 小米有品,5,286,449,$385 - $735
138,蝦皮優選【買就送皮尺】多功能智能LCD體重計 電子秤(3色可選)【T-SING MARKET】,4.9,57,81,$329.00
139,蝦皮優選TANITA UM070 晶采時尚體脂計(三合一)(運動減重體脂肪計/體重計/體脂機),4.9,320,549,$790.00
140,蝦皮優選【附發票】 TANITA BMI體重計HA-552 (黑) 二合一 磅秤 量體重 家用秤 家庭必備 日本大牌,4.9,209,336,$339.00
141,蝦皮優選現貨 小東西印章 獨家代理 每週挑戰印章 月曆印章 體重計印章 健身系列 健身打卡印章 體重計印章,5,32,108,$15 - $69
142,現貨 小米有品 智能體重秤2 體脂秤 體重計2 體脂計 13項精準數據 人體電子秤2  藍牙APP 體脂器 體脂機,4.9,70,130,$90 - $389
143,【小米正品】小米體脂計2 app 藍牙體重計2代 多功能智慧 成人減肥電子秤 體脂計 BMI減脂肪 體重秤,5,127,256,$158 - $699
144,全機保固半年 體重計 智慧體重機 中文顯示屏體重秤 智能家用體重機 體重計 體重器,4.9,122,403,$5 - $188
145,本地現貨 USB充電 電子體重計 體重體脂計 體脂秤 體脂計 充電 多功能,4.8,57,98,$99 - $330
146,蝦皮優選【送好禮】塔尼達 TANITA 體脂計 BC-565 公司貨 體組成計 四色可選 BC565 體脂肪計 體重計,5,33,51,"$1,980.00"
147,蝦皮優選❤天天出貨可超取附發票❤TECO 東元 體重計 電子秤 電子體重計 XYFWT503,4.9,60,107,$279.00
148,現貨 體脂計 智能體重計 磅秤 藍芽體重計 電子稱 體重計 APP藍芽體重計 電子體重計 藍芽體重,5,7,21,$487.00
149,美极电子称 体重秤家用电子秤人体秤体重称成人体重计精准称重仪,4,1,11,$209.00
150,體脂計 多功能藍牙體脂秤 超薄鋼化玻璃 體重計 APP控制 智能 健康監督管家 電子秤 LCD液晶顯示螢幕 電子計,4.7,30,68,$298 - $428
151,【現貨 免運費！Meilen 體重機】BMI體重計  體重秤 usb充電 重儀器 電子稱 電子秤 藍芽體重計 溫度計,4.9,37,61,$465.00
152,蝦皮優選鋼化玻璃卡通電子體重計 圖案隨機  背光螢幕人體秤 迷你體重機★樂樂購★鐵馬星空★【B07-035】,4.9,22,34,$145.00
153,體重機  電子秤 體重計 感應開關 體重秤 玻璃  卡通 動物 體重計 米菈生活館【M091】,4.8,50,104,$165.00
154,台灣三洋數位體重計SYES-301MB,4.9,21,41,$369.00
155,CEO CR2450 汽油遙控器電池 水銀電池 鈕扣電池 計算機電池 體重計電池,4.9,9,179,$5.00
156,蝦皮優選【附發票】 (優惠下殺!!) 指針式體重計 海豚 風景 指針 體重器 體重機 指針體重計,4.9,56,88,$199.00
157,OMRON 歐姆龍 HBF-371 體重體脂肪機 體重計 體脂肪計 HBF371 【胖胖生活館】,5,8,17,"$2,880.00"
158,【台灣現貨 ！Meilen 體重機】BMI體重計 減肥瘦身 體重秤 usb充電 重儀器 電子稱 電子體重計,4.9,11,32,$439.00
159,7013批發 最新升級版智能體重計 藍芽APP 體脂機 電子體重計 語音檢測結果 多功能體重計 減肥秤 人體秤 體脂計,5,8,132,$116 - $580
160,小米體重秤2/小米體重計2 台灣現貨/保固 官方正品 全新商品,5,77,128,$345.00
161,蝦皮優選【台灣現貨】動物體重計 兩款小白熊/小藍鯨 體重計 使用5mm強化安全玻璃電子體重秤內附2電池『勾汪雜貨舖』,4.9,70,124,$188.00
162,蝦皮優選☆其欣小舖☆時尚十字強化玻璃電子體重計,4.9,35,51,$199.00
163,《台灣現貨 電子體重機 》攜帶式自動開關/夜視液晶顯示/天然橡膠止滑/測量高精準【VR030243】『TRENDY』,4.8,29,"1,679",$219.00
164,蝦皮優選🚛 台灣現貨  體重計 超質感 體重機 CP值爆表 180kg 精準體重計 夜視  快速出貨 【Z90522】,4.9,17,26,$299.00
165,【台灣公司貨】日本爆款第五代 藍牙體重機 可直接APP觀看 智能節電 體重計  LED清晰顯示屏 鋼化玻璃設計,4.9,205,463,$399.00
166,蝦皮優選塔尼達 TANITA 體脂計BC-706 日本製全新品 BC706 體組成計體脂肪計 體重計,5,23,43,"$2,480.00"
167,【送好禮】塔尼達TANITA 體脂計UM-070 免運費 UM070 體重體脂肪體水分 體重計 體脂肪計,5,161,303,$749.00
168,【現貨+批發價】迷妳 體重機 體重計 最便宜又好用 操作簡單 卡通 藍鯨 多啦A夢 粉色小熊,4.9,41,79,$169 - $299
169,便攜式電子體重秤女宿舍小型旅行充電人體秤迷你精準減肥稱體重計,5,9,24,$229 - $249
170,【台灣現貨 快速出貨】LED藍牙體重計 LED螢幕  USB充電 一般電池 鋼化玻璃 可秤180公斤 馬卡龍色 體重機,5,10,19,$220.00
171,體脂計 體重計 電子秤 可添加10組家庭成員體質數據 減肥 脂肪 電子體重計 精準 體重機 體重器 體重秤 體脂秤,5,6,13,$298.00
172,iNO CB760 12合一 藍芽體重計 清新白/櫻花粉/紳士黑 12合一 智慧型體重計 電子體重計 免運【胖胖生活館】,5,41,68,$699 - $990
173,┇✴◄可選充電電子稱體重秤精準家用健康秤人體秤成人減肥稱重計器精準,5,8,16,$105 - $163
174,鄉村小屋/浪漫櫻花機械式體重計 TCL-65,4.8,13,30,$179.00
175,方型玻璃體重秤 28公分 透明玻璃體重計 強化安全玻璃電子秤 人體秤 體重秤 附發票【賣貴請告知】,4.8,17,48,$198.00
176,【愛生活 專人服務】米家 雲麥好輕mini2 智能 精準電子秤 體重秤 家用 脂肪秤 體重計 體脂計,4.9,35,66,$699.00
177,【台灣現貨】小米 體重計 2 米家體重計 體重機 APP紀錄 體重秤 體重秤 小米手環 小米運動 米家 體重機,5,77,132,$379 - $690
178,蝦皮優選【台灣現貨 附發票】可愛迷你 電子 體重計 LCD夜視 180Kg 寵物秤 電子秤 磅秤 體重器 體重機,4.8,190,554,$100 - $189
179,蝦皮優選台灣公司貨附發票 保固180天 可愛迷你 電子 體重計 LCD夜視 180Kg 寵物秤 電子秤 磅秤 體重器 體重機 秤,4.9,145,939,$2 - $185
180,TANITA機械式BMI體重計HA552(體重秤/體重器/量體重/塔尼特/HA-552/母親節禮物),4.9,72,164,$379.00
181,蝦皮優選【附發票】 (送好禮!) TANITA 體重計 HA-801 機械式 指針式 磅秤 量體重 家用秤 家庭必備 日本大牌,5,114,180,$299.00
182,[現貨] iNO 高準度藍牙體重計CB760  可連結藍芽 公司貨 開發票【醫妝世家】體重計 體脂計,4.9,16,29,$699.00
183,【台灣現貨 當日出貨】小米有品 米家體脂秤系列 雲麥 好輕mini2 智能體脂秤 體重秤 體脂計 體重計 脂肪 統計表,4.9,89,189,
184,現貨免運中 小米有品 米家 雲麥好輕 mini2 智能體脂秤 電子秤 體重秤 體重計 體重計 成人 減肥 家用健康必備,5,4,8,$360 - $670
185,歐姆龍體重計止滑墊換新,5,2,7,$10.00
186,【台灣現貨】小米體重秤2 小米體重計2 LED屏幕,5,15,37,$355.00
187,⚡️台灣現貨+發票⚡️充電式體重器 電子體重計 電子體重器 體重計 體重器 體重秤 電子秤,5,6,9,$45 - $200
188,每人限購2台【正版公司貨】7-11同款Hello kitty新版 INO 高準度智慧藍芽體重計 體脂計,5,62,100,$888.00
189,蝦皮優選OMRON HBF-702T 藍牙體重體脂肪計 歐姆龍體脂計 一年保固 體重計 體脂肪計 藍芽體重計 701升級版,5,13,22,"$5,980.00"
190,現貨【多款可選】便攜式鏡面電子體重秤 女宿舍小型充電人體秤 家用精準小巧減肥稱 體重計 減肥 帶溫度顯示,4.9,24,41,$149 - $329
191,【現貨  保固1年】正品日本TANITA百利達測量儀電子體重秤BC-750,4.6,41,65,"$1,273.00"
192,臺灣現貨 電子體重計 體重體脂計 脂肪 充電 多功能 電子秤 體重秤 語音 體重機 app 脂肪秤 體重計app 電子,4.8,116,181,$319 - $343
193,強化玻璃精準電子體重計 簡約時尚 人體體重機 雕塑曲線體重計 人體秤 液晶電子秤-輕居家0793,5,101,193,$239.00
194,蝦皮優選限時免運【兩錢分厘磅秤專賣】LCD 時尚可愛白光字體/鋼化玻璃，體重計/人體秤/電子秤/體脂計/USB充電款新上市,4.9,284,498,$219 - $239
195,十字體重計  帶溫度計電量顯示夜視版強化安全玻璃公斤KG 180KG電子體重秤 4號電池人體秤 自動上秤型  意樂舖,4.8,245,540,$229.00
196,蝦皮優選【超商免運+好禮三響砲!】 OMRON HBF375 歐姆龍體脂計 一年保固 公司貨 體重計 體脂肪計,5,61,130,"$3,599.00"
197,《好康醫療網》OMRON歐姆龍體脂體重計/體重體脂計HBF-217,4.9,184,284,"$1,780.00"
198,CR 2032 鈕扣電池 鋰 3V 人體電子稱 體重秤 主板 小米 汽車 遙控器 鑰匙,5,66,867,$4.00
199,NoxMall 正品【現貨】 它知道微小的體重變化 體重計 LED螢幕漸層藍芽體重計 USB充電 鋼化玻璃 電子秤,5,12,18,$209.00
200,松櫻智能脂肪秤 中文顯示屏 體脂稱 精准靈敏人體成份分析健康秤 智能體重秤 AI&小米智能商店 健康秤 減肥減重必備,4.7,7,27,$355.00
201,OMRON 體重體脂肪機 HBF-214 體組成計 體脂計 體脂肪計 體重計,4.5,4,10,"$1,600.00"
202,多功能usb電子體重計  體重計 多功能體重機 體重機 測脂 減肥 附發票,5,8,17,$199.00
203,【台灣現貨】附電池 小米 正品 米家 新款 二代 體重計 體脂秤2 體重機 體脂秤 體脂機 體脂肪 體脂計 大陸官網代購,4.8,28,52,$379 - $779
204,【正品現貨】附電池 小米 正品 米家 新款 二代 體重計 體脂秤2 體重機 體脂秤 體脂機 體脂肪 體脂計,4.7,22,48,$750.00
205,【24HR快速出貨】原廠保固原廠保固 INO高準度智能藍芽體重機 體脂計7-11預購同款,5,15,30,$580 - $630
206,【限量大促 】可充電多功能 體重計 精準電子計 BMI體重秤 精準體重計 體脂計 體重器,5,6,11,$259.00
207,台灣現貨! 小米體脂秤2/小米體重計2  APP 控制 體重計 智能精準減肥電子秤 13項身體數據 高精準BIA芯片,4.9,52,96,$360 - $720
208,SAMPO聲寶圓形電子體重計BF-L1104ML,5,7,13,$148.00
209,2019家用精準電子秤體重秤成人健康減肥稱重人體秤充電卡通稱體重計器,4.8,24,41,$179 - $209
210,⚡️Mr.CP⚡App 松櫻 現貨 正品 體重機 繁體中文 原廠授權 智能體重機 體重計 體重 重訓 藍芽 連線 同步,4.9,112,207,$150 - $299
211,新品現貨在台 香山 嬰兒體重計電子秤 體重秤 量身高 1500,5,16,33,"$1,350.00"
212,【T-BSR批發商城】松櫻體重計 體重計 體重機 禮物 瘦身 減肥 減重 批發,4.9,139,338,$299.00
213,【送好禮】塔尼達TANITA 體脂計UM-070 UM070 體重體脂肪體水分 體重計 體脂肪計,5,141,252,$749.00
214,蝦皮優選【免運+好裡三響砲】 OMRON HBF212 歐姆龍 體脂計 (三色可選) 一年保固 體重計 體脂肪計,5,124,193,"$1,150.00"
215,蝦皮優選【免運】【好禮雙響砲】 OMRON HBF217 歐姆龍 體脂計 (兩色) 體重計 體脂肪計 (214進階版),5,253,386,"$1,780.00"
216,【送好禮】塔尼達TANITA 體脂計BC-565白色 體組成計 BC565 體脂肪計 體重計,5,43,62,"$1,980.00"
217,TANITA 塔尼達 BC-750 十合一女性減重模式體組成計 體組成計 體脂肪 體重計 BC750  【胖胖生活館】,5,14,19,"$2,490.00"
218,(宇科技) SONY CR2032 鈕扣 3V電池 遙控器 體重機,5,6,11,$10 - $48
219,嬰兒秤體重秤200kg 可測量嬰兒身高和體重 分體設計寶寶媽咪都能稱重  可當寵物數字秤,5,3,6,$899.00
220,【限量搶購】藍芽智能體重機 體脂計 INO 高準度 7-11預購同款 瘦身 減肥 健康 塑身 IOS 安卓皆可用,5,8,21,$580 - $630
221,限時大促……金妙可選充電電子秤體重秤精準家用健康秤人體秤成人減肥電子稱女,4.8,28,42,$118 - $235
222,漸層體重計  漸變唯美強化安全玻璃公斤KG 180KG電子體重秤 4號電池人體秤 溫度計   一路發,4.8,4,6,$199.00
223,體重計 彩色 USB LED螢幕漸層體重計 USB充電 鋼化玻璃 體重機 圓角設計 防爆可秤180KG 馬卡龍色系體重機,4.8,20,35,$60 - $238
224,現貨 小米體脂秤2 台灣現貨 BMI 體脂率 基礎代謝 APP記錄 智能體重器 體重秤 米家原廠智能體重計,5,4,9,$669.00
225,台灣 小米體重機2 全新未拆,4.9,37,64,$379.00
226,臺灣現貨 智能藍牙體脂秤 體脂機 體重計 體脂計 體脂器 電子體重機 人體電子秤 智慧體脂計,4.9,9,12,$90 - $650
227,蝦皮優選【現貨 免運費！Meilen 體重機】BMI體重計 減肥瘦身 體重秤 usb充電 重儀器 電子稱 電子秤 藍芽體重計,4.8,87,197,$499.00
228,智能體重計 電子秤 多功能脂肪秤 家用體重秤 人體秤 體重機 中文  減重瘦身運動 體脂肪 體脂機  體重(718),5,3,7,$299.00
229,小米體重秤2 小米體重計2 白色 官方原裝正品 全新商品【台灣出貨】,5,3,6,$338.00
230,蝦皮優選現貨 小米 小米體重計2 體脂計2 體重機 家用體重機 BMI測量 LANS 陸板,5,40,63,$369 - $749
231,電子體重計 體重體脂計 體脂秤 體脂計 充電 多功能 電子秤 體重秤 語音 體重機 脂肪秤 體重計送捲尺,4.9,79,137,$349 - $399
232,小米體重秤2 【台灣現貨白色/保固】,4.9,22,30,$345.00
233,蝦皮優選【台灣現貨 當天出貨】送電池 小米 正品 新款 二代 米家 體重計 2 體重秤 體重機 BMI 智能APP 大陸官網代購,5,71,120,$389.00
234,【1號店通訊】新一代 升級版 送電池 新款 小米 正品 二代 體重計2 體重秤2 bmi 大陸代購,5,245,400,$379 - $699
235,蝦皮優選oserio中文體脂計FSC-329(歐瑟若/體脂肪計/體脂機/體重機/體重器),4.9,110,246,$888.00
236,蝦皮優選TANITA BC545N 十合一體組成計 (手握式) 有保固 體脂計 體重計 塔尼達,5,11,16,"$7,570.00"
237,💕買一送三 出清188元 中文版 保固三個月 體重計 智慧體重機 小米體重秤 送禮 BMI 電子體重器 非體脂計,5,3,6,$188.00
238,『唯美漸層 x送禮首選』LED藍芽體重計 LED螢幕漸層藍芽體重計 電子磅秤 電子秤 體重計 體重機 體重秤,5,35,62,$269.00
239,【24小時出貨】小米體脂秤2 小米體重計2 測量體重 小米原廠公司貨 台灣出貨 米家 小米生態鏈 小米有品,5,12,16,$2 - $799
240,現貨！藍牙智能體重計  脂肪秤  電子秤 體重計 體重機  可充電 體脂稱  多功能 家用 體重秤  精準減肥稱,5,6,8,$371 - $594
241,🔥智能體重機⬆️熱賣1000多台了,5,1,3,$330.00
242,【 現貨 】 👑💗 藍牙體重計 💗👑,5,6,8,$250.00
243,【專賣小米】小米體重計2多種數據進階版 送電池 小米體重秤2 測量體重 小米正品 台灣現貨 小米體重機 量體重,5,9,14,$690.00
244,現貨/小米米家💣小米體重機2 智能體重機 管理全家健康 智能體重計 平衡力評估 體脂秤,5,1,4,$360 - $670
245,【回歸降價】iNO 高準度藍牙體重計CB760白色,5,36,70,$550.00
246,(花果果代購)iNO CB760 HELLO KITTY版 智能藍牙體重計 體重機 LCD顯示 專屬APP 藍芽4.0,5,3,4,$850.00
247,70項功能數據 電子體重計 體脂秤 體脂計 多功能 電子秤 體重秤 體重機 脂肪秤 體重計 智能APP,4.5,74,139,$288 - $318
248,日本 唐老鴨 體重計  KITTY 懶懶熊 置物桶 美樂蒂 MOOMIN  麵包胖胖犬 拉拉熊 咕咕鐘 布丁狗 寶可夢,5,3,6,$200 - $860
249,現貨可自取 小米體脂秤2 台灣現貨 BMI 體脂率 基礎代謝 APP記錄 智能體重器 體重秤 米家原廠智能體重計,5,3,5,$650.00
250,台灣現貨 MI 小米 體脂秤2 體重秤 體脂計 智能精準減肥電子稱 迷妳健康家用體重秤 脂肪秤 體脂機,5,13,21,$548 - $880
251,【現貨】小米體重計2 APP記錄 智能體重計 平衡力評估 當天出貨【諾比克】,5,5,6,$390.00
252,小米體重秤2/小米體重計2 官方正品 全新商品 台灣現貨/保固 賣家保固一年,4.4,7,10,$338.00
253,嬰兒體重計秤/電子磅秤/電子稱台秤/寵物電子秤【廠家直銷tP-1256】,5,3,4,$990.00
254,台灣現貨 MI 小米 體脂秤2 體重秤 體脂計 智能精準減肥電子稱 迷妳健康家用體重秤 脂肪秤 體脂機,4.9,43,77,$500 - $880
255,(福利品)【聲寶 SAMPO】語音體重計 / 體重機 / 體重器 BF-L1109ML 保固 / 免運費,5,3,5,$527.00
256,免運 優惠價 華為旗下榮耀 智能體脂秤2 電子秤 體重秤 家用稱重健康稱減肥精準體脂體重心率監測 迷你小巧,5,3,7,$794.00
257,*新款*可選usb充電電子稱體重秤精準家用健康秤人體秤成人減肥稱重計,5,9,10,$132 - $250
258,蝦皮優選【現貨 免運費 24H出貨】A3鏡面體重機 2合1鋼化玻璃鏡面體重 妝鏡 可直立式 USB充電LED 便攜式 智能體重秤,5,3,9,$259.00
259,【現貨】美少女の可愛美少女健康電子稱人體秤精準充電體重秤女生減肥家用宿舍稱重,4.5,11,24,$299.00
260,【翻滾小米】小米體重計2 送電池 小米體重秤2 測量體重 小米體脂計2  米家 小米有品 平行輸入,5,73,99,$365 - $699
261,蝦皮優選💐【24H台灣出貨 質感馬卡龍漸層色體重計】公司貨 USB充電 LED漸層體重計 鋼化玻璃 圓角設計 防爆 180KG,4.9,211,325,$269 - $279
262,【燕子小舖】小米體重計2 體重機 家用體重機 BMI測量 光線明暗自動感應 高精度感應器,5,33,52,$395.00
263,【正品】華為智能體脂秤 體脂計 華為體脂秤 體脂秤 體重計 APP連接數據 測BMI值 11項精準數據檢測 全面身體報告,4.7,26,43,$880.00
264,蝦皮優選現貨下殺 原廠新品【小知足賣場】iNO CB760 健康管理家 智能藍牙體重計 體重機,5,35,63,$630.00
265,《台灣現貨 智能體重計》 體重機 液晶體脂器/鋼化玻璃抗壓/測量精確/電量顯示【VR030250】『TRENDY』,5,4,13,$290.00
266,【日本AWSON歐森】USB充電式沖牙機/IPX7防水AW-2110個人/AW-2000家用/另售體重計AW-9000,5,13,22,"$390 - $1,470"
267,《好康醫療網》 OMRON歐姆龍體重體組成計HBF-222T(藍芽傳輸)體重體脂計 體脂計 體脂體重計,5,7,12,"$2,480.00"
268,【免運】iNO KITTY 三麗鷗 藍芽體重機 藍芽 體重計 體重機 體重器 智能體重計機 合晶 原廠公司貨,5,42,63,$999.00
269,iNO CB-760 藍牙智能體重計 HELLOKITTY 聯名款,5,11,12,$850.00
270,蝦皮優選✠ 小米體重計2 ✠現貨✠ 體重秤 2代 體重秤2 體重機 體重計 小米體重計 小米體重秤2 小米體重秤 電子體重計,5,112,182,$395.00
271,【Earldom】小米體重計2 現貨 當天出貨 APP記錄 原廠公司貨 米家智能體重計 體重機 體重秤 平衡力評估,4.9,98,153,$390.00
272,【GOODEE】T型可攜式電子行李秤不背光款 數字體重秤 行李秤 體重秤 電子秤 廚房 旅行 酒吧 首頁 掛 行李,4.8,19,35,$88.00
273,蝦皮優選免運中-(日本原裝公司貨)TANITA塔尼達-體重體脂計/ 體脂體重計(BF-049),5,20,31,"$1,250.00"
274,蝦皮優選SANLUX台灣三洋 數位BMI體重計 SYES-302,5,2,4,$489.00
275,iNO CB760 智能藍牙體重計/體重機☆藍芽4.0、專屬APP、可記憶8組資料,5,5,5,$630.00
276,羅密歐指針式體重計 TCL-65,4.7,7,13,$199.00
277,🔥最便宜現貨48h出貨🔥HELLO KITTY 溫度體重機,5,21,38,$420.00
278,蝦皮優選咚刺咚刺 小寵專用磅秤 體重計 刺蝟 蜜袋鼯 碗 經典秤,5,134,179,$390.00
279,蝦皮優選oserio嬰兒數位體重計BBP-703(嬰兒磅秤/寶寶體重機/毛小孩秤重/寵物/婦幼用品),5,8,13,"$1,976.00"
280,🔥【健康體重】USB充電LED人體健康電子體重機,4.9,24,38,$229.00
281,現貨~36小時內出貨~Kinyo 耐嘉 DS-6585 電子 體重計 大型液晶數字 200公斤 免開關 踏上即可測,5,2,2,$436.00
282,【現貨出清】CAMRY電子體重計(EB1620-S921),5,1,3,$199.00
283,✁可選充電電子稱體重秤精準家用健康秤人體秤成人減肥稱重計器精準,4.9,16,31,$137 - $214
284,❤特價下殺❤寵物體重秤，數字嬰兒秤，嬰兒秤，嬰兒秤，LCD顯示屏，最大承重10公斤/ 22磅,5,1,2,$235.00
285,台灣現貨 24H出貨 小米米家 體脂計2 體重測量計 成人嬰兒電子秤 家用體重秤 成人健康監測器 體重計 減重秤 贈電池,4.9,9,40,$180 - $390
286,華為旗下榮耀智能體脂秤2電子秤體重秤家用官方旗艦稱重健康減肥精準體脂體重心率監測迷你小巧,5,1,3,$632.00
287,Panasonic國際牌 12公升高效清淨除濕機 F-Y24GX【贈電子體重計SP2002】,5,12,16,"$12,990.00"
288,Huawei/華為 【官方正品】 華為榮耀體脂秤智能精準電子秤體重秤體脂稱,5,1,2,$798.00
289,oserio無線智慧體脂計FLG-756(歐瑟若/體脂機/體脂肪計/體重機/基礎代謝),5,11,15,"$1,780.00"
290,【讓利促銷】附電池 小米 正品 米家 新款 二代 體重計 體脂秤2 體重機 體脂秤 體脂機 體脂肪 體脂計,5,4,6,$159 - $729
291,現貨里大數位 HUAWEI 華為智能體脂秤 體重機 體脂肪 藍芽4.2 減重機 健康電子儀 鬧鐘體醒 同步身體報告,4.5,2,2,$800.00
292,❁家用電子體重秤❁熱銷 現貨❁USB可充電電子稱體重秤 精準家用健康秤人體秤成人減肥稱重計器女,4.7,3,3,$150 - $177
293,白色iNO CB760白色體重機 高準度藍牙APP體重計智能體重器原廠公司貨  養 APP上網運動,5,1,3,$530.00
294,🔥LED漸層體重計 電子秤 體重機 體重秤 磅秤 LED 超薄防爆 圓角設計 鋼化玻璃 螢幕漸層,5,43,145,$5 - $359
295,┏精品下殺┓卡通哆啦a夢體重秤 可充電智能家用人體秤稱電子稱健康秤精準可愛,2.3,3,4,$214 - $267
296,【日本AWSON歐森】Mini環保電子體重計/健康秤/免裝電池/ ( AW-9000 ),5,1,5,$380.00
297,質感LED螢幕漸層藍芽體重計 USB充電 鋼化玻璃 圓角設計 防爆可秤180KG 馬卡龍色系電子體重機 體重室溫顯示,5,4,7,$99 - $305
298,💪Gymirin 🚚全館免運🚚｜體種體脂肪計｜測量體脂｜Inbody｜體重計｜磅秤｜基礎代謝率｜體脂肪儀｜肌肉量,5,2,6,$410.00
299,現貨／米家 雲麥好輕mini2智能體脂秤 電子秤/體重秤/體重計/體重機/成人/減肥/家用健康必備,5,1,4,$360 - $670
300,《5/12現貨到》OMRON -214體重計（白色&粉色現貨供應中）,5,2,3,"$1,680.00"
301,開立發票 》升級款 USB充電體重計 LED屏 家用人體秤 精準體重機 成人體重機 健康人體秤,5,1,4,$249.00
302,【現貨-免運費！台灣寄出】電子秤 體重計 體重機 體重 電子體重計 體重器 體重秤華為智能家居體脂稱 云康寶心率體脂秤,4.5,2,2,$684 - $932
303,限時下殺 宅配免運 三麗鷗獨家授權【Mmy知足♡】INO Hello Kitty CB760藍芽智能 體重計 藍芽,5,2,3,$890.00
304,絕美漸層LED螢幕體重計 限定藍牙版 連接手機APP 智能開關機 USB充電 夜視螢幕 鋼化玻璃 體重機 體重器 ARZ,5,12,16,$498.00
305,台灣現貨 26*26公分 撞色體重秤 電子體重計 電子秤 體重機 彩虹體重秤,5,3,3,$175.00
306,SANLUX台灣三洋 電子體重計 SYES-301M(W)白 廠商直送 現貨,5,2,4,$450.00
307,蝦皮優選現貨 獨家代理 YAYA ✌️台灣品牌 健身打卡 每日挑戰 透明印章 體重計 硅膠印章 矽膠印章 水晶印章 手帳創作,4.9,15,19,$259 - $359
308,[現貨]  超薄LED精準數據體重計 (鋼化玻璃 圓角設計 體重秤 體重機 電子秤)【POWER無限力量】,4.9,28,65,$599.00
309,蝦皮優選USB漸層體重計 漸變體重計 超薄隱屏 5-180kg 電子體重計 體重秤 體重機 體重器,4.9,12,17,$239.00
310,【小米原廠正品貨】小米體脂計 2代 藍牙 app 體脂秤 小米體重計 二代 多功能 智慧 LED數顯 電子秤,4.7,3,7,$168 - $738
311,【台灣現貨】 華為  honor 智能 體重計 體脂計 藍牙 WiFi 體脂 體脂秤 華為體脂 華為藍芽 多功能 體重秤,5,5,9,$826.00
312,【臺灣現貨速發】松櫻 電子秤 智能app款藍芽體重計 體重體脂秤 精準 多功能 電子體重計,5,2,2,$486.00
313,[優惠免運] 德國博依PS160全新品經典素雅電子體重計 PS 160 beurer 健康體重管理PS-160,5,2,5,"$1,050.00"
314,小米體重秤2 白色通用 台灣現貨/保固 官方原裝正品 全新商品,5,3,24,$344.00
315,臺灣出貨 松櫻 體重計 減肥 脂肪 繁體中文 精準 體重機  體重器 BMI 體脂計 體重機 體重秤 電子體重計 體脂秤,4.9,18,37,$348 - $399
316,【現貨不用等】日本製 Hashy 電子體重計 迷你體重機 輕巧體重機 大象 河馬 企鵝 白雪公主 Miffy,4,1,4,$599.00
317,《台灣現貨 智能體重機》體重計 體重機 手機連線 鋼化玻璃 測量精確/電量顯示/溫度顯示【VR030250】,4.4,7,11,$299.00
318,【免運+限時折扣+官方正品】小米米家體脂稱2智能精準成人減肥電子秤健康家用體重脂肪秤小米體脂稱小米体重计小米體重計,4.9,472,836,$138 - $916
319,蝦皮優選【現貨 免運費 24H出貨】日本爆款第五代 藍牙體重機 可直接APP觀看 智能節電體重計 LED清晰顯示屏 鋼化玻璃設計,4,4,7,$299.00
320,蝦皮優選全新現貨【蕉兒賣場】iNO 藍牙智能體重計 體重機 HELLO KITTY版 CB760 黑 白 紅 公司貨,4.9,54,86,$890.00
321,（24hr發貨）小米體重計2 小米體重計 體重計 找找好物,4.9,74,119,$449 - $799
322,智能精準兩位數充電電子體脂秤搭配APP 體重計 體脂計 79項數據更了解自己,4,7,8,$699.00
323,SE體重計  帶溫度計電量顯示夜視版強化安全玻璃公斤KG 180KG電子體重秤 4號電池人體秤 自動上秤型  一路發,5,7,15,$215.00
324,◤ 小米體重計2 ◥ 體重秤 2代 體重秤2 體重機 體重計 小米體重計 小米體重秤2 電子體重計 米家,5,61,93,$395.00
325,蝦皮優選SANLUX台灣三洋 數位BMI體重計 SYES-302,5,41,51,$489.00
326,蝦皮優選【台灣現貨】小米 小米體重秤2 高精度壓力傳感器 平衡力評估 小米體重機 體重計 智能體重器 2代 2019年,4.9,13,25,$399.00
327,【當天出貨】送皮尺充電綫 多功能體重計 體重計 電子體重秤 智能體重計 家用體重計 高清LED體重計 USB充電體重秤,4.8,123,215,$299.00
328,迷你 體重計 體重秤 微縮模型 食玩模型 微縮場景,5,1,2,$42 - $82
329,🍁隨草憶境🍁迷你 體重計 體重秤 微縮模型 食玩模型 微縮場景,4.9,19,25,$39 - $76
330,【買就送皮尺】多功能智能LCD體重計 電子秤(3色可選),5,6,11,$329.00
331,蝦皮優選體重機 電子秤體重計 感應開關 體重秤 玻璃卡通 動物 體重計 【M091】168批發倉庫,4.8,17,24,$165.00
332,蝦皮優選電子體重計 體重計 感應開關 體重機 電子秤 體重秤 方型 人體秤 室溫計 夜視版 鋼化【S056】 168批發倉庫,5,11,15,$219.00
333,體重計  感應開關 電子秤 室溫計 方型 玻璃 十字 電子 體重計 米菈生活館【S056】,4.8,23,33,$219.00
334,蝦皮優選體重計 室溫計 感應開關 電子秤 方型 玻璃 十字 電子 體重計 Color me【S056】,4.7,27,57,$219.00
335,台灣三洋數位BMI 體重計SYES-302,4.9,45,67,$445.00
336,[出清促銷]日本TANITA 馬卡龍九合一高階體脂計/體重計 BC565,5,26,31,"$1,980.00"
337,蝦皮優選【東元】藍光時尚體重計 LED顯示螢幕 電子秤 XYFWT486,4.3,3,10,$299.00
338,蝦皮優選SANLUX台灣三洋數位BMI體重計,5,15,19,$489.00
339,(免運費) 日本TANITA大螢幕超薄電子體重計HD-381【TANITA旗艦館】,5,20,29,$799.00
340,【24小時出貨】小米體脂秤2 小米體重計2 測量體重 小米原廠公司貨 台灣出貨 米家 小米生態鏈 小米有品,5,80,180,$169 - $699
341,Panasonic國際牌 10L清淨除濕機 F-Y20FH【贈體重計SP2002】,5,18,28,"$12,700.00"
342,TANITA UM070 晶采時尚體脂計(三合一)(體脂體重計/體脂機/運動減重體脂計),5,130,225,$790.00
343,體重計 LX01威恒 還在用不準的玻璃體重計嗎精準體重計/人體秤 超質感 液晶 LED背光 150Kg 公斤 精密度XX,4.8,48,82,$249.00
344,24h出貨💥閃易公司貨🌟升級版智能體重機/體脂計/精準家用體重多功能中文顯示,4.9,101,205,$399 - $539
345,TANITA BC565 自動顯示功能九合一體組成計(體脂肪計/體脂計/體重計/體脂機),5,21,49,"$2,100.00"
346,[一年保固]小米 米家 雲麥好輕 MINI2 體重機  精準電子秤,5,101,182,$770.00
347,蝦皮優選【免運送好禮】塔尼達體脂肪計TANITA 體脂計UM-070 UM070 體重體脂肪體水分 體重計,4.9,91,165,$749.00
348,【TECO 東元】時尚電子體重計XYFWT503,4.9,92,163,$299.00
349,【現貨】Yolanda智能體脂秤-體重秤-可連智能手機記錄身體數據,4.8,63,130,$750 - $850
350,蝦皮優選台灣三洋SANLUX 數位家用體重計 SYES-301 (黑/白),4.9,33,59,$425.00
351,TANITA  BMI 指針式 機械體重計 黑色 HA-552,4.8,44,89,$399.00
352,【TANITA】BMI機械式體重計 HA552,4.9,43,71,$380.00
353,【送好禮】TANITA體脂計BC-706 日本原裝BC706 體組成計 體脂肪計 塔尼達 體重計,5,115,164,"$2,590.00"
354,迷你電子體重計/電子體重機/電子磅秤/體重機/體重器,5,258,424,$175.00
355,【瀅美小舖】日本TANITA新品~ HA-801機械式/指針式體重計附保證書~促銷價299元~,5,28,37,$299.00
356,臺灣現貨 米釜USB可充電電子稱體重秤精準家用健康秤人體秤成人減肥稱重器,5,1,1,$199.00
357,【 現貨 】｡♔ 藍牙體重計 ♔｡ ✪ 特價：270 元 ✪,4.5,2,3,$270.00
358,智能藍牙電子秤體重秤家用APP人體健康稱體脂測量,5,1,1,$249 - $379
359,【小米官方正品】 體脂秤 體重計 小米體重計 電子秤體脂器體重計 成人減肥,5,1,2,$778.00
360,【新1級節能】~買就送LED體重計~Panasonic國際牌 F-Y45GX 22公升智慧節能除濕機(除濕高效型),5,1,1,"$20,990.00"
361,蝦皮優選【台灣公司貨 快速出貨】小米體重計2 全新正版台灣規格 電子體重計 米家體重計,5,6,10,$465.00
362,Muhan便攜式電子體重計 迷你體重秤女 宿舍充電人體秤 家用精準小巧減肥稱體重計,5,1,1,$299.00
363,vyvo智能體重計(全新未拆封),5,1,2,"$1,500.00"
364,Keep旗艦店體脂秤SE藍牙智能家用訓練電子體重秤體脂稱人體測儀,5,2,2,$774.00
365,妮妮生活館 - 妙管家指針式機械體重計 體重機 金魚寶寶,5,3,4,$250.00
366,【現貨&贈禮品】體重計 體脂計 體脂秤 超薄 藍牙 鋼化玻璃  藍牙體脂計 減肥 監督 APP控制 監督管家 電子稱,5,1,1,$286 - $326
367,小米體重計 2 台灣小米官網購入  APP記錄 米家 智能體重計 體重機 體重秤 口碑 免運 shopee06,4.9,10,16,$395.00
368,德國Medisana簡約竹質體重計 P440,5,1,1,$799.00
369,日本全新 迪士尼 米妮&米奇 電子體重計《2款》,5,1,1,$460.00
370,台灣現貨 小米體脂計2 家用體脂計 智能高精準BIA芯片 平衡能力測試器 減肥體重器 體脂計 體重計 推薦 小米體脂稱,5,1,2,$180 - $450
371,全新正版授權 Kitty 指針體重計 約27公分 體重機 體重計 金屬體重機 Hello Kitty 高雄可自取,5,1,1,$340.00
372,【24小時出貨】小米體重計2 APP記錄 原廠公司貨 米家 智能體重計 體重機 體重秤 平衡力評估,5,1,1,$199 - $388
373,限量特價 小米智慧體重計2 家用電子計 健康減重體重計 人體體重計 電子體重計 體重計 大陸版 藍牙連接 體脂秤,5,2,5,$170 - $450
374,台中 好市多 24H即時送 Tanita 十合一體組成計 體重機 體重計 電子體重計  體脂計 BMI,5,1,1,"$3,670 - $3,743"
375,usb充電電子稱 體重秤 精準家用健康秤 重計器 體重機 體重 電子體重計 體重器 體重秤,5,1,1,$119 - $135
376,現貨 快速出貨 iNO CB760 12合一 高準度藍芽體重計 電子體重計 體脂計 健康管理,5,1,2,$630.00
377,TANITA 塔尼達 BC-756 七合一體組成計 體重計 體脂計 BC756  【胖胖生活館】,5,1,1,"$2,489.00"
378,途一usb充電電子稱體重秤家用人體秤精準成人減肥測體重器稱重計,5,1,1,$176 - $185
379,TANITA 塔尼達～體脂計/體重計/日本原裝BC706,5,1,3,"$2,580.00"
380,oserio嬰兒數位體重計BBP-703(嬰兒磅秤/寶寶體重機/毛小孩秤重/寵物/婦幼用品),5,2,6,"$1,976.00"
381,【現貨】-[送皮尺/電池]USB充電秤體重秤家用成人精準減肥秤健康人體電子稱,5,1,1,$191 - $291
382,~爆款現貨~電子稱體重秤充電卡通可愛成人韓版精準女生秤人體秤家用,5,1,1,$394 - $473
383,蝦皮優選BEURER 德國博依 GS225 白晝浮光玻璃體重計 原廠保固 黑皮TIME,5,1,1,"$1,580.00"
384,【KINYO 環保免電池體重機】體重機|免電池|自發電|鋼化玻璃|正常款|迷你款|DS-6587.8【LD316】,5,1,2,$699 - $749
385,【免運速發】千選智能體脂稱 電子體重秤 家用成人體充電精準女小型稱重秤測脂肪,5,1,1,$392.00
386,最新USB充電版 15項檢測 多功能體重機 智能體重機  智能體脂肪機 BMI 檢測,5,3,8,$380.00
387,『阿里科技』LED螢幕 漸層 藍芽 體重計 USB充電 鋼化玻璃 圓角設計 防爆可秤180KG 馬卡龍色系電子體重機,5,2,5,$259 - $269
388,廠家直銷家用嬰兒電子稱 20kg健康稱寵物秤嬰兒體重秤 電子嬰兒秤,5,1,1,$808.00
389,藍牙體脂計 多功能app電子秤 圓角LED精準數據體重計 智能管家 體重機,5,1,2,$268 - $298
390,現貨USB可充電電子稱體重秤精準家用健康秤人體秤成人減肥稱重計器準時尚 多規格 //烘焙/手工皂/廚房秤/電子秤,5,2,3,$174 - $256
391,【現貨】 STAYREAL正版 咕咕雞小鼠電子體重計,5,1,2,$400.00
392,小米體重秤2小米體重計2 【台灣保固】智能家用體重秤嬰兒.成人體重秤迷你健康人體電子秤【米塔小賣店】,4,2,2,$344.00
393,【實體店面 當日出貨】小米體重計2 精準測量 低至100g 高至150kg 身體平衡能力評估理想體重測算 APP紀錄體重,5,1,2,$599.00
394,【z7青青家電】電子稱體重秤 精準家用電子秤 人體秤 成人電子秤定制,5,1,1,$200 - $323
395,免運 優惠價 愛康唯 智能體脂稱 電子體重秤 家用人體充電精準女小型稱 重秤 測脂肪,5,1,1,$468 - $756
396,TESCOO太陽能智能電子秤體重秤精準充電人體減肥測體脂稱家用宿舍光。,5,1,1,$40 - $221
397,👍現貨速發，米家APP連結👍小米體脂秤2代體重秤家用智能人體測脂肪精准稱重計,5,4,4,$399 - $799
398,【超商免運費】台灣現貨 當天出貨 Meilen電子秤 BMI體重計 減肥 體重秤 重儀器 電子稱 體重機全齡適用 體重計,5,3,3,$469.00
399,【NCC認證】藍牙版 時尚超薄LED螢幕體重計  A1  智能APP 防爆 大量現貨 體重秤 體重機 電子秤 防爆 測量,4.5,2,2,$340.00
400,台灣現貨APP版 體重機 電子體重計 語音檢測結果 多功能體重計 減肥秤 人體秤 鬆櫻升級版體重計,5,2,2,$478.00
401,限時特賣 充電款 體脂稱 多功能 充電多功能 體脂計 精準電子計 多項數據 BMI體重秤 精準體重計 體脂計 體重器,5,1,1,$90 - $379
402,【現貨免運】INO 高準度智慧藍芽體重計 體脂計 7-11預購同款 瘦身 減肥 健康,5,3,7,$680.00
403,卡通多啦a夢電子秤家用精準電子稱體重秤人體秤體重稱健康秤可愛,5,1,1,$159 - $369
404,【新品免運】米家雲麥好輕mini2智慧體脂秤電子秤/體重秤/體重計/體重機/成人/减肥/家用健康必備 保固一年,5,1,1,$699.00
405,華為旗下榮耀智能體脂秤2電子秤體重秤家用官方旗艦稱重健康減肥精準體脂體重心率監測迷你小巧,5,1,2,$731.00
406,[現貨] 台灣公司貨 小米體重計 2,5,2,4,$395.00
407,蝦皮優選聖岡PT-5252 超精準冷光電子體重計,5,3,4,$269.00
408,（現貨！可面交！白色全新！）手機就能看到一切😆INO 藍牙體重計(白） CB760!,5,2,4,$550.00
409,Panasonic國際牌 22公升高效清淨除濕機 F-Y45GX【贈電子體重計SP2002】,5,1,1,"$20,150.00"
410,體重計體脂計UM-070,5,2,3,$499.00
411,蝦皮優選智慧型體脂秤 充電電子秤 體重秤 家用人體秤 藍牙連接 APP數據精準 成人體脂秤 身體指數數據 體脂計,5,2,2,$578.00
412,華為 體重計 體脂計 藍牙 WiFi 體脂 體脂秤 華為體脂 華為wifi 華為藍芽 多功能 體脂秤,5,1,1,$199 - $799
413,KINYO DS-6589 藍牙 健康管理 體重計,3,1,1,$680.00
414,現貨 脂肪秤app體脂秤健康秤電子稱精准家用體重秤多功能,5,1,2,$305 - $358
415,kitty-貓-卡通家庭電子 LED電子體重計  迷你可愛 精准 家用電子秤 體重計  體重秤 充電體重計,5,3,4,$220 - $240
416,【Dr.AV 聖岡科技】PT-2019 電子體重計(體重計 電子秤 秤),5,1,1,$399.00
417,USB充電 電子體重計 體重體脂計 體脂秤 體脂計 充電 多功能,5,1,1,$359 - $499
418,『台灣-現貨寄出』小米體重秤2/小米體重計2 台灣現貨/保固 官方正品 全新商品,4.4,7,15,$344.00
419,9039批發 最新升級版智能體重計 藍芽APP 體脂機 電子體重計 語音檢測結果 多功能體重計 減肥秤 人體秤 體脂計,5,4,87,$116 - $580
420,✆☂▤充電電子體重秤人體家用的稱重精準男女生宿舍小型學生便攜式可愛,5,1,1,$117 - $238
421,【高品質、精準】閃易智能體脂秤充電電子稱女生宿舍小型精準人體體重秤家用測脂肪,5,1,1,$598 - $698
422,【正品保證】小米 小米體重秤2 高精度壓力傳感器 平衡力評估 小米體重機 體重計 智能體重器 2代,5,1,1,$380.00
423,免運 優惠價 樂福專業體脂秤 精準智能家用減肥人體秤 體重秤 測脂肪mini 便攜式小米華為手機電子秤 健身房體脂稱,5,1,1,$705 - $794
424,台灣現貨 MI 小米 體脂秤2 體重秤 體脂計 智能精準減肥電子稱 迷妳健康家用體重秤 脂肪秤 家用智能電子秤 體脂機,5,3,6,$548 - $880
425,臺灣現貨【官方華為正品】華為體脂稱 官方正品體重秤家用成人精準智能電子秤 測脂肪男女運動健康藍牙體脂稱 人體秤 體重秤,5,3,4,$890.00
426,[衝評價] 小米體重計 2 體重計 體重秤 電子 秤人秤物 身體平衡力評估,5,2,2,$390.00
427,台灣現貨 小米體脂計2 家用體脂計 智能體脂計 平衡能力測試 成人減肥體重器 贈送電池 原廠 體脂計 體重計 減肥 推薦,5,2,3,$170 - $450
428,【現貨-免運費！台灣寄出】電子秤 體重計 體重機 體重 電子體重計 體重器 體重秤云麥好輕mini2智能體脂秤專業精準家,5,1,2,$684 - $767
429,智慧電子藍芽體脂秤 精準體重秤 成人數位體重計 APP軟體記錄 語音播報 測量體重 液晶顯示熒幕 USB充電 減肥BMI,5,1,1,$449 - $469
430,【台灣公司貨】A2質感LED螢幕漸層藍牙體重計 USB充電 鋼化玻璃 圓角設計 防爆可秤180KG 馬卡龍色系電子體重機,5,1,1,$223 - $422
431,妮妮生活館 -CAMRY體重計電子體重計,5,2,2,$250.00
432,三麗鷗 hello kitty 體重機 體重計 指針 全新正版,5,2,2,$360.00
433,新品 ☀ 嬰兒電子秤 ☀ 泰頡電子稱嬰兒體重秤精準嬰兒秤寶寶成長健康秤新生嬰兒秤家用,5,1,2,$907.00
434,♦贈LED體重計♦HITACHI 日立 RD-360HH 除濕機 18L/日 HEPA濾網 能源效率第1級,5,1,1,"$20,890.00"
435,Stayreal 咕咕雞電子體重計,5,1,1,$400.00
436,全新 美式 體重計 多款 一百免運出清,5,1,1,$100.00
437,[台灣現貨]附電池 撞色體重機 電子體重秤 電量 體重計 體重磅秤 體重器 安全強化玻璃 電子秤【E013】體重計,5,2,2,$249.00
438,現貨 電子體重計 體重體脂計 脂肪 充電 多功能 體脂計 減肥 減重 體重體脂計  體脂肪計  體重計 智慧體脂稱,5,1,1,$418 - $448
439,【贈雙重好禮】OMRON歐姆龍 藍牙體重體脂肪計 HBF-702T HBF702T 體脂計 體重計,5,5,8,"$5,980.00"
440,iNO 15合1健康管理藍牙智慧體重計-CD850,4.9,8,15,"$1,280.00"
441,TANITA 塔尼達 HD-380 時尚超薄電子體重計 機械式 指針式 磅秤 量體重 【胖胖生活館】,5,3,4,$680.00
442,免運 OMRON HBF-702T  一年保固 公司貨 體重計 體脂肪計,5,1,4,"$5,980.00"
443,蝦皮優選限時免運【兩錢分厘磅秤專賣】攜帶型計重秤100kg/0.05kg 冷媒秤/瓦斯秤/電子秤/體重計/快遞秤優惠販售中,5,2,2,"$2,500.00"
444,華為智能家居體脂稱 云康寶心率體脂秤 智能健康體質稱精準人體重秤家用小型充電測脂肪女Yolanda薄荷電子秤,5,1,1,$731 - $860
445,米家體重計2 米家體重計2增強版 智能體重計│高雄現貨,5,1,1,$720.00
446,優惠商品~CAMRY LED電子體重計 SP-2002(贈品轉售),5,3,3,$200.00
447,正版 三麗鷗授權 蛋黃哥 體重計 有雷標 全新品,5,1,1,$290.00
448,【Ｊ＆Ｐ】好市多代購免運 德國博依 多功能體脂計 BG21 體重機,5,2,5,"$1,320.00"
449,【實體門市】升級款 USB充電體重計 LED屏 家用人體秤 精準體重機 成人體重機 健康人體秤,5,2,2,$195.00
450,【TANITA】機械式體重計 HA801 四款可挑,5,1,1,$290.00
451,【Toucher Beauty热卖 現貨秒出】可選usb充電電子稱體重秤精準家用健康秤人體秤成人減肥稱重計器,5,1,4,$120 - $197
452,現貨 搬家大促 180kg 夜視功能 溫度顯示 體重秤 強化安全 玻璃體重計 電子體重計 電子秤,5,2,2,$165.00
453,安管家 S-Butler 智能體重計 (風靡日本高科技品牌+18種身體數據紀錄+人員自動辨識+四顆精準傳感器),5,1,1,"$1,742.00"
454,【現貨】【卡娜赫拉的小動物】USB充電式 多功能電子體重計  體重機 磅秤 秤重 卡娜赫拉 日本授權 正版 USB體重計,5,28,47,$699.00
455,☋❃家用電子秤智能健康成人精準減肥女測脂肪稱電子體重計多功能迷你,4,1,1,$370 - $434
456,台灣現貨當天發 小米 體重計 2 米家體重計 體重機 APP紀錄 體重秤 體重秤 小米手環 小米運動 米家 體重機,5,12,19,$393.00
457,寵物體重秤，數字嬰兒秤，嬰兒秤，嬰兒秤，LCD顯示屏，最大承重10公斤/ 22磅,5,5,8,$247.00
458,日本TANITA BMI指針式機械體重計HA552黑色,5,4,9,$399.00
459,台灣現貨 華為 CH18 體重計 體脂計 藍牙 WiFi 體脂 體脂秤 華為體脂 華為wifi 華為藍芽 多功能 體脂秤,5,3,6,$829.00
460,現貨❤體重秤❤便攜式電子 體重秤 女宿舍小型旅行 充電 人體秤迷你精準減肥稱體重計,5,14,19,$249 - $290
461,💯全新 東元時尚電子體重計（附電池）送禮自用兩相宜,5,1,1,$229.00
462,智慧多功能體重計/體脂計APP版 (三色任選)-台灣現貨~立即出貨-新品上架,5,27,55,$329.00
463,(現貨) 捷寶騎士部品 Mooneyes X Air Runner 小帽體 重機 復古 安全帽 消黑色.亮黑.灰色.黃色,5,7,10,"$2,000.00"
464,OMRON HBF-216 歐姆龍體脂計 體重計 體脂肪計(HBF-212進階版),5,2,2,"$1,188.00"
465,【台灣現貨12小時快速發】小米官方正品  體脂稱2代 減脂秤 脂肪秤 體重秤 小米體重計2  測量體重 小米原廠,5,3,3,$890.00
466,💟婦女二度就業💟 限時下殺 全新 公司貨 iNO 藍牙APP體重計 CB760(白）,5,157,241,$588.00
467,蝦皮優選<<現貨>> Meilen電子秤 BMI體重計 體重機 usb充電 成人電子秤 鋼化玻璃 健康秤稱 重儀器 液晶顯示,5,61,111,$570.00
468,蝦皮優選【贈雙重好禮】OMRON歐姆龍 藍牙體重體脂計HBF-222T 體脂肪計 藍芽體脂計 體組成計 體重計 HBF222T,5,11,14,"$2,288.00"
469,現貨 鬆櫻升級版體重計 APP版 體重機 電子體重計 語音檢測結果 多功能體重計 減肥秤 人體秤,4.9,18,36,$399 - $529
470,【eYe攝影】現貨 台灣公司貨 小米體重計2 LED顯示 秤人秤物 精準量測 支援藍牙 可紀錄體重 APP BMI,4.9,15,29,$450.00
471,〈3C天下〉小米體重計2 送電池 小米體重秤2 測量體重 小米原廠公司貨 台灣出貨 米家 小米生態鏈 小米有品,4.9,27,66,$355 - $699
472,小米體重秤2 家用智能人體測 精準稱重計器電子秤,5,7,11,$345.00
473,卡通可愛超萌電子秤迷妳精準體重秤家用人體體重稱成人健康體重計USB充電,4.7,3,5,$199 - $259
474,（限時特價）APP智能體重機 USB充電版 電池版 太陽能 光能版 46項智慧檢測 超精準多功能  愛康唯Accuway,4.9,15,24,$372 - $489
475,蝦皮優選TANITA 塔尼達 BC-758 七合一體組成計 (強化玻璃款) 體脂肪計 體重計 體脂計 BC758,5,2,2,"$1,999.00"
476,【台灣現貨】小米體重秤2  體重秤2 家用體重機 小米體重計 小米體重秤 電子體重計,5,23,44,$390.00
477,日系超薄可攜式 迷你電子體重計( 威名01) 電子秤 體重器 體重機【現貨顏色隨機】無附電池,4.6,13,25,$168 - $188
478,🌼 《小米體重計2》體重秤 2代 體重秤2 體重機 體重計 小米體重計 小米體重秤2 電子體重計,5,6,12,$395.00
479,「618活動促銷」閃易脂肪秤電子秤充電體脂秤多功能家用体重秤女成人减肥秤重體重計,4.8,6,8,$399.00
480,健康管理必備 聖岡 PT-2019 夜視冷光 大螢幕 電子式 體重計 溫度計 強化玻璃秤台 超薄尺寸不占空間,5,10,14,$96 - $250
481,蝦皮優選iNO 藍牙智能體重計 體重機 HELLO KITTY版 CB760,5,12,19,$890.00
482,迷你體重計 電子秤 家用 人體健康體重秤 電子稱,5,2,4,$189 - $200
483,旅人3C 小米體重計2 APP記錄 原廠公司貨 米家 智能體重計 體重機 體重秤 平衡力評估 現貨供應當天出貨,5,22,49,$380 - $990
484,神寶 智能觸控寵物體重機 寵物電子秤 寵物磅秤 寵物秤,5,1,2,"$10,000.00"
485,TECO東元歐風體重計,5,1,2,$250.00
486,【現貨 】kitty 貓體重計 迷你可愛精準家用電子秤 體重計 卡通家庭電子LED電子體重計 充電體重計 電池款體重計,5,7,12,$265 - $289
487,【衝評價！公司現貨】減肥 減重 體脂計 體重秤 繁體！保固！ 精準體重計 體重機 健康電子秤 體重器 脂肪秤 體脂秤,4.7,3,4,$359 - $559
488,SE體重計  帶溫度計電量顯示夜視版強化安全玻璃公斤KG 180KG電子體重秤 4號電池人體秤 自動上秤型  意樂鋪,4.5,8,12,$215.00
489,【TECO BMI藍光體重計】體重機/藍光/BMI測量/XXYFWT521【LD016】,5,5,8,$499.00
490,yolanda智能體脂計體重秤APP記錄數據BMI智能體重計健身秤重體脂肪體重計體重機CS20G k169,5,5,8,"$1,160.00"
491,蝦皮優選【免運送好禮】塔尼達體脂肪計TANITA 體脂計UM-070 UM070 體重體脂肪體水分 體重計,5,7,16,$930.00
492,【1號店通訊 當天出貨】升級版 送電池 小米 正品  體重秤2 體重機 體重計 APP BMI 大陸代購,5,271,420,$379 - $699
493,【SAMPO聲寶】超薄電子體重計 BF-L1501ML,5,1,1,$399.00
494,蝦皮優選(免運) TANITA RD953 十合一藍牙傳輸體組成計 一年保固 公司貨 體脂計 體重計 塔尼達,5,2,4,"$8,400.00"
495,智能藍芽體重機－白色、玫瑰金、黑色,4.9,59,120,$306.00
496,～薰之物～ 嚕嚕米 MOOMIN 小不點 隨行袋 體重計 直傘 晴雨傘 自動傘 便當盒 提袋 保鮮盒 碗盤組 夢時代,5,12,33,$125 - $399
497,蝦皮優選【東元】時尚體重計 超薄 強化玻璃面板XYFWT503,5,2,5,$299.00
498,【現貨】附電池 粉熊藍鯨體重機 電子體重秤 體重計 磅秤 體重磅秤 體重器 秤重器 安全強化玻璃【E020】,5,5,5,$210.00
499,～薰之物～ 卡通頻道 熊熊站上體重計 嚕嚕米 體重計 電子體重計 時尚電子磅秤 液晶磅秤 數位體重計 電子 磅秤 夢時代,4.9,83,154,$349 - $399
500,台中實體店 Mars Lab RENPHO IOS/Android USB充電 體重機,5,2,3,"$1,480.00"
501,日本TANITA 三合一脂肪體重計 體脂計BF049白色 蝦皮24h 現貨,5,6,8,"$1,380.00"
502,【免運贈好禮】全新保固公司貨 德國博依多功能體脂計 beurer BG51XXL 德國博依體脂計 體組成計 體重計,5,6,7,"$2,952.00"
503,現貨當天寄出【電池款體重計】體重計 體重機 家用體重機 體重機 體重計 體重 磅秤,5,4,6,$289.00
504,蝦皮優選原廠全新~【SANLUX台灣三洋】數位BMI體重計(SYES-302),4,1,5,$440.00
505,蝦皮優選【SANLUX台灣三洋】數位電子式體重計(SYES-301)-黑色,5,4,6,$410.00
506,蝦皮優選【SANLUX台灣三洋】數位電子式體重計(SYES-301M)-黑色,4.7,3,6,$380.00
507,蝦皮優選【SANLUX台灣三洋】數位電子式體重計(SYES-301M)-白色,4.5,10,24,$380.00
508,Kitty&Snoopy體重計體重秤 迷你健康人體秤成人電子秤減肥體重計,5,6,11,$500.00
509,"蝦皮優選台灣三洋 BMI體重計(數位家用)
 SYES-302",5,12,20,$488.00
510,《好康醫療網》OMRON歐姆龍體重體脂計HBF-254C體脂體重計(白色),5,5,6,"$4,980.00"
511,《好康醫療網》OMRON歐姆龍體重體組成計HBF-217(粉紅色)體脂肪計 體脂計 體重體脂計  體脂體重計,4.7,10,15,"$1,780.00"
512,《好康醫療網》OMRON歐姆龍體重體脂計HBF-371體脂肪計 體脂計(灰藍色)體脂體重計,5,7,11,"$2,880.00"
513,蝦皮優選台灣三洋SANLUX數位體重計 (SYES-301M),4.9,45,67,$399.00
514,蝦皮優選*雯子館* TANITA BMI 電子體重計 HD325 / HD-325,5,7,15,$748.00
515,蝦皮優選【24小時出貨★領劵折10$】聲寶 免電池 體重計 BF-L1802ML 旅行 出國 秤重計,5,1,6,$650.00
516,體重計 還在用不準的玻璃體重計嗎精準體重計/人體秤 超質感液晶 LED背 150Kg居家必備xxxXXXxboykimo,4.9,40,70,$260.00
517,蝦皮優選語音體重計 5-180kg 語音體重秤 33X29 語音電子體重計 語音播報,4.3,7,14,$370.00
518,全新 夢時代 熊熊遇見你 - (熊熊站上體重計) & (經典嚕嚕米)-電子體重計  現貨,5,99,191,$239.00
519,26cm鋼化玻璃迷你數字秤體重秤體重秤電子體重秤,4,7,14,$143.00
520,可超取 德國博依 beurer 典雅花卉玻璃體重計GS10,5,7,14,$750.00
521,～薰之物～ 卡通頻道 體重計 餐具組 環保餐具組 杯袋組 杯子 杯袋 飲料杯袋 飲料袋 陶瓷杯 液晶 磅秤 夢時代,5,12,24,$107 - $145
522,蝦皮優選【免運+好禮】 TANITA 塔尼達 BC-565 體脂肪計 BC565 體重計 體組成計 體脂計 公司貨,4.9,19,29,"$1,980.00"
523,聖岡科技超精準冷光電子體重計PT-2626,4.7,7,11,$210.00
524,蝦皮優選【Camry 】 【電子體重計】【出清價】,5,1,3,$159 - $299
525,【現貨 可超商取貨】TECO 東元 數位體重計 精準體重計 電子體重計  體重機  電子秤  (XYFWT486),5,15,18,$320.00
526,蝦皮優選【免運+好禮】TANITA 塔尼達 BF049 體脂肪計 (白) BF-049 體脂計 體重計 公司貨 日本製,5,10,15,"$1,250.00"
527,蝦皮優選【台灣現貨】可愛迷你 電子 體重計 LCD夜視 180Kg 寵物秤 電子秤 磅秤 體重器 體重機,4.8,201,660,$179.00
528,【Dr.AV】超精準冷光電子體重計 PT-2626,4.9,14,30,$210.00
529,有品 PICOOC智慧體脂機 家用電子體重機 電子體重秤,5,3,9,$895.00
530,B0496 透明電子體重計,5,3,6,$165.00
531,正版三麗歐~kitty體重計 kitty體重器 蛋黃哥體重計~蛋黃哥體重器~指針體重機,5,9,21,$350.00
532,最後兩台🔜 現貨🔥熱賣超過700台 健身瘦身bmi智能體重計百元加購半年保固,4.7,17,24,$150 - $599
533,卡通體重計  帶溫度計電量顯示夜視版強化安全玻璃公斤KG 180KG電子體重秤 4號電池人體秤 自動上秤型  意樂鋪,5,9,12,$239.00
534,蝦皮優選【台灣知名品牌保固】台灣三洋SANLUX數位體重計 電子體重計 磅秤 體重計 液晶顯示體重計 迷你體重計,5,15,23,$550.00
535,【小確幸居家優品】買就送電池 可愛LED電子體重計 液晶電子稱 最高可稱180KG 迷你電子稱 居家體重秤,4.8,25,54,$175.00
536,OSAKI彩繪液晶體重計OS-ST601,4.5,2,4,$369.00
537,[轉轉市集]  【含運】全新 現貨 藍牙APP智能體脂秤 家用脂肪秤 藍芽秤 體重秤 無線 健康電子秤 電池款,5,22,39,$580.00
538,【現貨】小米體重計2 好評不斷【台版小米現貨】體重計 光線明暗自動感應 高精度感應器 白色,5,199,383,$430 - $480
539,青潮》優質體重體脂計 體重機  體重器  量體重  體脂計  體脂器,4.8,15,22,$429.00
540,【3CTOWN】含稅開發票 KINYO金葉 DS-6579 體重計,5,1,3,$369.00
541,蝦皮優選🔥 台灣現貨🔥智能電子秤 輕薄省電 便利 電子磅秤 體重機 體重計 減重 減肥 瘦身 量體重【葉子小舖】,4.9,34,58,$299.00
542,台灣三洋SANLUX數位家用體重計 SYES-301M,5,4,4,$382.00
543,【IGUO】小米體重秤2 小米體重計2 台灣發貨 開發票 可刷卡,4.7,92,162,$344.00
544,TANITA 脂肪體重計日本原裝 BF049 白色,5,11,25,"$1,380.00"
545,★限宅配.全家取貨★TANITA BMI 電子體重計 HD325 / HD-325【中部電器】,5,50,87,$749.00
546,蝦皮優選❤天天出貨可超取附發票❤TECO 東元 藍光 體重計 XYFWT486 電子秤,5,140,239,$420.00
547,蝦皮優選體重計 耐嘉 KINYO DS-6581 安全輕巧型電子體重計 賣家送電池 體重 飲食 秤重 體重機 量體重,4.9,24,43,$299.00
548,蝦皮優選【原廠公司正貨】TANITA藍光LED大螢幕電子體重計HD-382-紅/藍/黑,5,23,36,$872.00
549,【Dr.AV】PT-2626 超精準 冷光電子體重計,5,17,34,$299.00
550,公司原廠🌀松櫻體重機🌀體脂機🔆內有評價參考 體重計 體脂計 燃美人非泡泡so凱美俏妃奇纖女奇緣魔特兒女神秘密天生尤,5,24,43,$350 - $380
551,現貨！時尚紫色、黑色、金色電子秤體重機體重計減肥減重必備,5,36,53,$184 - $239
552,(福利品)【聲寶 SAMPO】語音體重計 / 體重機 / 體重器 / BF-L1109ML 保固 / 免運費,5,9,18,$533.00
553,【藏寶閣】TECO 東元藍光體重計(XYFWT481)/強化玻璃/電子秤/人體秤,4.9,13,22,$380.00
554,淘氣孩子/長耳狗狗機械式體重計 TCL-63,5,7,16,$179.00
555,B2431 圓型玻璃體重計-小/透明玻璃體重計/強化安全玻璃電子秤/人體秤/kg lb雙單位,4.8,197,382,$149.00
556,【送好禮】塔尼達TANITA BC-750玫瑰紅 體組成計 全新品 體脂計 BC750 體脂肪計 體重計,5,20,33,"$1,999.00"
557,【送好禮】塔尼達TANITA BC-750櫻花粉 體組成計 體脂計 BC750 體脂肪計 體重計,5,15,27,"$1,999.00"
558,【送好禮】塔尼達 TANITA七合一 體脂計BC-752 蜜瓜黃 BC752 體脂肪計 體組成計 體重計,5,4,7,"$1,699.00"
559,【CHI CHI小舖】TECO 東元時尚電子體重計 XYFWT503,4.9,47,127,$220.00
560,蝦皮優選體重計 LX01威恒 還在用不準的玻璃體重計嗎精準體重計/人體秤 超質感 液晶 LED背光 150Kg 公斤 VBBBB,4.9,59,92,$249.00
561,特價賣場（5粒）CR2025紐扣電池汽車鑰匙遙控器體重秤報警器3V紐扣電子表,5,1,1,$80.00
562,現貨USB可選充電電子秤家用體重秤精準成人減肥稱重電子秤可愛卡通稱,5,1,3,"$690 - $1,218"
563,蝦皮優選預購+現貨 【iNO】Model 5 震動按摩槍 筋膜槍+贈品 藍牙體重機,5,3,3,"$4,990.00"