,item,rate,num_product,num_sold,price
0,【迷霧天堂】主機+煙彈+皮套+果汁Vaporesso RENOVA ZERO POD小煙油小菸油 【A151】,53965,571,6015,$899
1,針油瓶5、10、15、20、30ml、50、100cc，酸鹼醒油瓶針嘴瓶尖嘴瓶尖頭PE瓶煙油果汁HP噴墨印表機墨水填充筆,7370,460,5856,$1 - $10
2,(超商限1罐)康健有機 義大利歐芙O'Fruit有機蘋果汁 1000ml【A25103】,30968,1259,4695,$125
3,現貨！半年保固｜隨身果汁機 榨汁機 隨身果汁杯 果汁機 調理機 附杯刷 USB充電 500ml｜HNK891,42294,343,3263,$699
4,【買五送一】特調 10ml精油 果汁 自調 煙油 電子主機配件 大煙 小煙 煙油 無丁鹽,5368,516,2923,$50
5,🌺針油瓶🌺5ml10ml15ml~120長針管PE注油瓶黑色，尖嘴瓶，筆桿型量杯挖棒印表機墨水菸油瓶漏斗滴管果汁蒸氣,1035,1507,2548,$2 - $15
6,【迷霧天堂】含果汁Joyetech BLIZZARD冰雪暴小煙主機VAPE電 子菸電 子煙小煙油小菸油丁鹽油【A108】,53965,571,2165,"$1,215"
7,2017年馬力升級~全配版~新潮流食品調理機 TSL-122  果汁機-冰沙機 (冰沙~豆漿~精力湯) 免運費,6444,22,1642,$750
8,KINYO 迷你隨行杯果汁機 電動榨汁機+環保杯 二合一 方便快速 攜帶外出 蔬果汁調理機 果汁杯 ARZ【B047】,233685,1047,1587,$549 - $649
9,KINYO 多功能食物調理機 自動切割食物 嬰兒食品調理 切菜機 絞肉器 碎冰機 果汁機 攪拌機 ARZ【A095】,233685,1047,1512,$899
10,【每日五蔬果！營養帶著走】隨身果汁機 隨行果汁機 電動榨汁機 調理機 果汁機 榨汁機 料理機 果汁杯,64208,753,1504,$599
11,2020新款六刀磨細緻家庭迷你榨汁機便攜式多功能USB充電水果榨汁杯小型電動果汁杯孩童婦嬰更適合,20004,4530,1492,$338
12,KINYO 多功能食物調理機 自動切割食物 嬰兒食品調理 切菜機 絞肉器 碎冰機 果汁機 攪拌機 攪拌器 【A095】,4245,400,1388,$899
13,KINYO 迷你隨行杯果汁機 電動榨汁機+環保杯 二合一 方便快速 攜帶外出 蔬果汁調理機 果汁杯 果汁機【B047】,4252,403,1359,$549 - $649
14,【勳風】全能級冰沙果汁機生機調理機(HF-3675)台灣製造,33212,657,1329,"$3,280 - $3,305"
15,随身果汁机情侶套杯英國皇太太迷你榨汁機家用水果小型便攜式充電榨汁杯電動炸果汁杯,234,131,1257,$598
16,母親節禮物 現貨 小米有品 17PIN 星果杯 400ml 隨行杯 果汁機 榨汁機 攪拌杯 果汁杯 便攜榨汁 環保杯,44991,1196,1161,$789
17,【蒸氣迷霧】含果汁JustFog Minifit KIT微風電子式主機vape非 電 子菸煙小煙油小菸油丁鹽【A090】,4683,504,1160,"$1,050"
18,【現貨-免運費！台灣寄出】富士電通 多功能隨行杯冰沙調理機 FT-JEM5725R 果汁機研磨攪拌器【HTK075】,3397,534,1076,"$1,490"
19,諾麗果汁酵素---一次買2瓶-請勿下4瓶-調整體質、調節生理機能的優良補給品-特價期間每瓶只要250元,923,15,1071,$500
20,【台灣三洋原裝正品！隨行果汁機】隨鮮杯 果汁機 榨汁機 碎冰 冰沙 不含雙酚A 電動果汁杯 鮮菓炫冰杯 玻璃隨身瓶 隨身,143657,697,1024,$890
21,【現貨-免運費！台灣寄出】富士電通 多功能隨行杯冰沙調理機 FT-JEM5725R 果汁機研磨攪拌器【HTK075】,26994,599,1005,"$1,490"
22,【台灣現貨】防疫 6葉 USB充電式 隨身果汁杯 維他命USB果汁機 隨行果汁機 隨行果汁機 行動果汁機 榨汁機果汁杯,52088,339,847,$279
23,【KINYO】時尚簡約多功能果汁機/調理機(JR-20)刀片#301不鏽鋼,33225,657,838,$680
24,【打果汁好簡單】超可愛 充電式隨身果汁杯 果汁機 攪汁機 隨身冰沙機 榨汁機 AE0001,16893,1971,774,$499
25,意大利進口LIQUA果汁 【正品30ml清新果香口味】 打火機補充液,4307,42,689,"$360 - $1,780"
26,一機多用充電式電動果汁機 攪拌機 (可超取)【320ml適中飲用容量】市價899↘超值價369元！ 3色可選！※9,17899,1143,656,$369
27,【蒸氣迷霧】超划算主機+煙彈+皮套+果汁Vaporesso RENOVA ZERO POD小煙電子小菸 【A151】,4683,504,652,$899
28,【買五送一】特調 10ml精油 果汁 自條 煙油 電子主機配件 大煙 小煙,2140,495,625,$50
29,送縫隙刷三件組❤可充電USB隨身果汁機 隨行果汁杯 VITAMER 維他命榨汁杯 露營 行動榨汁機 隨行杯,2886,15,553,$360 - $795
30,Voelkel 維可有機蘋果汁 6瓶以上免運.18瓶3060元加贈28元瀉鹽3包 效期新,3487,262,487,$190
31,【送魔布3條】TSL新潮流健康食品調理機~果汁機~豆漿~研磨~輕巧好收納~現貨,5489,269,452,$598
32,Z&G / bink 冰殻小煙主機 果汁,123,1,451,$300 - $880
33,老闆頭痛區~PHILIPS 飛利浦活氧果汁機 HR2100/HR-2100,6029,357,445,$699
34,新款熱銷 破壁機 榨汁機 小型 榨汁杯 便攜式USB充電 榨果汁機 水果機 調理機,70,82,432,$399
35,【迷霧天堂 】含果汁Geekvape  Flint Kit火石電子主機套裝非 電 子菸煙小煙油小菸油丁鹽鹽油【A115】,53951,571,399,$882
36,全佳豪派樂5合1果菜料理刨冰機 榨汁機-共底杯(含製冰碗3+保鮮蓋3)-刀削冰淇淋旋風刨蘿蔔絲雕花榨果汁機剉冰沙機冰風暴,1467,1110,391,$529
37,【台灣現貨】玻璃款 便攜式迷你榨汁機 電動榨汁杯 6葉USB充電果汁機 電動榨汁杯學生隨行杯果汁機 隨身攜帶,52088,339,381,$459 - $599
38,<搞啥飛機>5個 2公升HDPE塑膠桶分裝瓶不透光白色全新料 酒精/消毒水/次氯酸水可用 果汁桶農藥桶汽油桶煤油桶 含稅,21125,2790,376,$175
39,[台灣現貨] 0丁美國香精果汁 30ML 0MG 15種口味 煙量大 適合所有注油式小煙主機 石中劍 咖哩棒 ZERO,779,23,364,$180
40,【迷霧天堂】大全配主機+果汁+煙彈Uwell Amulet Pod手錶電 子菸煙小煙油小菸丁鹽鹽油【A149】,53958,571,345,$888
41,德國維可 Voelkel 有機蘋果汁 12瓶加送瀉鹽x6包 Demeter 1000ML/,14934,1452,340,"$2,040"
42,<搞啥飛機>1公升 HDPE半透明透光塑膠桶 全新料生產 遙控燃油分裝瓶 果汁桶蜂蜜桶農藥桶 汽油桶煤油桶 含稅價,21171,2790,326,$20
43,大耐用馬達可提式隨行杯玻璃杯果汁機連鎖保固尚朋堂SJ-0600運動壺鎖扣大容量450ML勝歌林國際牌飛利浦勳風大同冰沙機,53287,788,307,$749
44,Panasonic 國際牌果汁機MX-V188的杯蓋,12098,880,275,$60
45,新潮流食品調理機-果汁機 TSL-122 (輕巧版 主機+果汁杯) (冰沙~豆漿~精力湯),6444,22,274,$590
46,【迷霧天堂】Modefined Lyra 200w溫控主機含霧化器+電池套裝送果汁 vape 【A088】,53965,571,257,"$2,980"
47,LC電器 國際牌果汁機 上下連軸、杯蓋、碳刷、開關、刀刃、果汁杯、墊圈、喇叭刀座 MX-185V.MX-V188,5975,171,252,$110
48,小煙08：熱門推薦 AURORA PLAY 小煙主機專用皮套 Zero二代 Vaporesso 不含果汁  霧化,4163,15,242,$50 - $60
49,Panasonic 國際牌果汁機MX-V188的碳刷,12115,881,221,$35
50,【迷霧天堂】現貨送果汁JustFog Minifit KIT微風 小巧口感主機　停不下來的好滋味 含果汁套裝【A090】,53965,571,202,"$1,050"
51,2018 外銷升級版第二代迷你電動榨汁杯(手機充電寶功能+照明)源頭廠家 多功能榨汁果汁杯 迷你充電研磨機,19951,4522,198,$959
52,【國際牌 PANASONIC 台灣松下】果汁機玻璃杯◎請參考內容資料◎MX-V188/MX-185V/MX-X47,4146,820,196,$370
53,(彰農米糧)有機系列~豆漿機專用  有機燕麥薏蓮子 500g 多穀物米漿 調理機 電鍋+果汁機,7815,52,192,$120
54,【蒸氣迷霧】大煙Modefined Lyra 200w溫控主機含霧化器+25R電池套裝送果汁 電 子煙 菸【A088】,4683,504,186,"$2,980"
55,【威利家電】德律風根 六件組食物調理機 / 料理棒 / 調理棒 / 果汁機 LT-HB1702DC,5260,327,186,$930
56,PHILIPS 飛利浦活氧果汁機~HR2101/HR-2101冰沙機-調理機-濾網型,14375,615,186,$830
57,【愛蒸氣】送果汁30ML+貼紙 正版克萊鵬堡壘MINI 80W大煙 霧化器套裝vape (非電子主機煙非菸,9462,142,173,"$1,790"
58,【買五送一】特調 10ml精油 果汁 自條 煙油 電子主機配件 大煙 小煙,2045,623,163,$50
59,【可加購替杯&贈清潔刷】美國 OSTER-Ball Mason Jar隨鮮瓶果汁機 BLSTMM (四色可選),50855,1201,163,"$1,309"
60,~玩美主義~MA-6208升級款.鍋寶隨身杯果汁機研磨機(SJ-220-D)雙杯設計.前100名贈玫瑰刀.超取限2台,3073,258,160,"$1,199"
61,【迷霧天堂】含果汁套裝Joyetech Exceed Grip Starter Kit小型主機套裝 小煙【A117】,53954,571,159,"$1,332"
62,☆樂樂購☆鐵馬星空☆【Z03-061】馬卡龍充電式迷你隨身果汁機 USB 果汁機 輕便果汁機杯 電動榨汁機 隨行杯,15551,1912,155,$249
63,億海Yihi Ipv V3 Mini kit 含30ML果汁小煙主機小菸主機電 子菸電 子煙油小菸油丁鹽【A133】,1752,488,153,"$1,200"
64,【買五送一】特調 10ml精油 果汁 自調 煙油 電子主機配件 大煙 小煙,1140,1574,146,$50
65,滿千免運【KKBOY】 ZERO 極光 二代 主機 不含果汁,442,9,145,$140 - $550
66,|就| 含果汁+皮套 Vaporesso RENOVA ZERO Pod 陶瓷芯 小煙主機 保護蓋,4928,168,144,$650 - $880
67,【coni shop】BINGO迷你隨身電動果汁機 現貨 當天出貨 榨汁杯 隨身杯 可攜式果汁機 USB充電 邊走邊打,13906,410,142,$399
68,●主機+果汁+煙彈●Uwell Amulet Pod手錶主機Vape非電 子菸電 子煙小煙油小菸丁鹽【A149】,4684,504,141,$888
69,中收納包工具包，EVA硬盒主機煙油果汁A1雙絞發熱絲陶瓷夾尖嘴鉗斜口鉗鑷子夾子台灣製造鋼剪刀彎剪手牌510底座飛鏢包鏢盒,7370,460,140,$23 - $189
70,【迷霧天堂】授權經銷有保固●含果汁Yihi Ipv V3 Mini kit小煙主機大煙主機(非 電 子菸煙【【A133】,53954,571,139,"$1,950"
71,【蒸氣迷霧】限量百套附果汁Uwell Amulet Pod手錶主機Vape Watch小煙(非電 子菸煙【A129】,4680,504,138,$780
72,便攜式迷你電動榨汁杯6刀 USB充電 多功能家用小型水果榨汁機 果汁機果汁杯 戶外隨行杯【ZA0405】《約翰家庭百貨,102715,1167,136,$369
73,【迷霧天堂】現貨VOOPOO PANDA熊貓 迷你主機含果汁套裝 新手套裝 外出套裝【A100】,53867,577,135,"$1,380"
74,新潮流食品調理機TSL 122 果汁杯 單購下標區  果汁機-冰沙機 (冰沙~豆漿~精力湯),6444,22,135,$220
75,TECO 東元 多功能 研磨 隨行杯 果汁機 XYFXF9310,3793,237,131,"$1,250"
76,Panasonic 果汁機 MX-V188 的果汁杯,12086,881,122,"$300 - $1,300"
77,@貨比三家不吃虧@ 美國 shake n take  調理機 隨行杯果汁機 不銹鋼刀 隨身杯 一機兩杯 贈送隨行杯 OSTER可參考 父親節 中秋節,7838,4026,119,$699
78,|就| 美國 金獎機車 幸運13 CAFE RACER Lucky 13 摩托車油 機車油 幸運痞子 60ml 大煙果汁,4917,169,110,$650
79,【5組免運】USB充電式 隨身果汁杯 維他命USB果汁機 隨行果汁機 隨行果汁機 行動果汁機 榨汁機果汁杯,36803,661,111,$269
80,DO嘟嘟DO 附發票【達新牌】1公升電動榨汁機 TJ-5660 有防塵蓋+榨汁盤/柳丁機/果汁機,14383,615,111,$330
81,[台灣現貨]台灣原廠小太陽冰沙機767系列零件組 小太陽零件 冰沙機零件 果汁機 豆漿機,5438,2229,107,"$250 - $1,090"
82,2019全新機種~新潮流健康食品調理機(TSL-122A)簡配~果汁機~冰沙機 (冰沙~豆漿~精力湯)~台灣製造~免運,996,41,100,$600
83,【國際牌 PANASONIC 台灣松下】果汁機玻璃杯◎所有型號都有 請參考內容資料◎MX-X107/MX-V210GN,4146,820,100,$370
84,【大王家電館】【現貨+贈不鏽鋼吸管組】飛利浦 HR2173 / HR-2173 PHILIPS 超活氧果汁機,7896,641,98,"$2,000"
85,台灣現貨 ► USB隨身果汁杯   VITAMER 維他命 果汁杯 果汁機 隨行果汁機  榨汁機 果汁杯,8442,51,97,$675 - $699
86,【小煙館】現貨 大煙小煙可切換 正品 SPINNER PLUS 贈1個果汁補充油隨機 非電 子煙 電 子菸 電子霧化器,16509,279,97,"$1,899"
87,送研磨杯x2+一年保固+24H出貨【日本富士電通多功能研磨果汁機】研磨機 調理機 豆漿機 冰沙機 攪拌機 【AB170】,11029,372,89,$759
88,意大利進口LIQUA果汁 【正品30ml混合味】打火機補充液,4313,42,90,"$300 - $2,150"
89,【24H出貨】鍋寶 碎冰 不鏽鋼刀刃果汁機 超大容量1500cc 可打冰沙 附研磨杯(JF-1582-D),7853,594,88,$799
90,【三峽好吉市】鳳梨切片器 水果刀 廚房刀具 菜刀 剁刀 果汁機 蔬果機 榨汁機 流理臺,3406,3007,88,$139
91,｜NONI有機認證｜100%天然諾麗果汁/無任何添加物【超濃縮諾麗酵素液｜3瓶入$1300免運】經一年以上發酵原液,2774,143,87,"$488 - $1,300"
92,Panasonic 國際牌1公升(1000c.c)果汁機 MX-EX1001有實體店面~,1844,135,87,$833
93,【三峽好吉市】削蘋果器 水果刀 刨刀 水果叉 廚房收納 果汁機 迷你烤箱 烤麵包機 榨汁機 西瓜刀 削皮器,3410,3049,86,$159
94,台灣24H現貨 110V專用 2L沙冰機商用奶茶店 打冰沙機刨冰碎冰機 家用破壁機料理榨果汁機 台灣保固免運直送,1335,127,81,"$2,290"
95,SUPER MUM全營養專業型調理機/果汁機 BTC-A3白色,6039,914,79,"$5,800"
96,*贈木寡糖一瓶送完為止*普羅優菌 (優格菌) 美白窈窕養生自製優格的神奇魔力 (優格機 鬆餅機 ipad 果汁機）,4478,346,79,$378
97,勳風好幫手料理機 HF-C558 果菜食物調理機/果汁機/食物攪拌機/研磨機/冰沙機 攪拌機絞肉菜磨粉磨豆機,1468,1110,78,"$1,980"
98,【小煙館】現貨 大煙套裝 仿偽可驗證正品 TOPBOX 75W 贈1個果汁補充油隨機 非電 子煙 電 子菸 電子霧化器,16543,279,76,"$2,200"
99,【精工】smok tfv8 baby 霧化蕊 成品芯 大煙霧 蒸氣 霧化心 蒸氣果汁 蒸氣機 特斯拉 老虎桿通用,2131,494,75,$270
100,【牛奶蒸氣】含果汁●Suorin AIR 攜帶神器 防漏油8MM超薄機身非 電 子菸煙小煙油小菸油丁鹽鹽油【A017】,1722,483,73,"$1,180"
101,橡樹街3號  統一生機  RWK有機蘋果汁 946ml/瓶【A01096】  (不適宜超取),30944,1264,73,$200
102,新潮流食品調理機-果汁機-冰沙機 (冰沙~豆漿~精力湯) 免運費,6437,22,73,$750
103,來速蒸氣☞滿千免運 美國 金獎機車 幸運13 CAFE RACER Lucky 13 幸運痞子 60ml 大煙果汁 美油,282,118,72,$550
104,果汁機零件 上連軸 摩擦片,24048,1018,72,$60
105,@拚評價最便宜@迷你攪拌器手持打蛋器電動攪拌器咖啡不鏽鋼電動混合機料理攪拌機打奶油打奶泡器飲料果汁混和沙拉醬調酒攪拌棒,11485,370,71,$55
106,<搞啥飛機>2公升HDPE塑膠桶 全新料生產 酒精/消毒水可用 果汁桶 蜂蜜桶 農藥桶 汽油桶 煤油桶 含稅價,21125,2790,70,$30
107,清涼消暑全佳豪 派樂5合1 果菜料理刨冰機*1(含製冰碗*3+冰蓋*3) 刨冰+刨絲+刨片+刻花+榨果汁 剉冰 水果冰磚,870,832,67,$500
108,DO嘟嘟DO全家福果汁機零件MX-901A/MX-816A/MX-818A/MX-817A不鏽鋼刀組/墊圈/外仁/玻璃杯,14383,615,65,$40 - $400
109,[網路GO]美國OSTER-Ball Mason Jar隨鮮瓶果汁機BLSTMM,4024,2453,64,"$1,600"
110,飛利浦超活氧迷你果汁機配件(刀座/杯子/墊圈/蓋子)適用機型 HR2872/HR2874,927,149,63,$100 - $350
111,【蒸氣商行】送果汁Modefined Lyra 200w溫控主機霧化器VAPE大煙大菸油非電 子菸 電 子煙【A088】,1345,481,62,"$2,980"
112,║NONI有機認證║100%天然諾麗果汁酵素液☆超濃縮純汁 【3瓶入$1000 可超商取貨※限購1組】不含農藥 重金屬,8382,173,62,"$399 - $1,000"
113,現貨 陶瓷芯有螢幕 正品 特斯拉 TPOD 主機新手套裝 可重複自行加油電子果汁丁鹽油 非電 子煙 電 子菸 電子霧化器,2781,78,61,"$1,300"
114,RELX悅刻螢光版單主機 圖片有口味介紹 原裝濃縮果汁 下單前請露露詢問是否現貨！,1702,262,60,$530
115,【國際牌 PANASONIC】果汁機鋼刀、刀片、刮刀◎請參考內容資料◎MX-V188/MX-185V/MX-X47,4146,820,60,$100
116,【鍋寶】多功能蔬果食物料理機/果汁機/研磨機(HA-3088-D)切、刨、磨、攪,33222,657,57,"$1,250 - $1,275"
117,5合1果菜料理刨冰機 榨汁機-全佳豪/派樂共用底杯(含製冰碗3+保鮮蓋3)-刀削冰淇淋旋風刨絲雕花榨果汁剉冰沙機冰風暴,1072,906,56,$499
118,~玩美主義~大家源不鏽鋼碎冰果汁機 TCY-6735超取免運限1台.,3070,253,56,"$1,190"
119,KINYO 多功能食物調理機 料理機 果汁機 榨汁機 切碎 剁碎 研磨 多合一,130021,1000,55,$899
120,賈浪卡 全新 德國 bosch MUM57B22 攪拌機 果汁機 絞碎機 羅伯特博世 攪拌器 打蛋機 揉麵機 3.91L,5875,914,55,"$16,000"
121,電動榨汁機 USB充電式隨身果汁杯 6葉刀頭移動榨汁機 行動鮮汁機 隨行果汁機【現貨快出】,112,281,54,$289
122,原廠保固ＩＦａｃｅ 電動果汁杯 隨行杯 果汁機  家電  生機調理 隨行果汁機 高蛋白└┬┐429號,42083,1292,52,$590
123,【winshop】B2193 魔法纖果瓶-塑膠/SGS認證/檸檬杯/榨汁機/檸檬水壺/泡茶壺/果汁機/運動水壺/夏日解渴必備,74788,4202,52,$98
124,一鑫餐具【QQ象 食物料理機 HM-1688】食材調理機冰沙機果汁機果菜機攪碎機攪拌機,10683,2521,52,"$2,300"
125,附發票達新牌【TJ-5660】電動榨汁機 現榨果汁 柳丁汁 檸檬汁,10965,397,51,$340
126,<茶桶王> 8L果汁分配器 果汁機 果汁槽 果汁飲料桶 飲料桶 民宿餐廳早餐器具 不鏽鋼桶 透明飲料桶 果汁鼎,592,229,48,"$1,470"
127,全家福果汁機專用不銹鋼刀組-【便利網】,18582,2757,50,$230
128,《臺灣現貨供應》均衡一夏! 小米有品 德爾瑪可攜式果汁機 隨行杯無線電動迷你榨汁機 果汁杯 副食機 全自動果蔬料理榨汁機,1604,31,47,$499
129,【大王家電館】【現貨贈超值刮刀】Princess 荷蘭公主不鏽鋼榨汁機果汁機 201851 柳丁檸檬葡萄柚好幫手,7896,641,48,"$2,470"
130,有現貨 附發票＊元元家電館＊尚朋堂 1700C.C.玻璃杯果汁機 SJ-1788,28418,1447,46,$850
131,日式 榨汁機-全佳豪旋轉式 果菜榨汁機-風行日本柳橙汁榨汁器 juicer-榨檸檬蘋果汁,676,866,46,$168
132,快速出貨-王電 廚中寶料理機 （調理機.食物處理機.榨果汁機.冰沙機）,21328,1395,45,"$2,690 - $7,920"
133,【迷霧蒸氣】現貨含果汁VOOPOO PANDA熊貓主機新手套裝vape非電 子菸電 子煙油小菸油丁鹽ZERO【A100】,1750,488,44,"$1,380"
134,阿邦小舖 德國 Voelkel 維可有機蘋果汁X6+有機檸檬汁*1+纖暢錠X2+瀉鹽x2+德國有機冷壓橄欖油,14907,1447,43,"$1,628"
135,【FL生活+】新潮流健康食品調理機(TSL-122)果汁機大全配,5486,271,43,$790
136,《安安寶貝家》PHILIPS 飛利浦 HR2100 HR-2100 超活氧 果汁機,16482,1438,42,$799
137,缺貨中)大吉)HF-C116B藍.HF-C116K粉 勳風 U-Take搖搖樂分離式電動隨行果汁機(USB充電)附濾網,2273,207,42,$539
138,Panasonic 國際牌果汁機MX一V185的碳刷,12114,883,41,$35
139,【攪拌杯】CH(可挑色缺色隨機發貨)專利懶人自動攪拌杯牛奶。咖啡..果汁奶昔。電動攪拌杯子,1497,355,41,$105
140,2059生活居家館_台灣製造全鋼壓汁機 ㊣304不鏽鋼 壓汁器 檸檬榨汁器 水果柳丁各類蔬果取汁器 果汁機,10583,819,41,$380
141,【大頭峰電器】PHILIPS 飛利浦 活氧果汁機攪拌棒 -適用 HR2094&HR2084,50855,1201,41,$146
142,調味料理水果噴汁器 榨汁器 檸檬噴霧器 烤肉 果汁機 中秋 端午,17964,1351,39,$25
143,【真便宜】小太陽767冰沙機 TM767 冰沙果汁機 沙冰機,620,498,38,"$2,760"
144,【迷霧蒸氣】送果汁JustFog Minifit KIT微風 小巧口感主機含果汁套裝【A090】,1750,488,37,$950
145,【迷霧蒸氣】送果汁Modefined Lyra 200w溫控主機含霧化器+電池vape非 電 子菸煙小丁鹽油【A088】,1752,488,37,"$2,980"
146,【煙鬼客棧】JustFog Minifit KIT小巧口感主機　停不下來的好滋味 含果汁套裝【A090】,667,162,36,$850
147,『世界大 片卑』新改良 手搖式製麵機附五個壓麵模板(壓麵機麵條空心麵通心麵果汁機手工麵做米台目機),13849,905,35,$195
148,【原廠公司貨 保固一年】KOLIN歌林 冰沙機 果汁機 隨行杯 隨手杯 果汁機 榨汁機 隨行果汁杯KJE-MNR5761,684,77,34,$630
149,【牛奶蒸氣】全方位Modefined Lyra 200w溫控主機含霧化器+25R電池套裝送果汁(電 子菸/煙【A088】,1722,483,34,"$2,980"
150,Panasonic MX-XT301 果汁機 活力黃,12083,880,34,"$1,990"
151,預購中HANLIN-JK735 自動真空保鮮破壁料理機 果汁機,1296,565,34,"$14,980"
152,日本代購 空運 2020新款 阪和 PR-SK034 USB充電 隨行杯 果汁機 攪拌機 300ml 水壺 茶壺,15516,4572,34,"$2,090"
153,"聯想材料【P15食品級潤滑脂】→食品機械耐/咖啡機/果汁機/電動吸乳器.符合""NSF食品級認證""(熱銷價500元/罐)",2385,279,34,$500
154,（惡魔蒸汽）30ml電子果汁特價3隻一千！ (下標請註明口味 否則隨機出貨喔),842,254,33,"$1,000"
155,【牛奶蒸氣】VOOPOO PANDA熊貓 迷你主機含果汁VAPE非 電 子菸煙小煙油小菸油丁鹽鹽油 【A100】,1720,484,32,"$1,380"
156,@拚評價最便宜@迷你攪拌器手持打蛋器電動攪拌器咖啡不鏽鋼電動混合機料理攪拌機打奶油打奶泡器飲料果汁混和沙拉醬調酒攪拌棒,11434,370,32,$55
157,~玩美主義~ 大家源 隨行杯果汁機TCY-6715榨汁機/豆漿機/冰沙機. + 外加杯子及蓋子,3073,253,32,$790
158,【煙鬼客棧】VOOPOO PANDA熊貓 迷你主機含果汁套裝 新手套裝 外出套裝【A100】,671,161,31,"$1,380"
159,小太陽 冰沙機  果汁機 調理機 開關 鍵 自動回彈 瞬動 鍵 自動回彈,23996,1017,31,$100
160, 德國維可Voelkel有機蘋果汁ｘ６瓶+有機檸檬汁+纖元素*２包+西班牙沙羅瑪百年橄欖油+瀉鹽*２包,14934,1452,31,"$1,705"
161,【大煙館 】含果汁Uwell Caliburn POD石中劍咖哩棒小煙主機非 電 子菸煙小煙油小菸油丁鹽鹽油【A130】,3771,270,30,"$1,280"
162,Panasonic MX-XPT102 隨行杯果汁機,12051,878,30,"$1,590"
163,★ 熊大賣場 ★ 家用炒冰盤 自制炒冰淇淋機 家用雪糕機炒冰盤家用 迷你 家用小型炒冰機迷你沙冰水果汁【HT24】,12724,757,30,$650
164,@拚評價最便宜@迷你攪拌器手持打蛋器電動攪拌器咖啡不鏽鋼電動混合機料理攪拌機打奶油打奶泡器飲料果汁混和沙拉醬調酒攪拌棒,11439,370,30,$55
165,☆彩繪軒☆廣告紅色優柏TSK-9338果汁機 非 Panasonic MX-V188/歌林JE-LNP08/AE32AD,7598,3926,30,$390
166,【小煙館】急速大煙套裝 正品 Aspire 200w 阿索斯 贈1個果汁補充油隨機 非電 子煙 電 子菸 電子霧化器,16543,279,30,"$3,199"
167,普羅優菌6盒 送內罐2個+ 優格機*1台 大特價 自製優格最養生(鬆餅機 優格機 果汁機 博客來),4471,333,30,"$2,580"
168,【新潮流】健康食品調理機TSL-122(全配)~果汁~研磨機~全新改良款~馬力2萬轉~附食譜~纖維魔布~台灣製~免運,996,41,30,$750
169,德國demeter有機甜菜根汁，甜根菜汁，根莖蔬果汁，最高級有機認證，另有葡萄汁、蘋果汁、藍莓汁，任選6瓶免運!!,898,11,29,$260
170,原廠公司貨【國際牌◎PANASONIC】台灣松下◎果汁機配件◎MX-V188果汁杯(玻璃杯)完成組+杯蓋,4146,820,29,"$1,230"
171,果汁機零件 鋼刀、刀片、刮刀 6片刀 只售刀具,23982,1017,29,$180
172,【貴夫人】生機食品調製機//果汁機『CP-75S』㊣公司貨㊣,4143,825,29,"$1,980"
173,台灣現貨 手動檸檬榨汁機橙子石榴榨汁器手壓柑橘果汁機多功能不鏽鋼榨汁機  免運,112,281,28,$899
174,一鑫餐具【不銹鋼壓汁機(大)】檸檬壓汁機壓柳丁機壓果汁機榨汁機壓柳橙壓汁,10696,2538,28,$199
175,★維尼有機小舖★統一生機 RWK有機蘋果汁 946ml (6罐),4150,840,27,"$1,280"
176,DO嘟嘟DO 全新營業用【心之食堂】12合1多功能食物料理機/調理機/攪拌機/果汁機/研磨機 ED840公司貨附發票,14383,615,27,"$3,650"
177,[台灣現貨]台灣原廠小太陽冰沙機767系列零件組 小太陽零件 冰沙機零件 果汁機 豆漿機,5433,2223,27,"$250 - $1,090"
178,【鍋寶】隨身杯果汁機研磨機(SJ-220-D)雙杯設,33203,658,27,$818 - $843
179,1機2杯(台灣公司貨才含22道食譜)recolte 日本麗克特 Solo Blender Solen 復古果汁機,1884,111,26,"$1,280"
180,省錢工坊-台灣製造全新升級316不銹鋼檸檬取汁器【附保鮮蓋】醫療級不鏽鋼壓汁機 果汁機 壓汁器 擠檸檬器檸檬水,4044,741,26,$95
181,(福利品)【歌林】隨行杯果汁機(雙杯組) JE-LNP08《家電批發 團購 尾牙 禮贈品》,3214,283,25,$599
182,@貨比三家不吃虧@ 美國 shake n take 3 調理機 隨行杯果汁機 不銹鋼刀 隨身杯 一機兩杯 贈送隨行杯 OSTER可參考 父親節禮物,7848,4040,25,$699
183,【貴夫人】CP-75S果汁機專用◎果汁杯,4145,821,25,$500
184,【大煙館】正品含果汁億海Yihi Ipv V3 Mini kit小煙主機大煙主機非 電 子菸煙小煙油小菸油丁【A133】,3789,270,24,"$1,250"
185,送清潔刷+一年保固+24H出貨【歌林隨身冰沙果汁機】果汁機 隨行杯 冰沙機 調理機 攪拌機 豆漿機 榨汁機【AB245】,10954,367,24,$629
186,義大利O’Fruit有機蘋果汁 1000ml/瓶【12罐/箱免運】,1058,434,24,$138
187,一鑫餐具【彩柄果汁網 5寸】果汁機過濾網水果濾網蔬果濾網果菜濾網食物濾網,10624,2533,24,$65
188,一鑫餐具【鋁合金壓汁機(特大)】營業專用壓柳丁機壓果汁機榨汁機壓檸檬,10635,2533,24,$330
189,《Wongdec 王電》料理專家廚中寶果菜食物料理機-WO-2688-果汁機/冰沙機/絞碎/麻糬,1814,948,24,"$2,780"
190,CPMAX 隨身攜帶型多功能USB充電果汁機 水果機 攜帶型果汁機 usb果汁機隨行杯 充電果汁機 隨身果汁機 H111,23338,717,24,$268
191,|就| 馬來 MNFKV 青蘋果優酪乳 莓果俱樂部 當日現貨 60ml 大煙果汁 非 偉士牌 機車牌,4867,169,22,$300 - $390
192,【蒸氣商行】含果汁套裝Joyetech Exceed Grip Starter Kit小型主機套裝 小煙【A117】,1342,485,23,"$1,280"
193,Panasonic 國際牌果汁機MX-V188的開關,12098,880,23,$250 - $600
194,現貨 超薄名片機調功率 陶瓷新手小煙 正品 lough AIMO 重複加油果汁丁鹽油 非電 子煙 電 子菸 電子霧化器,2778,78,23,$999
195,德國demeter德米得有機蘋果汁，最高級有機認證，另有蘋果醋、根菜汁、紅蘿蔔汁，任選六瓶免運!!,898,11,23,$220
196,◆電の店◆ 廠商直送 免運費 省力型 304不銹鋼濾盤 榨汁機/手動榨汁機/手動榨汁器/果汁機,4408,2044,23,"$2,199"
197,送清潔刷+一年保固+24H出貨【歌林時尚款冰沙果汁機】果汁機 研磨機 攪拌機 冰沙機 調理機 隨行杯【AB286】,10913,368,22,$659 - $749
198,【大頭峰電器】貴夫人果汁機多功能食物調理機  CP-75S 果杯組~果汁杯,50835,1218,22,$441
199,VITAMER 維他命榨汁機 榨汁杯 隨身 果汁機 母親節 聖誕節 生日 交換 禮物【RS772】,765,996,22,$699
200,【現貨/送杯蓋+杯刷】2018新上市電動玻璃果汁機 可擕式迷你果汁機 迷你榨汁機 隨身攜帶果汁機隨行杯電動果汁機,292,23,22,$699
201,【飛利浦 PHILIPS】3合1隨行杯果汁機/三合一果汁機/多功能果汁機/隨行杯果汁機 HR2874,1793,978,22,"$1,350"
202,LONGHOW龍豪五段式碎冰果汁機LJM-1508【同新格JJM1588】 ,3210,190,22,"$1,050"
203,~野營家~輕便 充電式 隨身果汁機  USB果汁機 電動榨汁機 380ml 請先詢問庫存顏色,15332,384,22,$499
204,【愛蒸氣】送果汁30ml GS正版 美國-小魚雷 霧化器主機 大小煙 (非鸚鵡螺電子vape煙非菸火石),9467,141,21,$960
205,調味料理水果噴汁器 榨汁器 檸檬噴霧器 烤肉 果汁機 中秋 端午,1585,4352,21,$25
206,不鏽鋼壓汁機(大)/果汁壓汁機/榨汁機 壓汁器柳丁/檸檬機/台灣製造,4482,1258,21,$199
207,【大煙館】VOOPOO PANDA熊貓 迷你主機含果汁 新手套裝VAPE 非電  子煙 電 子菸 eleaf【A100】,3789,270,21,"$1,380"
208,@貨比三家不吃虧@ 美國 shake n take  調理機  隨行杯果汁機 不銹鋼刀 隨身杯 一機兩杯 贈送隨行杯  OSTER可參考 中秋節 父親節,5998,4997,21,$699
209,DO嘟嘟DO 含稅附發票 大家源 隨行杯果汁機TCY-6715榨汁機/豆漿機/冰沙機/含稅附發票,14295,611,21,$455
210,含稅附發票＊元元家電館＊鍋寶 1500cc 碎冰式果汁機 JF-1582-D,28342,1408,21,$750
211,【迷霧蒸氣】含果汁套裝Joyetech Exceed Grip Starter Kit小型主機套裝 小煙【A117】,1742,493,20,"$1,480"
212,【迷霧天堂】含果汁原廠保固●Suorin AIR 商務型攜帶神器 防漏油 8MM超薄機身 非ICUB【A017】,53874,576,20,"$1,180"
213,調理機 底座 拆裝板手 冰沙杯 調理杯 果汁機 刀頭拆卸扳手 小太陽 TM-767 SUPER MUM Vita-Mix,958,693,20,$140
214,國際牌 果汁機杯蓋 型號：MX-J100P,4146,820,20,$70
215,代購  全新 Kolin歌林 隨行杯果汁機 雙杯組(JE-LNP10 ) 含運680,3565,689,20,$680
216,<E分店>Panasonic  國際牌活力氧果汁機MX-GX1061可殺價請先談價錢,1136,143,20,"$1,890"
217,缺貨【Kolin 歌林】拉霸隨行果汁機KJE-SD1907,3199,192,20,"$1,280"
218,※ smile 家電館 ※鍋寶 1600CC碎冰玻璃杯果汁機 JF-1602,9320,1312,20,$790
219,貴夫人LS-566生機精華萃取機-微感智控[超強扭力系列]-果汁機-生機調理機-冰沙機-漏斗已全數送完-改送洗米器,1060,908,20,"$4,300"
220, 哈哈商城 台灣製 直立式 壓汁機 ~ 果汁 冰沙  榨汁機  養生 檸檬 柳橙汁 紅茶冰 餐具 開店 ,3016,1328,20,"$1,050"
221,【煙鬼客棧】AIO S ● Joyetech X 聯名款 初階首選主機 含果汁套裝 新手首選【A019】,671,161,19,"$1,250"
222,【24H出貨】鳳梨牌 榨汁機 EX-301SS 果汁機 調理機 台灣品牌,7785,604,19,"$2,599"
223,OSTER Ball Mason Jar 隨鮮瓶果汁機 BLSTMM 五色可選 梅森杯/可打防彈咖啡,6359,1556,19,"$1,480"
224,2059生活居家館_日本玻璃榨汁器 檸檬壓汁器 水果柳丁各類蔬果取汁器果汁機 媲美 美國Full Circle纖檸隨手瓶,10482,819,19,$200
225,一鑫餐具【紅柄果汁網4寸(細目)】果汁機濾網水果蔬果果菜濾網麵粉篩烘培器具,10658,2528,19,$35
226,上豪1.5L碎冰果汁機(玻璃杯) BM-156~台灣製,3208,190,19,$799
227,全佳豪免插電 果菜 榨汁機-旋轉式 榨汁 超省力 柳丁汁 檸檬汁 蘋果汁,4393,1378,19,$169
228,24出 附發票台灣公司貨 雙杯組 kolin 歌林隨行杯冰沙果汁機 KJE-MNR572RG 耐熱 隨行杯果汁機 冰沙機,2683,615,18,$666
229,【牛奶蒸氣 】原廠正品+果汁Uwell Caliburn POD石中劍咖哩棒小煙主機小菸主機電 子煙電 子菸【A130】,1722,483,18,$869
230,小楊家電賣場 國際牌 Panasonic Panasonic 國際牌 MX-V188 果汁機 碳刷 長度1.3MM,4765,75,18,$40
231,大同隨行杯果汁機TJC-P350專用600cc隨行杯 綠色款,519,15,18,$160
232,【可加購替杯&贈清潔刷】美國 OSTER-Ball Mason Jar隨鮮瓶果汁機(黑) BLSTMM-BBK,50855,1201,18,"$1,255"
233,YK-320永久牌多功能2500cc冰沙強力營業用果汁調理機 果汁機,352,166,18,"$1,590"
234,【家電王朝】~2015年新款~Kolin歌林隨行杯果汁機(雙杯組)JE-LNP08,1790,1081,18,$790
235,YK-320永久牌多功2500cc冰沙強力營業用果汁調理機 果汁機,10964,398,18,"$1,580"
236,有現貨 附發票＊元元家電館＊鍋寶 1600CC碎冰玻璃杯果汁機 JF-1602,28350,1405,18,$790
237,［此為止水橡皮圈賣場］🎈公司總代理🎈Tweety 隨身杯果汁機、料理機,3,53,17,$50 - $100
238,【蒸氣艾兒】現貨VOOPOO PANDA熊貓 迷你主機含果汁套裝 新手套裝 外出套裝【A100】,2683,260,17,"$1,380"
239,【煙鬼客棧】Modefined Lyra 200w溫控主機含霧化器+25R電池套裝送果汁【A088】,667,162,16,"$2,980"
240,【蒸氣商行】現貨VOOPOO PANDA熊貓 迷你主機含果汁套裝 新手套裝 外出套裝【A100】,1345,482,17,"$1,380"
241,『油夠便宜』歌林 Kolin 隨行杯冰沙果汁機(單杯) KJE-MNR571G,27078,1629,17,$680
242,【福滿來】3L 帶冰柱帶燈款 啤酒塔啤酒機 發光酒炮 酒柱酒塔酒桶 果汁鼎果汁機 飲料桶機 三腳加厚果酒炮 ADLC,2678,5351,17,"$1,399"
243,SAMPO 聲寶 隨行杯果汁機【三杯組-藍】KJ-L13061L,1800,98,17,$890
244,【東元】隨鮮杯果汁機(雙杯組)/梅森杯 XYFXF0143《家電批發 團購 尾牙 禮贈品》,3214,283,17,"$1,780"
245,@拚評價最便宜@迷你手持打蛋器電動攪拌器咖啡不鏽鋼電動混合機料理攪拌機打奶油打奶泡器飲料果汁混和沙拉醬調酒攪拌棒,11485,370,17,$55
246,富士電通 隨行杯果汁機 YH-J002 強大馬力 650ml容量 吸管式扣蓋,6361,1559,17,$850
247,全鋼壓汁機 ㊣304不鏽鋼壓汁器 檸檬榨汁器 水果柳丁各類蔬果取汁器 果汁機-省錢工坊-,4044,741,17,$380
248,PS Mall╭＊水果噴霧 榨西瓜橙汁器手動榨果汁機擠壓榨汁機水果汁噴霧器擠檸檬汁榨汁器【J1882】兩入一組,26095,850,17,$79
249,【大眾家電館】大家源0.4L隨行杯果汁機 TCY-6715,1970,1107,17,$599
250,【家電館】~鍋寶碎冰式果汁機 JF-1582-D 1500cc,7327,577,17,$770
251,Panasonic MX-GX1551 果汁機,12038,869,17,"$1,690"
252,sns 古早味 懷舊童玩 糖果 骰子果汁糖 骰子糖 水果糖 骰子 5x5x5公分(12個）顏色隨機出貨,9876,1573,17,$130
253,noni大樹諾麗園諾麗酵素果汁 大溪地諾麗鮮果(有機認證檢驗) 諾麗果粉,30,3,17,"$4,080"
254,[悅刻RELX]一代主機 果汁,0,3,16,"$400 - $1,030"
255,免運+24H出貨【小太陽專業調理冰沙機TM-788】果汁機 研磨機 電動果汁機 攪拌機 冰沙機 調理機【AB272】,11029,372,16,"$2,999"
256,維他命USB果汁機杯身杯體(非整組機器),8412,50,16,$340
257,VITAMER 九豬榨汁機 維他命榨汁機 維他命榨汁杯 隨身 果汁榨汁機 果汁機,822,53,16,$739
258,【福滿來】背包雙筒飲料機 啤酒機 便攜式 迷你加油站 行動果汁機 分酒器 派對 旅遊 野餐 露營 戶外踏青必備 ADLG,2684,5350,16,"$1,280"
259,"飛利浦PHILIPS-3合1隨行杯果汁機, HR2874",7825,246,16,"$1,280"
260,諾麗果發酵果汁_750ml_花蓮有機種植製造_3年以上釀造,212,6,16,$949
261,勳風好幫手料理機 HF-C558 果菜食物調理機/果汁機/食物攪拌機/研磨機/ 冰沙 攪拌 絞肉 磨粉機,4407,1378,15,"$1,980"
262,調理機 蘑菇頭 小太陽 香菇頭 冰沙杯 果汁機 軸承 Super Mum TM 737 767 770 788 800,959,693,16,$130
263,一鑫餐具【彩柄果汁網 7寸】果汁機過濾網水果濾網蔬果濾網果菜濾網食物濾網,10573,2504,16,$80
264,DO嘟嘟DO含稅全家福營業用果汁機 MX-818A/冰沙機/豆漿/調理機另mx-901a/mx-817a/MX-V188,14365,614,16,"$1,100"
265,Panasonic MJ-L500 慢磨機 果汁機 調理機,12052,878,16,"$5,990"
266,一心雅苑~  水龍頭 大流量 304 不鏽鋼 16mm 飲水機 酒桶 酒罐 果汁 飲料 橡木桶,98,4,16,$420
267,電器牛~國際牌隨行杯果汁機 MX-XPT102 粉色 出清價,618,28,16,"$999,999"
268,彩繪軒全新Kolin 歌林．1500cc玻璃果汁機．1.5L玻璃果汁機/KJE-MN15300,7596,3932,16,$650
269,[廠商直銷]不銹鋼 大型榨汁器/手動 榨汁機 果汁機/壓汁機,5434,2226,16,"$1,850"
270,@@餐具達人**【營業用金鐘JB-02直立式壓汁機】營業專用省力壓柳丁機/壓果汁機/榨汁機**,1716,345,16,"$1,500 - $2,000"
271,Panasonic 國際牌1300CC冰沙果汁機 MX-XT701,5842,268,16,"$2,380"
272,《煙霧彌漫》正品 ijoy Luna 時尚小煙機 套裝優惠+5種口味果汁任選,1215,359,15,"$250 - $1,990"
273,TATUNG 大同 冰沙果汁機 果汁機 冰沙機 TJC-1518A 冰沙 公司貨 原廠保固,18276,229,15,$980
274,6葉台北現貨 便攜式迷你榨汁機 電動榨汁杯 4葉USB充電果汁機 6葉多功能電動榨汁杯學生隨行杯果汁機 隨身攜帶 隨身杯,11862,90,15,$269
275,《日樣》現貨 不銹鋼檸檬壓汁器 不鏽鋼 手動 榨汁機 水果 手壓 壓汁器 檸檬夾 鮮榨 手榨 果汁,33245,1647,15,$60
276,小楊家電賣場 國際牌 Panasonic MX-V188 果汁機 刮刀 刀片,4765,75,15,$220
277,【24H出貨】思樂誼 SANOE 隨行杯果汁機 B101 多色可選 果汁機 調理機 副食品,7785,604,15,$799
278,【現貨】隨身果汁機 免插電果汁機 水果榨汁機 副食品調理機 攪拌機 豆漿機 果汁杯 非冰沙機 不鏽鋼 果汁機【M002】,2245,154,15,$299
279,[現貨供應]飛利浦 PHILIPS Daily Collection 活氧果汁機 HR2100/HR-2100,2539,173,15,$700
280,『世界大 片卑』新改良 手搖式製麵機附五個壓麵模板(壓麵機麵條空心麵通心麵果汁機手工麵做米台目機),13838,910,15,$195
281,Panasonic MX-V188 果汁機,12098,880,15,"$1,990"
282,現貨免運直出-110V沙冰機營養料理機破壁機商用奶茶店破壁榨果汁料理刨冰機家用小型冰沙碎冰機,65,142,14,"$2,290"
283,小煙 丁鹽 vape 鹽油 日本正品 富士系列 UK櫻鶴松舞 香精0%~30% 30ML 丁鹽 電子 果汁 主機,119,85,14,$600
284,台灣現貨 110V沙冰機商用奶茶店破壁榨果汁料理刨冰機家用小型冰沙碎冰機 夏天熱賣款,112,281,14,"$2,290"
285,[御宅族] J.DREAM 代理 轉蛋 扭蛋 日本TOFFY廚房用品模型P3 全5種 現貨 電鍋 果汁機,24576,728,14,$499
286,阿甘柑仔店(店面-現貨)~全新 KINYO JC-13 多功能食物調理機 寶寶副食品 冰沙 果汁 絞肉 ~逢甲1062,3342,458,14,$690
287,【蒸氣商行】含果汁原廠保固●Suorin AIR 商務型攜帶神器 防漏油 8MM超薄機身 非ICUB【A017】,1278,494,14,"$1,180"
288,飛利浦 廚神料理機原廠專用果汁杯配件(適用HR7629/HR7762),2308,211,14,$500
289,果汁鼎出水龍頭 果汁分配器水龍頭 果汁機水龍頭 果汁槽水龍頭 飲料桶水龍頭 果汁鼎龍頭 果汁分配器龍頭 果汁機龍頭,592,230,14,$375
290,【福滿來】 果汁鼎出水龍頭 耐用 外螺紋 內螺紋 果汁分配器 果汁機 果汁槽 果汁飲料桶 民宿餐廳早餐器具 ADAZ,2645,5351,14,$368
291,現貨Vitamix 5300 High Performance Blender 生機調理機 果汁機 黑色或紅色,2124,28,14,"$16,100"
292,【新潮流】健康食品調理機TSL122(全配)~果汁~研磨機~2019全新機種~馬力2萬轉~附食譜~纖維魔布~台灣製~免運,996,40,14,$750
293,&quot;☆☆ 樂活有機雜貨店 ☆☆  有機蘋果汁+有機檸檬汁+瀉鹽+莎賓那處女橄欖油 組合（雷久南博士）,1894,153,14,"$1,500"
294,現貨不必等380ML升級6葉刀片迷你電動榨汁杯可擕式小旋風果汁杯USB充電電動榨汁杯隨身杯水果榨汁機,83,138,13,$399
295,現貨不必等380ML 升級6葉刀片迷你電動榨汁杯 可擕式小旋風果汁杯 USB充電 電動榨汁杯 隨身杯 水果榨汁機,1473,391,13,$289
296,免運+24H出貨【小太陽專業調理冰沙機TM-788】果汁機 研磨機 電動果汁機 攪拌機 冰沙機 調理機【AB272】,11029,372,16,"$2,999"
297,美國 OSTER Blend Active 隨我型果汁機 專用替杯BLST120V 替換杯 四色 ※原廠全新公司貨,3244,1737,13,$440
298,飛利浦 廚神料理機原廠專用果汁機/研磨刀片配件(適用HR7629/HR7762),2308,211,13,$350
299,快速出貨【達新牌】1公升電動榨汁機 TJ-5660 有防塵蓋+榨汁盤/柳丁機/果汁機,3659,792,13,$330
300,家電大師 鍋寶1500CC果汁機 JF-1582-D,1624,432,13,$705
301,【福滿來】3L 帶冰柱款 啤酒塔啤酒機 酒炮 酒柱酒塔酒桶 果汁鼎果汁機 飲料桶機 三腳加厚果酒炮 ADLB,2673,5351,13,"$1,269"
302,【富士電通】 USB充電式隨鮮果汁機/隨行杯 FT-JER01 《家電批發 團購 尾牙 禮贈品》,3214,282,13,$799
303,一心雅苑~  大流量 水龍頭 12mm 不鏽鋼 304 酒桶 酒瓶 飲水機 橡木桶 飲料 果汁 咖啡 啤酒,98,4,13,$380
304,"【點子封膜】封口機用的公版封口膜來囉~共用膜(PP杯、紙杯) 免運,PP膜,PE膜,ES膜(冷飲、果汁、咖啡)",15,4,13,$400
305,DO嘟嘟DO附發票【鳳梨牌】e世健康榨汁機 EX-301SS 冰沙機/豆漿機/果汁機/研磨機/柳丁機,14332,612,13,"$2,680"
306,【店長推薦】代購Dynamic Health Noni正大溪地100%有機認證純諾麗果汁946ml/瓶,1790,210,13,"$1,200"
307,【留】勳風 生機飲食調理機 蔬果調理機/榨汁機/食物調理器/果汁機/攪拌機/營養調理機 HF-3675,26061,5996,13,"$2,650,999"
308,台灣現貨 110V沙冰機商用奶茶店 刨打冰機 碎冰機 榨果汁機大功率 破壁豆漿機 破壁機 ,95,139,12,"$2,290"
309,新款 台灣保固 USB隨身果汁杯 隨身榨汁機 隨行杯 USB果汁機 調理機  果汁杯  冰沙 攪拌【LG003】,2253,162,12,$548
310,TINGMI小舖 可攜式小型果汁機 可透過MicroUSB充電,267,117,12,$199
311,送果汁輕薄 時尚霧化器主機套餐含果汁 非 動脈 SMOK ZERO Relx SP2 Caliburn NORD,593,164,12,$150 - $450
312,手動 壓汁器 榨汁機【福滿來】商用 不鏽鋼 柳丁 壓榨機 擠水果 榨石榴汁 果汁機 家用 壓汁機 ADSU,2713,5357,12,"$1,648"
313,充電型果汁機 6葉刀頭 玻璃杯身 隨身杯 榨汁機 迷你 小型 果汁機 養身 健康,567,148,12,$399
314,【蒸氣迷霧】現貨VOOPOO PANDA熊貓迷你主機含果汁小菸小煙大菸大煙菸油煙油【A100】,4684,504,12,"$1,280"
315,美國 Oster Blend Active 隨我型果汁機 (BLST120) 藍色/粉紅/淺綠,3251,1747,12,"$1,500"
316,廚房用品【KFS034】手搖式水果蘋果削皮機 廚房用品 烹飪用品 削水果 水果機 榨果汁 收納女王,5849,1552,12,$238
317,㊣1193㊣  [全新未曾拆封] PHILIPS 飛利浦 PROBLEND 4 專業果汁機 果菜機 1.5L 可議價,2099,1215,12,"$7,500"
318,新潮流 多功能食物調理棒 TSL-177 料理棒攪拌棒打蛋器果汁機冰沙機料理機料理器 另有果汁機榨汁機調理機研磨機調理器,531,102,12,"$1,130"
319,【歌林】USB充電式果汁機/隨行杯 JE-LNP11《家電批發 團購 尾牙 禮贈品》,3214,282,10,"$1,280"
320,調理機 調理杯 小太陽 2000ml 含刀頭承軸 冰沙杯 果汁機 空杯 TM-767 SUPER MUM BTC-588,1172,888,10,$900
321,《Wongdec 王電》料理專家廚中寶果菜食物料理機-WO-2688-果汁機/冰沙機/絞碎/麻糬,4389,1377,10,"$2,780"
322,【竭力萊姆】預購2年保Blendtec Total Classic Original Blender 黑 調理機 果汁機,8475,790,10,"$11,980"
323,YK-320永久牌多功能2500cc冰沙強力營業用果汁調理機 果汁機,10964,397,10,"$1,580"
324,透心涼消暑派樂全佳豪5合1 果菜料理刨冰機*1(含製冰碗*3+保鮮蓋*3) 刨冰+刨絲+刨片+ 雕花+榨果汁,4399,1378,10,$529
325,[廠商直銷] 最新款商用榨汁機 果汁機 渣汁自動分離機 整機全不鏽鋼 WF-A3000,5433,2223,10,"$9,200"
326,※smile 家電館※尚朋堂 1700C.C.玻璃杯果汁機 SJ-1788,9331,1262,10,$850
327,◤ 不鏽鋼旋轉刀刃◢【鍋寶】1600CC大容量碎冰果汁機 (JF-1602),33203,658,10,$790
328,土城24H現貨 110V專用 商用大功率奶茶店破壁機 榨果汁料理刨冰機 家用小型碎冰機沙冰機 台灣保固直送免運,70,149,9,"$2,290"
329,便攜式迷你電動榨汁杯6刀 USB充電 多功能家用小型水果榨汁機 果汁機果汁杯 戶外隨行杯,87,35,9,$199
330,【廚房香】海南白胡椒粒50G 經常用的香料  自己果汁機打粉不會有其他添加物,517,85,9,$52
331,(吉賀)大家源 隨行杯果汁機 400ml 行動果汁機 果汁機 攪拌機 研磨機 料理機 TCY-6715 / 碎冰不可,11390,543,9,$460
332,免運+24H出貨【小太陽專業調理冰沙機TM-767】果汁機 研磨機 電動果汁機 攪拌機 冰沙機 調理機【AB272】,11029,372,9,"$3,199"
333,【SUPER家居24H出貨】思樂誼 SANOE 隨行杯果汁機 B101 榨汁機 調理機 副食品,6801,574,9,$799
334,【現貨/送杯刷/12小時出貨】維尤特二代電動玻璃果汁機  迷你果汁機 可擕式榨汁機 便擕式果汁機 電動果汁機,294,23,9,$299
335,《台南佳電+贈冰模》Philips HR2096 / HR-2096 飛利浦 超活氧果汁機,5110,1900,9,"$238,000"
336,"東方家電~【到貨了,可下標!】 Kolin歌林隨行杯果汁機(雙杯組)JE-LNP08",2530,1382,9,$790
337,缺貨 附發票＊元元家電館＊CHIMEI 奇美 好偏心纖活果汁機 MX-2000S2,28299,1492,9,"$1,799"
338,DO嘟嘟DO萊特WRIGHT王電大馬力專業冰沙調理機 WB-1600 /冰沙機/豆漿機/果汁機,14308,611,9,"$3,800"
339,TECO東元多功能研磨隨行杯果汁機 XYFXF9310,3194,193,9,"$1,280"
340,【電器宅急便】尚朋堂 玻璃杯果汁機 1700C.C  SJ-1788  .※※含稅附發票 .※※,3223,1038,9,$850
341,冰風暴刀削冰淇淋 派樂5合1果菜料理刨冰機+榨汁器-共用底杯(含攪拌刮刀1+製冰碗3+保鮮蓋3)剉冰刨絲刨片雕花榨果汁器,1455,1105,9,$629
342,含稅※ smile 家電館 ※ 鍋寶 1.5L玻璃杯果汁機 JF-1582-D,9326,1254,9,$750
343,台灣現貨 手動不銹鋼榨汁機商用橙子壓榨機擠水果榨石榴汁器果汁機家用壓汁,82,136,8,$899
344,【免運12H出貨】保固半年 果汁機 榨汁機 行動果汁機 水果 飲料 健康 榨汁 果汁 維他命,817,6,8,$699
345,【大煙館】限量主機+果汁+替換吸嘴Lost Vape Orion Q Pod電 子菸電 子煙小菸小煙油煙彈【A148】,3779,270,8,$999
346,【大煙館】Modefined Lyra 200w溫控主機含霧化器+25R電池套裝送果汁【A088】,3787,270,8,"$2,980"
347,【皮老闆家電】PHILIPS飛利浦超活氧果汁機HR2100,562,75,8,$680
348,美國進口 PAX 3 Vaporizer 原裝正版 專用煙具/霧化器/菸具/電子產品/蒸氣果汁 主機 HACKEN07,2049,1781,8,"$8,200"
349,📣台灣出貨 💎自動榨汁機電動 便攜充電迷你 JNS-5S隨行自動果汁榨汁機家用送禮榨汁機 副食品機【TRU0050】,4439,92,8,$990
350,彩繪軒☆可利亞 GS-318 生機調理果汁機 非 鍋寶MA-6208/新潮流TSL-122/歌林KJE-MNR572RG,7580,4023,8,$650
351,果汁鼎出水龍頭 果汁分配器水龍頭 果汁機水龍頭 果汁槽水龍頭 飲料桶水龍頭 果汁鼎龍頭 果汁分配器龍頭 果汁機龍頭,591,228,8,$367
352,大金餐飲設備~~~全新7L果汁機/商用大型果汁機/營業用果汁機/蒜泥/辣椒泥/各種蔬菜水果均可使用/1/2HP,199,532,8,"$6,000"
353,暖暖本舖&第四代最新款USB充電式 電動榨汁杯 果汁機 榨汁器 壓榨機 攪拌機 抓神奇寶貝必備品，還可當行動電源用,2213,3835,8,$590
354,【WowLook】全新品 大容量 Blendtec Twister Jar 容杯 37oz 果汁調理攪拌杯 攪拌機,6687,501,8,"$3,799"
355,【可加購替杯&贈清潔刷】美國 OSTER-Ball Mason Jar隨鮮瓶果汁機(藍) BLSTMM-BBL,50835,1218,8,"$1,309"
356,<榨汁王>台灣現貨熱銷 手動榨汁機 304不鏽鋼榨汁機 不銹鋼榨汁機 榨橙汁機 果汁機 葡萄汁機 榨檸檬 榨柳丁 榨柳橙,592,229,8,"$1,840"
357,【潮流商城】原裝正品 Coil Master Pbag 隨身包 便攜包 工具包 棉花 電池 主機 果汁,6134,339,8,$250
358,8L 果汁鼎 8公升 果汁分配器 單頭【福滿來】果汁機 果汁飲料桶 不鏽鋼桶 咖啡鼎 咖啡桶 ADAW,2673,5351,8,"$1,189"
359,Panasonic 國際牌活力氧果汁機 MX-GX1061,1846,135,8,"$1,410"
360,省錢工坊-日本玻璃榨汁器 檸檬壓汁器 水果柳丁各類蔬果取汁器果汁機 媲美 美國Full Circle纖檸隨手瓶,4034,0,8,$200
361,【大頭峰電器】【贈專用刮刀】PRINCESS 荷蘭公主不鏽鋼萬能榨汁機 果汁機 201851,50812,1220,8,"$2,480"
362,阿事的店~KA06603 松鄉圓壓汁機 不鏽鋼 手操作圓形省力壓柳丁檸檬器 壓果汁器 榨汁器 壓汁器,4483,714,8,$280
363,[台灣現貨]台灣原廠小太陽冰沙機刀組拆卸工具767系列零件配件組 果汁機 豆漿機,5433,2223,8,$240
364,tweety 隨身杯果汁機 雙杯組 不含雙酚A耐高溫【ZA07】,6726,264,8,"$1,080"
365,現貨【大家源】隨行杯果汁機(TCY-6715),3792,238,8,$599
366,派樂全佳豪5合1 果菜料理多功能刨冰機*1(含冰碗*3+冰蓋*3+PP攪拌刮刀*1)剉冰+刨絲+刨片+雕花+榨果汁,868,831,8,$549
367,消費高手 全佳豪 5合1 果菜料理 刨冰機 刨冰 + 刨絲 + 刨片 + 雕花 + 榨果汁,1823,953,8,$590
368,消費高手 派樂 全佳豪 5合1 果菜料理 刨冰機 刨冰 + 刨絲 + 刨片 + 雕花 + 榨果汁,1070,906,8,$590
369,台灣製 不鏽鋼網 鳳梨壓汁器 手壓式壓汁機.榨汁器.果汁機取汁器.可壓: 檸檬汁.柳丁汁,8247,1128,8,$390
370,smile 家電館 ※WONDER 旺德 隨行杯果汁機 WH-M01J,9311,1300,8,$580
371,原廠公司貨另售 果汁機 電鍋 優格機 優格菌,6230,179,8,"$2,500"
372,現貨 不必等380ML 升級6葉刀片迷你電動榨汁杯 可擕式小旋風果汁杯 USB充電 電動榨汁杯 隨身杯 水果榨汁機,78,161,7,$289
373,美國OSTER Ball Mason Jar 替杯 果汁機替杯 隨鮮瓶果汁機替杯 (黑/粉/藍/紅),18268,264,7,$599
374,★霧多多★滿千隨機送一瓶果汁 COSMO 小煙主機  ZERO/RELX 另售拖船 鋼鐵果 茗茶 將軍,12,46,7,"$500 - $1,980"
375,【原廠正品】SUORIN EDGE Vape 輕便式主機 套裝 可重複加油果汁 AIO 電子,4,8,7,"$150 - $1,200"
376,(預購)飛利浦 PHILIPS HR3556 果汁機配件 隨行杯/果汁杯刀座,925,149,7,$150 - $450
377,一鑫餐具【304 不鏽鋼 7 / 9.6 公分油切濾油網】撈油網油切網篩網果汁機濾網水果蔬果果菜濾網麵粉篩烘培器具油切,10688,2520,7,$110 - $140
378,【送七豪禮】便攜式榨汁杯 小型果汁機 玻璃杯身 400ml 雙杯 家用 外出 迷你榨汁機 多功能 隨行杯 USB充電式,1523,360,7,$549
379,【迷霧蒸氣】現貨附果汁Uwell Amulet Pod手錶主機Vape Watch非 電 子菸煙小煙油小菸油【A129】,1742,494,7,$780
380,媽媽好幫手 HUROM 慢磨蔬果機 HB-8818B 韓國原裝 料理機 果汁機 慢磨機 榨汁機 冰淇淋機 研磨機,84,49883,7,"$13,980"
381,薇妮小舖《玩具舖》果汁機 水果機 扮家家酒玩具 粉紅控 兒童玩具 兒童益智 玩具 吐司機 攪拌機(直購價:169元),1544,546,7,$169
382,【威利家電】 歌林健康隨鮮杯果汁機雙杯組JE-LNP13,5267,326,7,$990
383,【蒸氣迷霧】正品含果汁Kiriner Vape Deimos Pod Kit小菸主機小煙主機非極光zero 【A169】,4680,504,7,"$1,080"
384,【山環山線】recolte 日本麗克特Solen 果汁機 專用隨行杯,6735,318,7,$300
385,~玩美主義~單賣大家源TCY-6735專用果汁機玻璃杯.不含上蓋及十字刀座,3076,257,7,$490
386,[廠商直銷]商用家用省力型榨汁機/手動榨汁機/手動榨汁器/果汁機榨檸檬柳丁,5438,2229,7,"$1,690"
387,【柏訊】 BINGO迷你隨身電動果汁機 便攜 榨汁杯 隨身杯 可攜式果汁機 USB充電 邊走邊打 鮮果汁,1656,1871,7,$520
388,(福利品)【東元】多功能研磨隨行杯果汁機/調理機 XYFXF9310《家電批發 團購 尾牙 禮贈品》,3214,285,7,"$1,280"
389,【福滿來】家用手搖式多功能榨原汁機製冰淇淋機兩用 手動免插電 水果冰果汁原汁榨汁 兒童親子遊戲夏天消暑製冰冰沙 ADHK,2606,5347,7,$545
390,【小太陽】TM-788冰沙機/調理機/果汁機/尚有TM-800/TM-787/TM-737/TM-760/TM-767,1882,113,7,"$2,790"
391,2019全新機種~新潮流健康食品調理機(TSL-122A)簡配~果汁機~冰沙機 (冰沙~豆漿~精力湯)~台灣製造~免運,996,41,7,$600
392,((公司貨) 美國 OSTER Ball Mason Jar 隨鮮瓶果汁機 BLSTMM 梅森瓶 梅森杯,1884,111,7,$299
393,『 峻 呈 』(全台滿千免運 不含偏遠 可議價) HM-250 三箭牌電動攪拌機 打蛋器 攪拌器 麵糊 蛋糕 果汁,6410,3710,7,$630
394,血肉果汁機 GIGO 平裝版CD 血肉果汁機首張專輯 台灣正版全新,22154,24816,7,$368
395,【可刷卡】recolte 日本麗克特 Solo Blende Sante迷你果汁機專用研磨杯(台灣公司貨),1876,115,7,$500
396,【囍瑞BIOES】純天然藍莓綜合原汁(1公升/瓶)★小瓢蟲標章:無農藥、無化肥、無添加、100%純果汁【非有機】,440,142,7,"$2,150"
397,Earth's Bounty 有機大溪地 諾麗果汁：(946ml) Tahitian Noni Juice 21000,5047,3031,7,"$1,200"
398,[吉田佳]B682502選配塑膠攪拌頭，果汁棒調理棒-零件，另售三箭牌電動打蛋器HM250，餅乾機，桿麵棍，動物餅乾切模,15237,1025,7,$200
399,Panasonic 國際牌果汁機MX-GX1001-WT / MX-GX1001,5838,268,7,$750
400,美國第一品牌攪拌機Cuisinart 7 Quart=6.6公升1000W 12段速度/配件多有果汁機榨汁食物處理,637,199,7,"$21,000"
401,★詢價再優惠 美國 OSTER Ball經典隨鮮瓶果汁機 黑/白/紅/藍 BLSTMM,9593,3660,7,"$1,680"
402,原廠保固 ,3260,271,7,$800
403,Panasonic 國際牌果汁機 MX-XT301,5835,272,7,"$1,550"
404,【大王家電館】【現貨+贈不鏽鋼吸管組 原廠公司貨】MATRIC MG-JB1006 松木真空鮮活果汁機 ( 雙杯組 ),7884,661,7,"$1,580"
405,[最便宜代購]原廠小太陽冰沙機767系列零件組(免運費) 果汁機 豆漿機,274,2057,7,"$250 - $1,090"
406,[廠商直銷]省力型不銹鋼榨汁機/手動榨汁機/手動榨汁器/果汁機,5438,2229,7,"$1,850"
407,全新商品//大型果汁機//7000cc,577,847,7,"$6,000"
408,Dodo Juice Purple Haze/Blue Velvet 杜杜果汁紫霧/ 藍絲絨軟硬蠟深色車系專用【 原裝進口-30ml】汽車腊軟臘、重機、單車腊軟臘,5855,199,7,$650
409,〈鍋寶〉鍋寶1500cc碎冰式果汁機 JF-1582-D,3793,237,7,$800
410,現貨-不銹鋼手動水果榨汁機石榴榨汁器手壓柑橘果汁機LX,85,194,6,$899
411,★霧多多★滿千隨機送一支主機 鹽魔 小煙煙油 ZERO/RELX/果汁 另售拖船 鋼鐵果 茗茶 太陽系 藍帽,12,46,6,$200
412,新品優惠**果汁調理機NH-218A榨汁機家用全自動小型學生打果蔬多功能迷你炸水果汁,534,196876,6,"$1,035"
413,榨汁杯【現貨】果汁機 便攜式榨汁機小型家用榨汁杯迷妳電動水果汁機鮮榨,924,514735,6,$480
414,◄柯基賣扭蛋►『現貨』 RE-MENT 盒玩 新鮮現打果汁店 果汁機 新鮮 機台 全9款,3118,1755,6,$120 - $850
415,夏日清涼節《六葉刀大功率🍓破冰》小米有品 德爾瑪無線杯果汁杯 電動迷你榨汁機 全自動果蔬料理果汁機 隨行杯 副食機,23311,645,6,$499
416,【利嘉生活】大家源 400ml 隨行杯果汁機 行動果汁機 果汁機 攪拌機 研磨機 料理機 不可碎冰 TCY-6715,164,156,6,$430
417,[台灣現貨]E-liquid vape 藍莓爆珠 0丁 30ML 電子果汁 小煙 大煙都可用 可注油式主機都適合,773,23,6,$180
418,Panasonic 國際牌 隨行杯果汁機 MX-XPT102,409,539,6,"$1,368"
419,果汁機 榨汁機【現貨】110v專用 大口徑原汁機家用全自動榨汁機多功能炸果汁蔬豆漿壓榨機,923,514056,6,"$2,990"
420,【山山小舖】(免運) KRIA可利亞 超活氧二合一蔬果調理機/榨汁機/食物調理器/果汁機/攪拌機GS-322-2,2874,1597,6,"$2,480"
421,貴夫人 健康食品調製機 FP-CP75S/CP-75S果汁+研磨一機兩用(超商取貨)現貨,3652,793,6,"$1,450"
422,飛利浦PHILIPS果汁機專用HR2095/HR2096刀座,927,148,6,$500
423,【蒸氣迷霧】含果汁套裝Joyetech Exceed Grip Starter Kit小型主機套裝 小煙【A117】,4683,504,6,"$1,152"
424,Blendtec twister jar 適用blendtec全系列果汁機,651,15,6,"$3,980"
425,PHILIPS 飛利浦 隨鮮杯超活氧果汁機 HR2872,2742,75,6,$980
426,老闆頭痛區~PHILIPS飛利浦 超活氧果汁機杯蓋/小杯蓋~ 適用HR2095、HR2096,6027,354,6,$130 - $210
427,勳風好幫手料理機 HF-C558 (贈小冷凍刀)果菜食物調理機/果汁機/食物攪拌機/研磨機/ 冰沙 攪拌 絞肉 磨粉 豆,1065,905,6,"$2,580"
428,*~ 新家電錧 ~*【Diet-u D0010】刮棒 -果汁機必用工具-,285,1412,6,$120
429,Pi 拍錢包X支付連,5687,1925,6,$238
430,LONGHOW龍豪五段式碎冰果汁機LJM-1508,260,51,6,"$1,250"
431,老闆頭痛區~【免運】PHILIPS飛利浦 超活氧果汁機攪拌棒~ 適用HR2095、HR2096、HR2097,6017,349,6,$180
432,[JF] 健康美麗喝出來^^ USB充電家用隨身果汁機 榨汁機 原汁機攪拌機 用行動電源就可充喔！！,17815,23046,6,$540
433,長軸減速電機 390減速馬達 DIY果汁攪拌機 12V 1500轉  W64 [122140-041] ,46656,181251,6,$150
434,【國際牌】《PANASONIC》台灣松下◎果汁機玻璃杯/果汁杯◎型號：MX-GX1561/MX-GX1551,4145,821,6,$500
435,【POLAR 普樂】多功能果汁機(PL-6011),3793,237,6,$799
436,歡迎自取，免運優惠~Blendtec 食物調理機/果汁機 (Total Blender)ES3福利機,6038,915,6,"$9,900"
437,小資族最愛 日本麗克特 recolte solo Blender Sante 隨行杯 果汁機 第二代 直接飲用 果菜汁機,1778,189,6,"$1,299"
438,(超商取貨)貴夫人健康食品調製機CP-75S＠＠保固１年＠＠果汁+研磨一機兩用,3639,790,6,"$1,450"
439,【附發票 賣貴請告知】簡易型手動榨汁杯 手動榨汁器 柳丁機 果汁機 檸檬手壓榨果汁 量杯,128481,2307,5,$78
440,台灣製 1685 不鏽鋼網 鳳梨壓汁器 手壓式壓汁機.榨汁器.免插電果汁機 ~可壓檸檬汁.柳丁汁.蔬菜汁~,21369,1386,5,$390
441,現貨 新手小煙 正品 特斯拉 GG 陶瓷芯 主機套裝 可重複使用自行加油果汁丁鹽油 非電 子煙 電 子菸 ,2781,78,5,"$1,350"
442,【迷霧蒸氣】含果汁原廠保固●Suorin AIR 商務型攜帶神器 防漏油 8MM超薄機身 非ICUB【A017】,1738,493,5,"$1,180"
443,飛利浦PHILIPS果汁機專用配件刀片HR2100/2101,927,149,5,$100 - $430
444,美國 OSTER Ball經典隨鮮瓶果汁機替杯BLSTMV(六色可選) 優質福利品 可超取,89,276,5,$300
445,315百貨~收納達人~KY90 KY-90小優齊整理收納盒 / 氣泡飲料機能飲料蔬果汁鮮奶豆奶優酪乳冰箱收納超便利,309,2339,5,$70
446,伊萊克斯 大師系列智能調理果汁機(EBR9804S) 公司貨 附發票 A,596,56,5,"$12,500"
447,[Hare.D]迷你榨汁機 簡易小型手動榨汁器 多功能水果榨汁器 小型果汁機,3329,714,5,$39
448,《現貨立即購+贈冰模》Electrolux EBR7804S / EBR7804 伊萊克斯 設計家系列 冰沙機 果汁機,5134,1900,5,"$2,900"
449,【山環山線】(已到貨) recolte 日本麗克特 Solen 果汁機 蘋果紅 (公司貨) 玻璃瓶身,6735,318,5,"$1,480"
450,附發票~ 萃茶機 果汁機 冰沙機 奶泡機全新多功能 營業用(主機X1+萃茶杯X1) 元揚 EJ-816 EJ-817,7039,1189,5,"$8,400"
451,(附30道食譜) recolte 日本麗克特 Glass Blender Rico 耐熱 果汁機 冷飲 熱飲 皆可,1884,111,5,"$1,750"
452,panasonic MX-XT701 果汁機,12046,878,5,"$2,990"
453,panasonic MX-V288 果汁機,12020,867,5,"$2,490"
454,派樂QPiloter -製冰盒(碗)X9+贈衛生保鮮蓋X9 自製果汁水果冰磚 SGS 適用派樂/全佳豪刨冰機-製冰收納,4369,1379,5,$299
455,派樂QPiloter -製冰盒(碗)X9+贈衛生保鮮蓋X9 自製果汁水果冰磚 SGS 適用派樂/全佳豪刨冰機-製冰收納,871,831,5,$299
456,全家福果汁機MX-818A冰沙/營業用,3586,794,5,"$1,100"
457,【福滿來】1.5L 帶冰柱帶燈款 啤酒塔啤酒機 發光酒炮 酒柱酒塔酒桶 果汁鼎果汁機 飲料桶機 三腳加厚果酒炮 ADKZ,2711,5356,5,"$1,199"
458,【極速寶貝】USB充電式隨行電動果汁機 隨身果汁機 果汁杯 榨汁機 攪拌機 調理機 隨身杯 充電式榨汁機 便攜式 副食品,72,146,5,$400
459,【凱文杯杯】新PROMiXX (2018 Model) 時尚電動雪克杯/搖搖杯/隨身果汁機600ml 使用2顆AAA電池,194,1479,5,"$1,599"
460,咪咪3C 台北(內含1個杯子＋雙蓋)不含果汁機開發票 美國OSTER-Ball Mason Jar隨鮮瓶果汁機的杯子,2057,1091,5,$450
461,大家源 隨行果汁機/隨行杯果汁機 TCY-6715,16414,1441,5,$430
462,<茶桶王>13L果汁分配器 果汁機 果汁槽 果汁飲料桶 果汁鼎 民宿餐廳早餐器具 不鏽鋼桶  咖啡鼎 咖啡桶 保溫加熱,592,229,5,"$2,750"
463,3L 果汁鼎 3公升 果汁分配器 單頭【福滿來】果汁機 果汁飲料桶 不鏽鋼桶 咖啡鼎 咖啡桶 ADEI,2642,5351,5,"$1,825"
464,大家源1.5L鮮萃果汁機 TCY-6785/隨行杯果汁機/磨豆機//豆漿機/冰沙機/另售貴夫人,14314,612,5,$750
465,達新牌【TJ-5660】電動榨汁機 現榨果汁 柳丁汁 檸檬汁,351,170,5,$344
466,Panasonic 國際牌 慢磨機【MJ-L500】DC直流馬達 果汁機 食物調理機,2348,680,5,"$5,180"
467,"【點子封膜】(胖胖杯)封口機用的公版、空白封口膜來囉~易撕膜(保麗龍杯、PP杯、紙杯) 免運,ES膜(冷飲、果汁、咖啡)",15,4,5,$600
468,岡山首席館【有現貨】尚朋堂隨行杯果汁機+研磨杯組 SJ-0700 ,2251,925,5,"$1,050"
469,｜NONI有機認證｜100%天然諾麗果汁酵素液☆超濃縮純汁 【3瓶$1000免運費可超取】不含農藥 重金屬,8349,178,5,"$399 - $1,000"
470,☆Nature lohas☆統一生機 RWK有機蘋果汁 946ml,1322,199,5,$200
471,一鑫餐具【鋁合金壓汁機(大)】營業專用壓柳丁器檸檬壓汁機壓果汁機榨汁機壓柳橙機,10610,2496,5,$270
472,壓汁機 不銹鋼壓汁機 白鐵榨汁機 不鏽鋼果汁機 台灣製(大),4512,1596,5,$199
473,(缺貨)TV購物/魔力料理棒/攪拌器-實用組(白紅色)-料理主機+粉碎容器+果汁杯+小食譜,1072,906,5,$990
474,萊特王電多功能果菜’冰砂料理機WT-9308果汁’攪肉’切片切絲(保證公司貨),3655,792,5,"$2,750"
475,Panasonic MX-GX1001果汁機 ,12033,869,5,$990
476,《Wongdec 王電》料理專家廚中寶果菜食物料理機-WO-2688-果汁機/冰沙機/絞碎/麻糬,1466,1110,5,"$2,780"
477,【飛利浦 PHILIPS】果汁機專用攪拌棒◎適用活氧果汁機HR2094/HR-2094,4095,854,5,$149
478,有現貨【國際牌 Panasonic 台灣松下】營業用◎1800 c.c.◎鍍鈦鋼刀◎可打冰沙◎果汁機◎MX-V188,4145,821,5,"$2,500"
479,購物專家推薦-WO-2688王電廚中寶果菜食物料理機-果汁料理冰沙麻糬菜泥,1058,908,5,"$2,780"
480,jeoushun【手部消毒】果汁機 冰沙機 紙巾機 濾芯 毛巾箱 咖啡機 封口機 果糖機,44,18,5,"$2,800"
481,土城現貨 免運  榨汁機小型 榨汁杯 便攜式 USB 充電 榨果汁機 水果機 電動  -潮流C站,1752,343,4,$499
482,現貨~手動檸檬榨汁機橙子石榴榨汁器手壓柑橘果汁機多功能不銹鋼榨汁機,196,128,4,$899
483,LC電器 Panasonic 國際牌 原廠 果汁機 國際牌果汁機 馬達 MX-V188 V188,5977,171,4,$650
484,【KINYO 迷你隨行杯果汁機】果汁機/隨行杯/輕巧迷你/攜帶方便/果汁/榨汁機/280ml/JJR-18【LD314】,2176,220,4,$450
485,美國 OSTER 果汁機專用刀座 -適用隨行杯∕BALL隨鮮瓶∕隨我行果汁機(BLSTPB/BLSTMM/BLST120,3251,1729,4,$490
486,美國 Oster Ball Mason 經典隨鮮瓶果汁機 隨行杯果汁機 果汁機 梅森杯 全新公司貨,18236,247,4,"$1,250"
487,阿事的店~KA066-01 ST檸檬機-中 果汁壓汁機 不鏽鋼果汁壓汁機 (中) 榨汁機 壓汁器 榨汁器 檸檬機,4483,718,4,$176
488,「自己有用才推薦」台灣現貨有保障 USB充電 榨汁杯榨汁機攪拌杯隨身杯果汁機豆漿機果汁杯女神杯慕容杯KANCHHI,1491,145,4,$100 - $550
489,Vitamer  隨身果汁機  榨汁杯 打汁機 果汁機 調理機 冰沙機 迷你果汁機 研磨杯 嬰兒副食品,44994,1196,4,$799
490,【菲兒♡童裝】82809 仿真迷你果汁易開罐 樹脂貼飾 手機美容 髮飾貼片 貼飾  髮飾DIY 手作材料,269,289,4,$5
491,380ml 便攜式電動果汁杯攪拌機 6葉迷你榨汁機 USB充電 隨行杯果汁機【SV6657】BO雜貨,2572,2234,4,$289
492,免運+一年保固+24H出貨【小太陽冰沙機杯含刀組】果汁機 研磨機 電動果汁機 攪拌機 冰沙機 調理機【AB272】,10993,368,4,"$1,299"
493,阿甘柑仔店(店面-現貨)~ KINYO JC-03 多功能食物調理機 藍綠 寶寶副食品 冰沙 果汁 絞肉 ~逢甲1059,3341,457,4,"$64,999,999"
494,生活用KINYO多功能食物調理機 果汁機 JC-13 切碎、果汁、研磨多功能 一機完成 四枚刃不鏽鋼刀頭 -【便利網】,18560,2757,4,$899
495,【廣利】 便攜式 充電榨汁機 迷你隨身電動果汁機 便攜 榨汁杯 隨身杯 可攜式果汁機 USB充電 邊走邊打 鮮果汁,4771,338,4,$365
496,【超值驚喜價】貴夫人 LVT-738 生機博士 全營養調理果汁機,657,671,4,"$3,290"
497,Panasonic MX-XT501 果汁機 玻璃杯 與 研磨杯,12098,880,4,$120 - $650
498,【家電王朝】大家源不鏽鋼隨行研磨果汁機三杯組TCY-6719 / 果汁機+隨行壺＋研磨杯三合一設計,1786,1085,4,$990
499,全新第二代 VITAMER 九豬榨汁機 維他命榨汁機 維他命榨汁杯 隨身 果汁榨汁機 果汁機,824,53,4,$735
500,【淮碩五金】〔附發票〕東隆 百香果壓汁器 台灣製造 400cc 榨汁器 壓汁機 檸檬 水果 柳丁 蔬果 取汁器 果汁機,674,2265,4,$29
501,湯圓嬉遊趣 森林家族 新早餐組_EP29650(不含森林玩偶含烤麵包機果汁機鬆餅機),27080,3419,4,$275
502,<<尋夢smile小貓>> (現貨)7-11 麗莎卡斯柏×Kitty聯名設計 隨行杯果汁機 7-11 果汁機(紅色) ,318,68,4,"$1,200"
503,☆小麻吉家家愛☆骰子果汁風味糖(全素)一個特價15元 玩具糖果 小禮品 小禮物 隨機出貨不挑顏色,16709,1083,4,$15
504,【刀鋒】BINGO迷你隨身電動果汁機 現貨 當天出貨 便攜 隨身杯 可攜式果汁機 USB充電,1497,430,4,$350
505,彩繪軒☆EUPA隨行杯果汁機(藍) TSK-9346(藍)  四葉304不鏽鋼刀片  600ml Tritan TOGO,7589,4019,4,$410
506,【拉拉Lala's shop】多功能水果榨汁機檸檬榨汁器橙子擠壓機寶寶水果汁手動榨汁器49,1301,2105,4,$49
507,完美主義｜recolte 日本麗克特Solen 果汁機 專用玻璃瓶 調理機【U0135】,26384,1131,4,$400
508,【24H出貨】 歐斯樂 玻璃 碎冰 果汁機 1600c.c HLC-737 涼夏 必備 消暑品 蔬果機,268,82,4,$790
509,日式營業用拋光壓汁機  #壓汁機#果汁機#榨汁器#夏日必備#壓檸檬器#,1334,1977,4,$299
510,日式營業用拋光壓汁機  #壓汁機#果汁機#榨汁器#夏日必備#壓檸檬器#,1334,1977,4,$299
511,【草地人電器批發店】【全新公司貨】Kolin歌林 隨行冰沙果汁機 KJE-SD1905 (1年保固),4942,139,4,$620
512,【NF139多功能手搖原汁機】家用豆漿機 多功能水果蔬菜手搖原汁機 自製香蕉霜淇淋炸汁機果汁機,17987,1352,4,$300
513,【送海綿杯刷!】2017 電動玻璃榨汁機 380ML可擕式迷你水果榨汁機 迷你果汁機 隨身攜帶果汁機隨行杯電動果汁機,1648,1871,4,$649
514,新潮流食品調理機-果汁機 TSL-122 (輕巧版 主機+果汁杯) (冰沙~豆漿~精力湯),1722,41,4,$590
515,派樂QPiloter -製冰盒(碗)X9+贈衛生保鮮蓋X9 自製果汁水果冰磚 SGS 適用派樂/全佳豪刨冰機-製冰收納,1072,906,4,$299
516,家電大師 鍋寶 多功能蔬果食物料理機/果汁機/研磨機(HA-3088-D)切、刨、磨、攪,1606,427,4,"$1,250"
517,不銹鋼手動水果榨汁器  壓汁器 榨汁機 檸檬榨汁器  隨手享用100%新鮮原汁 方便擠出果汁-輕居家0004,5279,582,4,$249
518,【嚴選SHOP】迷你攪拌器 手持打蛋器 電動 咖啡不鏽鋼電動混合機料理機 打奶油 打奶泡器飲料果汁攪拌棒U01005,3965,735,4,$59
519,~北國的店~超強馬力  美國銷售第一專業級 生機調理冰沙機 夏日消暑果汁冰砂VITAMIX必備攪拌機 破壁冰沙機 調理機,4621,2023,4,"$4,299"
520,【DV425】擠檸檬器 柳橙手動榨果汁機 擠壓滴漏式榨汁器壓榨器,17924,1905,4,$49
521,☆韓城DDM☆家用手動榨汁器 嬰兒寶寶擠汁器迷你水果汁機壓榨橙汁擠檸檬器 廚房必備 【YA0286】,5772,1443,4,$59
522,{老美購}Kitchenaid 配件 JE 適用所有KA機型 榨汁器 擠果汁 榨果汁 柳丁.葡萄柚.檸檬等 全新現貨刷卡,1439,216,4,"$1,100"
523,《 7 號生活館》榨汁機 隨行杯 攪拌杯 充電式便攜果汁機 食物調理機 電動果汁機 USB 三色可選,318,203,4,$399
524,調理機 調理杯 小太陽 2000ml 含刀頭承軸 冰沙杯 果汁機 空杯 TM-767 SUPER MUM BTC-588,958,693,4,$900
525,全家福果汁機專用玻璃杯 1500C.C.-【便利網】,18541,2757,4,$400
526,[廠商直銷]不用電 不銹鋼果汁鼎果汁桶果汁機冷飲機 自助餐吧檯必備,5436,2229,4,"$1,890"
527,ladyship貴夫人 捷寶JJM1880 果汁機 生機食品調製機 調理機 萃取機 電源線20元,865,572,4,$380
528,小雨3C【登錄贈 飛利浦超活氧果汁機】HP M227fdw多功能事務機/列印/影印/掃瞄/傳真/wifi,2024,1116,4,"$9,900"
529,【綠海生活】 ( 大/ #304白鐵 ) 壓汁機 果汁機 搾汁機 ~A03001495,4336,3137,4,$250
530,【Panasonic國際 MX-GX1001】 果汁機 特製不銹鋼刀.鋒利耐用,2342,680,4,$770
531,【網路GO】PHILIPS飛利浦 超活氧果汁機 (HR2096) 現貨供應中~,4024,2453,4,"$3,250"
532,(超商取貨)貴夫人 健康食品調製機 FP-CP75S/CP-75/CP-75S果汁+研磨(保證公司貨),3647,793,4,"$1,450"
533,SUNLING尚麟 Panasonic國際牌 1000ml玻璃杯 果菜榨汁機 果汁機 MJ-M171P 來電優惠,1806,2279,4,"$3,990"
534,小楊家電賣場 Panasonic 國際牌 1公升不鏽鋼刀果汁機 MX-GX1001 私訊優惠價,4756,75,4,$990
535,伊萊克斯Electrolux 大師系列智能調理果汁機 EBR9804S 送大師系列專用調理食譜,6353,1553,4,"$14,900"
536,小楊家電賣場 國際牌 Panasonic MX-V188 果汁機  公司貨 原廠保固 私訊優惠價,4733,76,4,"$1,990"
537,(缺貨)魔力料理棒/攪拌器-實用組(紅白)-料理主機+粉碎容器+果汁杯+小食譜,1070,906,4,$890
538,【電器宅急便】鍋寶 果汁機[玻璃杯1600cc JF-1602 *~含稅附發票*~,3216,1056,4,$790
539,【國際牌 Panasonic 台灣松下】果榨汁機//果汁機◎MX-151FG1,4145,821,4,"$16,490"
540,缺貨 時尚星 3D魔力料理棒/攪拌器-實用組 料理主機+攪拌刀頭+果汁杯+小食譜(1組)果汁機 果菜機 攪拌機 攪拌棒,4407,1378,4,$890
541,《586家電館》永久果汁機【YK-280】，四合一雙項專利設計，營業用型！,3528,1904,4,"$1,300"
542,✦上豪✦1.5L玻璃杯碎冰果汁機BM-156✦台灣製造,3343,247,4,$990
543,4H現貨·380ML升級6葉刀片迷你電動榨汁杯可擕式小旋風果汁杯USB充電電動榨汁杯隨身杯水果榨汁機,82,173,3,$448
544,衝評價 特惠價!【TSL 新潮流】健康食品調理機 – 全配(TSL-122) 果汁機 打泥 冰沙 豆漿 研磨 台灣製,6,62,3,$688
545,土城現貨 110v沙冰機破壁機商用奶茶店破壁榨果汁料理刨冰機家用小型冰沙碎冰機,83,246360,3,"$2,290"
546,紓困振興 台灣現貨  橙子榨汁機  不銹鋼  手動  檸檬榨汁機  石榴榨汁器 手壓  柑橘  果汁機 -潮流C站,1749,342,3,$899
547,果汁機 冰沙機 調理機 小太陽 vitamix 尚朋堂 聲寶 攪拌棒 下半段21.5公分,727,201,3,$125
548,【現貨公司貨】Kolin 歌林 隨鮮杯果汁機 雙杯組 梅森玻璃杯 梅森杯 榨汁機 調理機 豆漿機 隨行杯 榨汁機,713,91,3,$850
549,富士電通 果汁機 榨汁機 蔬果鮮榨萃取機FT-JE200,111,177,3,$818
550,【迷霧蒸氣】超值套裝 主機+煙彈+皮套+果汁Vaporesso RENOVA ZERO POD小煙油小菸油 【A151】,1749,488,3,$899
551,[百威電子] 缺貨中  請勿下標                 (果汁機),10598,3008,3,$1
552,TESCOM TM856TW 果汁機 冰沙 果汁杯 調理機 電動榨汁機 豆漿機 蔬果汁 副食品,83,231,3,$890
553,【智選】【德國Ankale】攜帶式果汁機 鮮榨 隨行 輕巧果汁杯 果汁帶著走 榨汁機 果汁機 隱藏式刀片 USB果汁機,3,134,3,$499
554,110V伏絞肉機美國日本加拿大臺灣船用電動攪拌機果汁料理機豆漿機 童話故事良品鋪,181,199088,3,"$2,800"
555,★霧多多★免運活動 GTR 小煙主機  ZERO/RELX/VAPE/NRX/果汁 另售拖船 鋼鐵果茗茶 將軍,12,46,3,$400 - $800
556,〔家電王〕FUJITEK 富士電通 冰沙 果汁機 FT-LNJ02 榨汁機 果汁杯 調理機 調理器 水果 安全鎖 碎冰,58,187,3,$690
557,限時優惠8折 飲料機 豪華不銹鋼單頭果汁鼎 雙頭自助餐飲料機冷飲機雙缸奶茶桶 mks,841,198431,3,"$1,300"
558,台灣原廠小太陽冰沙機767系列零件組 小太陽零件 冰沙機零件 果汁機 豆漿機,9,2184,3,"$250 - $1,090"
559,免運費 Electrolux 伊萊克斯 冰沙果汁機 EBR3546  冰沙機 果汁機,1232,831,3,"$2,688"
560,花露米 預購+現貨 迷你手動檸檬榨汁器炸果汁家用小型擠檸檬汁神器檸檬夾水果壓汁機 搾汁機 榨果汁機 搾汁器 榨果汁器,3657,1908,3,$100 - $120
561,【大頭峰電器】Kolin 歌林 玻璃杯冰沙果汁機 KJE-LNP131,50787,1215,3,$850
562,送果汁大蒸氣 霧化器主機套餐 電子蒸氣霧化芯可陶瓷重建,576,164,3,$50 - $150
563,義大利 ALL JOINT | 鮮榨果汁杯 現榨現飲 健康隨行DIMO小型果汁機 携帶式充電榨汁杯,198,136,3,$950
564,德爾瑪便攜榨汁機 家用水果小型充電迷你榨果汁機電動 膠囊榨汁杯 米家/小米有品 官方正品,4085,660,3,$588
565,寶貝の玩具屋☆【可愛電動小家電】單款價(熱水瓶烤麵包機吸塵器熨斗果汁機縫衣機)☆【家家酒】,11649,1893,3,$75
566,[台灣現貨]E-liquid vape 紅心芭樂 0丁 30M電子果汁 小煙 大煙機種均可用,779,23,3,$180
567,【蒸氣迷霧】正品含果汁億海 IPV V3 MINI  KIT 自動注油 智能溫控主機套裝(非 電 子菸煙小煙【A133】,4681,504,3,"$1,700"
568,KRIA可利亞 5合1生機調理果汁機/榨汁機/研磨機/攪拌機/調理機GS-314,19,109,3,$880
569,【大煙館】現貨附果汁Uwell Amulet Pod手錶主機Vape Watch非 電 子菸煙小煙油小菸油丁【A129】,3789,270,3,$799
570,迷你攪拌器手持打蛋器電動攪拌器咖啡不鏽鋼電動混合機料理攪拌機打奶油打奶泡器飲料果汁混和沙拉醬調酒攪拌棒,11490,370,3,$45
571,現貨【可刷卡】英國皇太太迷你榨汁機家用水果小型便攜式充電榨汁杯電動炸果汁杯,188,592,3,"$598 - $1,100"
572,Panasonic 國際牌隨行杯果汁機 櫻花粉 MX-XPT102 -P,5045,571,3,"$1,260"
573,【真便宜】台灣三洋 1.5L不鏽鋼刀果汁機 SM-G918《另售MX-V188》,601,499,3,$800
574,(隨貨附發票)飛利浦 PHILIPS 活氧果汁機專屬配件 HR2165,927,149,3,$100 - $350
575,充電型果汁機 6葉刀頭 玻璃杯身 隨身杯 榨汁機 迷你 小型 果汁機 養身 健康,570,143,3,$399
576,[Hare.D]榨汁杯 手動榨汁機 迷你橙汁榨汁機 手動榨果汁 榨汁機器 家用水果 小型,3290,739,3,$89
577,3C得來速~現貨可選色 Oster 經典隨鮮瓶果汁機專用替杯 替換杯 原廠盒裝 隨鮮瓶 替杯,448,643,3,$390
578,合友唱片 血肉果汁機 /《深海童話》 Fairy Tales of Ocean Deep CD,9455,12398,3,$750
579,薇妮小舖《玩具舖》攪拌機 麵粉攪拌機 扮家家酒玩具 粉紅控 兒童玩具 兒童益智 玩具 吐司機 果汁機(直購價:169元),1562,567,3,$169
580,OSTER Ball Mason Jar 隨鮮瓶果汁機替杯 黑/白/紅/藍 四色可選 梅森杯,6343,1564,3,$550
581,HF-C558 勳風 好幫手料理機 果菜食物調理機 果汁機 食物攪拌機 【AC11】,6742,276,3,"$1,584"
582,【威利家電】免運  大家源不鏽鋼隨行研磨果汁機三杯組 / 隨行杯果汁機  TCY-6719 ,5260,327,3,$990
583,保固一年 】 VITAMER 果汁機/維他命榨汁杯 水壺 USB充電 方便攜帶 旅行 上學 上班 露營,88,405,3,$780
584,台灣公司貨 304不銹鋼刀 隨行杯果汁機雙杯組 280ml*2,15692,313,3,$699
585,【保固最久 品質最佳】VITAMER 果汁機/維他命榨汁杯 水壺 USB充電 方便攜帶 旅行 上學 上班 露營,836,980,3,$770
586,VITAMER 維他命榨汁機 榨汁杯 隨身 果汁機 母親節 聖誕節 生日 交換 禮物【RS772】,1754,1006,3,$699
587,全家福 1800CC 營業用果汁機(MX-818A),237,265,3,"$1,100"
588,CHIMEI奇美 好偏心纖活果汁機 MX-2000S2  專利5mm偏心技術 六向刀頭+高速馬達,2918,777,3,"$1,890"
589,【易油網】【缺貨】OSTER 隨行杯果汁機1機+1杯 #44522 桃紅,40733,4467,3,$990
590,[網路GO] 美國OSTER Blend Active隨我型果汁機替杯(三色可選),4015,2522,3,$480
591,[廠商直銷] 最新款商用榨汁機 果汁機 渣汁自動分離機 整機全不鏽鋼 WF-A3000,274,0,3,"$9,200"
592,果汁分配器 果汁機 果汁槽 果汁飲料桶 飲料桶 民宿餐廳早餐器具 不鏽鋼桶 透明飲料桶 水果酵素瓶 發酵液密封罐 開水桶,592,229,3,"$1,950"
593,手動檸檬榨汁器 日式壓汁機 壓汁器 檸檬榨汁機 水果柳丁各類蔬果取汁器 果汁機 檸檬取汁器 擠柳橙果汁壓榨器 榨柳丁,591,224,3,$395
594,衣麗特 隨行杯果汁機(雙杯組) ELT-139 (1台) 果菜機 榨汁機 冰沙杯 果汁杯 奶昔 調理機 密封杯蓋,456,1088,3,$990
595,夏季特價 ZOKE S-POW充電式榨汁機 迷你無線電動榨汁杯 不插電小型玻璃果汁機,120,641,3,"$1,790"
596,【大王家電館】【現貨熱賣+贈不鏽鋼吸管組】CHIMEI 奇美好偏心纖活玻璃壼身果汁機 MX-2000S2,7899,637,3,"$1,980"
597,原廠PHILIPS飛利浦攪拌機果汁機替換刀組HR2000 HR2004 HR2006HR2020HR2167HR7629,319,36,3,$460
598,派樂QPiloter -製冰盒(碗)X9+贈衛生保鮮蓋X9 自製果汁水果冰磚 SGS 適用派樂/全佳豪刨冰機-製冰收納,1466,1111,3,$299
599,快速出貨【達新牌】1公升電動榨汁機 TJ-5660 有防塵蓋+榨汁盤/柳丁機/果汁機,3659,792,3,$330
600,台灣金屬團 血肉果汁機-GIGO CD平裝版 首張專輯,3103,2063,3,$400
601,可超取~歌林隨行杯冰沙果汁機-雙杯藍/570ml隨行杯/冰沙機/隨身杯/調理機/豆漿/果醬/蔬菜汁,497,959,3,$880
602,[台灣現貨]大陸原廠小太陽冰沙機767系列零件組 果汁機 豆漿機,5438,2230,3,"$250 - $1,090"
603,諾麗酵素果汁 樹葡萄 薑黃 SGS檢驗 有機 鮮果 去油 健康 解油膩 排便 代謝飲品 天然 神奇果 抗氧化 板橋自取,180,22,3,$400
604,【凱文杯杯】新版Promixx 2.0時尚電動雪克杯/搖搖杯/隨身果汁機600ml/20盎司 USB充電式,194,1479,3,"$1,750"
605,【高硼玻璃杯】充電式榨汁機 榨汁杯 電動便攜玻璃榨汁機 家用迷妳全自動果汁機料理機多功能學生,1537,1248,3,$569
606,【竭力萊姆】預購 7年原廠保 Vitamix Professional 750 全營養食物調理機果汁機 Vita-mix,8452,779,3,"$24,300"
607,【凱文杯杯】新PROMiXX (2018 Model) 時尚電動雪克杯/搖搖杯/隨身果汁機600ml 使用2*AAA電池,194,1479,3,"$1,499"
608,調理機 黑皮蓋 小太陽 附小蓋 冰沙杯 果汁機 調理杯蓋子 Super Mum TM 737 767 770 788,1172,888,3,$180
609,~威利家電~SANLUX台灣三洋隨行杯果汁機  SM-06TK,5258,328,3,$700
610,DO嘟嘟DO全家福果汁機 MX-816A/冰沙機/碎冰機/MIT台灣製造同MX-V188,14383,615,3,"$1,000"
611,【Sunny Buy 生活館】◎現貨◎Nutribullet 600 蔬果調理機 8件裝 BPA Free 奶昔 果汁機,330,431,3,"$4,390"
612,【平輸代購】德國百靈Braun FX 3030 廚神級食物調理機 料理機 果汁機 榨汁 攪拌器,209,83,3,"$8,500"
613,【綠海生活】榨汁器 (中/#304)  榨汁機 果汁機 壓汁器 壓汁機 白鐵搾汁器~A03001692,4261,3127,3,$230
614,【綠海生活】榨汁器 (大/#304) 榨汁機 果汁機 壓汁器 壓汁機 白鐵搾汁器~A03001691,4214,3116,3,$250
615,《好媳婦》日式【特厚玻璃檸檬壓汁器1入】榨汁器/水果柳丁各類蔬果果汁機/取汁器 媲美 美國Full Circle纖檸瓶,13770,2383,3,$160
616,一鑫餐具【日式硬質壓汁機】壓檸檬機省力壓柳丁機壓果汁機榨汁機壓柳橙機,10624,2533,3,$290
617,DO嘟嘟DO全家福營業用冰沙調理養生機MX-168/冰沙機/果菜機/果汁機/調理機/原汁機/豆漿機MIT台灣製造,14372,614,3,"$2,488"
618,PHILIPS飛利浦樂活迷你果汁機(HR2850)健康DIY！塑化劑OUT,2745,76,3,$950
619,【山環山線】recolte Sante 迷你果汁機 專用研磨杯 精緻食譜(中文版),6748,319,3,$250
620,*哈哈商城* 7 吋 金歡 喜 304 不銹 鋼 果汁 網 ~ 料理 食材 零件 機械  水 小吃 刀 叉 ,2932,1269,3,$115
621,蘇貓 KRIA 生機調理 五合一果汁機 GS 314,992,1636,3,"$1,480"
622,賈浪卡全新德國 MUM58W56DE bosch 攪拌機 果汁機 絞碎機 羅伯特博世 攪拌器 打蛋機 揉麵機3.91L,5875,914,3,"$14,000"
623,全佳豪-旋轉式 免電 果菜榨汁機（1入裝）台灣製 果肉果汁鮮榨 衛生原味原汁 榨汁器 省力省錢無添加,1178,1154,3,$169
624,8L*2 果汁鼎 16公升 果汁分配器 雙頭【福滿來】果汁機 果汁 飲料桶 不鏽鋼桶 咖啡鼎 咖啡桶 ADAJ,2692,5352,3,"$2,358"
625,【AC11】HF-C558 勳風 好幫手料理機 果菜食物調理機 果汁機 食物攪拌機,3294,291,3,"$1,980"
626,捷寶 1.8L-JJM1880 果汁機 調製機 調理機 連接線20元 另售貴夫人,865,572,3,$20
627,~All Castles~ 小太陽 專業級 冰沙調理機 TM-767 果汁機 冰沙機,3269,2150,3,"$3,130"
628,~威利家電~ 免運 大家源 隨行杯果汁機 TCY-6715,5256,327,3,$550
629,【BRI-RICH】新一代養生健康蔬果汁慢磨機,939,709,3,$650
630,一鑫餐具【全鋼果汁鼎】果汁器果汁機冷飲機歐式自助餐吧台果汁分配器,10673,2522,3,"$2,100"
631,【飛利浦】3合1隨行杯果汁機HR2874,1661,165,3,"$1,200"
632,【歐風家電館】(送清潔軟布) 飛利浦 2L 超活氧 果汁機 HR2173 (新品上市/玻璃壺/參考HR2096),3385,557,3,"$2,180"
633,【GO幸福小站】小太陽果汁冰沙蔬果機 TM-736,243,145,3,"$2,650"
634,Panasonic 國際牌1500CC果汁機MX-EX1551,5838,268,3,"$1,390"
635,數位小兔【 lomography LC-A+ 相機】LCA LC-A LOMO相機 另有果汁 巧克力相機 ,4219,10956,3,"$9,490"
636,Ψ網路批發商城Ψ多用途 迷你按壓式果汁食品調理機 切菜機 電動絞肉機 打蛋器 榨汁器 副食品攪拌器,644,2264,3,$450
637,◎電器網拍批發◎尚朋堂  1700C.C. 玻璃杯 果汁機  SJ-1788,3915,1605,3,$850
638,Dodo Juice Purple Haze Carnauba Soft Wax杜杜果汁紫霧棕櫚軟蠟 深色車系專用 【原裝進口-30ml】汽車腊軟臘、重機、單車腊軟臘,5847,199,3,$315
639,永久果汁機營業智慧型微電腦 冰沙機[3000CC],10881,525,3,"$2,400"
640,【大頭峰電器】【缺貨改款中】PHILIPS飛利浦超活氧果汁機 HR2084 / HR-2084,50117,1317,3,"$3,990"
641,【上豪】玻璃杯碎冰果汁機 BM-156【送玻璃保鮮盒】,3793,238,3,$850
642,◤不鏽鋼旋轉刀刃◢【鍋寶】1.5L不鏽鋼刀刃果汁機 JF-1582-D,33182,652,3,$750
643,Oo小魏子oO特製(大) 不銹鋼桔檬柚壓汁機 全鋼壓汁機 果汁機 榨汁機 自己榨檸檬汁柳丁汁,312,2334,3,$300
644,缺貨)大吉)勳風 玻璃冰沙果汁機1500cc HF-3623,2277,205,3,$800
645,貴夫人最新款生機萃取機-LS-566果汁機˙萃取網直接飲用˙食物果汁更細緻,1813,953,3,"$4,580"
646,jeoushun【油炸機】果汁機 冰沙機 紙巾機 濾芯 蒸汽箱 咖啡機 封口機 果糖機,43,18,3,"$3,000"
647,<搞啥飛機>2公升HDPE塑膠桶分裝瓶不透光白色全新料 酒精/消毒水/次氯酸水可用 果汁桶農藥桶汽油桶煤油桶 含稅,21125,2790,2,$45
648,小鹽 現貨 小菸 丁鹽  果汁 補充館 Aspire Breeze 2代 輕風  清風  微風 主機 套裝,119,84,2,$200 - $700
649,【精工】smok tfv8 baby 霧化蕊 成品芯 大煙霧 蒸氣 霧化心 蒸氣果汁 蒸氣機 特斯拉 老虎桿通用,5319,517,1,$270
650,【24H出貨】(3色) VITAMER 充電碎冰果汁機 USB充電 隨行杯 榨汁杯 果汁機 果汁杯 榨汁機,7836,594,2,$799
651,【24H出貨】 KOLIN  歌林 隨行杯冰沙果汁機  榨汁機 電動榨汁機 果汁杯 KJE-MNR5761,7836,593,2,$639
652,特價10組 果汁機 調理機 通用調理杯 含刀組、蓋子、攪拌棒 全新 小太陽 VITAMIX 聲寶 尚朋堂可用,728,201,2,$840
653,攪拌棒 冰沙機，果汁機 調理機 攪拌棒，下半段20公分,728,202,2,$160
654,特價10個 果汁機 調理機 通用調理杯 含刀組(不含蓋子攪拌棒) 全新 小太陽 VITAMIX可用,728,202,2,$650
655,【台灣出貨 6葉最強版】迷你榨汁機 果汁機 電動果汁杯 隨行杯 電動果汁機【C0016】,119,46,2,$299
656,歌林 KOLIN KJE-MNR572B 隨行杯冰沙果汁機 (雙杯藍) 可超取,1318,110,2,$790
657,=南屯手機王=【美國Oster】Ball Mason Jar 隨鮮瓶果汁機替換杯(不分色隨機出貨)  直購價,1619,2840,2,$250
658,[現貨] Kinyo迷你隨行杯果汁機雙杯組 迷你果汁機 隨行杯果汁機 輕巧果汁機,247,280,2,$599
659,★霧多多★滿千隨機送一瓶果汁 派克 PYKE 小煙主機 ZERO/RELX/NRX/果汁 另售拖船 鋼鐵果 茗茶,12,46,2,"$350 - $1,200"
660,【加贈隨行杯】PHILIPS飛利浦 0.6L隨鮮杯超活氧迷你果汁機,5999,359,2,$949
661,PHILIPS 飛利浦果汁機 HR2167 研磨杯 HR2168 (杯子 刀座 杯蓋 研磨杯 濾網),290,2,2,$290
662,★霧多多★滿千隨機送一瓶果汁 茗茶 煙油  ZERO/RELX/VAPE 另售拖船 鋼鐵果 茗茶 將軍 888 藍帽,12,45,2,$350 - $650
663,含稅50個 95口徑【品茶360冷飲杯】飲料杯 水杯 果汁杯 紙杯 冰品杯 冰杯 圖樣隨機 360cc冠,6230,5023,2,$49
664,[宇煌直銷] 台灣原廠小太陽冰沙機767系列零件組 小太陽零件 冰沙機零件 果汁機 豆漿機,9,40672,2,"$250 - $1,090"
665,【原廠正品】原廠正品 Kamry X Pod Kit 輕便式主機 鋁合金機身 跑車 套裝 可重複加油果汁 AIO 電子,4,8,2,$800
666,〔家電王〕鍋寶1.5L 碎冰塊式 果汁機 大容量 JF-1582-D 榨汁機 料理機 研磨機 調理機 附研磨杯 蔬菜汁,58,186,2,$749
667,全館免運 多功能榨汁機小型四代迷你果汁機禮品鮮榨果汁機自動便攜式榨汁機YYS -解憂雜貨鋪,247,198439,2,$406
668,蒸氣煙究室★(現貨秒發)原裝正品-ZERO主機 鹽油 果汁 丁鹽 小煙 NRX ZERO PAL IPV,61,110,1,$250 - $800
669,台灣原廠小太陽冰沙機767系列零件組(上杯組合) 果汁機 豆漿機,14,2181,3,"$1,069"
670,台灣原廠小太陽冰沙機767系列零件組 小太陽零件 冰沙機零件 果汁機 豆漿機,13,2181,2,"$250 - $1,090"
671,商用大型果汁機1/2HP 7公升【含稅付發票】商用大型果汁機 商用果汁機7L 營業用果汁機 西瓜機 果汁機,1183,915,2,"$6,620"
672,台灣原廠小太陽冰沙機767系列零件組 小太陽零件 冰沙機零件 果汁機 豆漿機,19,2190,2,"$250 - $1,090"
673,big boss swirlio 水果冰淇淋機 電動 果汁機 榨汁機 榨汁器 雪糕器 全自動 激淩機 雪糕機 研磨機,6051,5008,2,$699
674,【Cuisinart美膳雅 CPB-300TW 】多工新纖果汁調理機公司貨,535,73,2,"$1,630"
675,Earth'S Bounty Tahitian Organic Noni Juice - 32 Fl Oz 4 Pack,0,10171,2,"$9,399"
676,【KH高賢電信】 AIWA 愛華 可充電攜帶型果汁機 PJ-460 含稅 免運 台灣公司貨 原廠盒裝,380,288,2,"$1,280"
677,【coni shop】GUQi谷其便攜電動果汁機 現貨 當天出貨 USB充電式隨身果汁機 夏日新鮮解渴 健康 城市單品,13941,413,2,$490
678,老闆頭痛區~PHILIPS飛利浦 超活氧果汁機刀座~ 適用HR2095、HR2096,6023,348,2,$500
679,【嘉義現貨】手搖榨汁機 家用 手動榨汁機 手搖慢磨機 一機兩用 榨果汁/ 自製冰沙機  手搖慢磨果肉冰沙果汁機,231,123450,2,$499
680,PRINCESS 荷蘭公主 電動極速 榨汁機 果汁機 201970,3385,550,2,"$1,500"
681,（台灣現貨！開發票！）USB充電式維他命榨汁杯 榨汁機 唯他命迷你可攜式攪拌杯 多功能便攜隨身果汁機 豆漿機 果汁杯,670,32,2,$499 - $599
682,【台灣現貨】韓版多功能電動果汁杯（6刀片、充電款）＃冰沙杯 果菜榨汁杯 便攜式迷你榨汁機 隨身果汁機 電動榨汁杯,1548,971,2,$285
683,AGG014 (3公升 不銹鋼果汁分配器 果汁機 果汁飲料桶 果汁鼎  早餐 不鏽鋼桶 咖啡鼎 咖啡桶 1680,414,3148,2,"$1,680"
684,AGG073 (適用各種廠牌攪拌棒) 冰沙機/短棒 冰沙調理棒 冰沙棒 冰沙攪拌棒 果汁機調理棒 攪拌棒商用沙冰機配件奶,414,3205,2,$230
685,【牛奶蒸氣】現貨附果汁Uwell Amulet Pod手錶主機Vape Watch小煙(非 電 子菸煙小煙油【A129】,1722,483,2,$980
686,KJE-HC10 歌林隨行杯果汁機,170,81,2,$857
687,阿甘柑仔店(店面-預購)~ KINYO JR-20 多功能果汁機 果菜機 榨汁機 冰沙機 調理機 攪拌機 ~逢甲1084,3342,457,2,$799
688,國際牌果汁機 MX-XPT102 隨行杯果汁機 櫻花粉色 出清價,105,26,2,"$99,999"
689,迷你手持打蛋器電動攪拌器咖啡不鏽鋼電動混合機料理攪拌機打奶油打奶泡器飲料果汁混和沙拉醬調酒攪拌棒,11478,370,2,$50
690,無線充電榨汁 小米 Pinlo隨手果汁機 易清洗 斷電保護 小巧便攜 品羅 小怪獸 小型電動榨汁杯 榨汁機 家用 有品,1355,221,2,$778
691,随身果汁机情侶套杯英國皇太太迷你榨汁機家用水果小型便攜式充電榨汁杯電動炸果汁杯,234,131,2,"$698 - $1,314"
692,《台南佳電+贈專用冰模》Philips HR2105 飛利浦 活氧果汁機 冰砂機,5141,1900,2,"$1,100"
693,(吉賀)大家源 碎冰果汁機 果汁機 蔬果機 料理機 攪拌機 調理機 1.5公升 TCY-6735,11408,541,2,$950
694,🍁隨草憶境🍁（1入/4入）迷你 果汁機 調飲機 微縮模型 食玩模型 微縮場景 娃娃屋 袖珍屋 配件,5065,4015,2,$39 - $155
695,現貨- USB充電式隨行果汁機   高轉速馬達10秒快速榨汁 攜帶式果汁機 小型果汁機,112,381,2,$299
696,【大頭峰電器】★促銷↘送清潔刷★PRINCESS 荷蘭公主 隨行冰鎮杯果汁機/霧黑 212065,50831,1218,2,"$1,176"
697,缺貨--3 號味蕾 ~ 美國 有機果汁軟糖.. .零脂肪.. 櫻桃、柑橘、草莓、覆盆莓、白葡萄,43153,2201,2,$67
698,☆品味家電館☆【Kolin 歌林】~免費促銷~隨行杯健康蔬果汁機三杯組 JE-LNP07,255,241,2,$990
699,【Bee's house】KINYO 耐嘉 JC-13 多功能食物調理機 副食品、肉類、冰沙、蔬果汁 氣密式上蓋,19,668,2,$800
700,※便利購※附發票 台灣製 永久牌 1800cc 冰沙果汁機 多功能果汁機 調理機 (YK-108) 家庭 營業用 淺藍,254,935,2,"$1,250"
701,◎日本販賣通◎(代購)日本原裝 VITANTONIO 隨行果汁機 隨手果汁機 VBL-5 專用 替換瓶,494,2079,2,$770
702,現貨 台灣當天出貨 Ecoco 麥色 手動榨汁機 手動果汁機 手動 榨汁機 果汁機 榨汁 隨行果汁機,520,1322,2,$150
703,現貨 台灣當天出貨 麥色 ECOCO 手動榨汁機 手動果汁機 果汁機 榨汁機 隨身調理杯 果汁杯 榨汁,3332,3671,2,$150
704,蘋果 現貨 ecoco 雙向 手動 果汁機 榨汁機 水果榨汁機 隨行果汁機 行動果汁機 果汁杯 果汁器 榨汁器 藍色,1215,3232,2,$150
705,【通訊達人】aiwa 愛華 可充電攜帶型果汁機 PJ-460WE(白色)/PJ-460BE(藍色)可選_PJ-460,1103,420,2,"$1,480"
706,榨汁機 天天特價家用大口徑汁渣分離榨汁機不銹鋼原汁機果汁機炸水果蔬機,961,528735,2,"$1,288"
707,【山山小舖】(限時特價)KRIA可利亞 5合1生機調理果汁機/榨汁機/研磨機/攪拌機/調理機(GS-313),2874,1597,2,$990
708,國際牌 MX-185V果汁機 原廠零件 下連軸 (大) Panasonic 料號61657-0030,109,213,2,$150
709,國際牌 原廠果汁機材料 下連軸 (小) 適用MX-V188  Panasonic 料號61657-5611,109,213,2,$150
710,手刀價🌟不鏽鋼檸檬夾 NO190 水果壓汁 檸檬夾 榨汁機 榨汁器 壓汁機 果汁機 不銹鋼壓汁機 購物狂人,515,1819,1,$65
711,附發票＊元元家電館＊鍋寶 行動隨身杯果汁機研磨機 SJ-110-D,28258,1490,2,$790
712,手刀價🌟台灣製造 430不鏽鋼 壓汁機 水果壓汁 榨汁機 榨汁器 壓汁機 果汁機 不銹鋼壓汁機 購物狂人,743,1819,2,$200 - $230
713,隨身果汁機 隨行瓶果汁調理機,473,64,2,$600
714,不鏽鋼果汁壓汁機(大),338,5062,2,$199
715,[龍龍3C] EUPA 輕巧 隨行杯 果汁機 TSK-9338,2854,1777,2,$500
716,貴夫人CP-75S調製機（果汁杯組）鈦合金鋼刀,153,283,2,$450
717,手刀價🌟Kiyodo 直立式壓汁機 不銹鋼壓汁機 壓汁機 果汁機 榨汁機 壓汁器 榨汁器 購物狂人,743,1814,2,$700
718,【大煙館】含果汁●Suorin AIR 攜帶神器 防漏油 8MM超薄機身vape非nrx  電 子煙 菸【A017】,3754,272,2,"$1,180"
719,《Cool歐時尚家電》貴夫人生機食品調製機 CP-75S ~!另賣果汁杯!特惠價~~,99,232,2,"$1,500"
720,安全按壓啟動 小米 米家調理機 6葉攪拌刀頭 料理機 果汁機 全自動 多功能 嬰兒 輔食機 榨汁杯 榨汁機 小怪獸 Mi,441,222,2,$993
721,【煙鬼客棧】含果汁●Suorin AIR 商務型攜帶神器 防漏油 8MM超薄機身 非ICUB【A017】,674,161,2,"$1,180"
722,【大眾家電館】歌林 USB充電式隨鮮杯果汁機 JE-LNP11,1973,1110,2,$699
723,DO嘟嘟DO全家福冰砂專用果汁機 MX-817A/冰沙機/碎冰/MIT台灣製造同MX-V188 ,14318,612,2,"$1,050"
724,手動榨汁機 手動果汁機 果汁機 蔬果機 榨汁機 檸檬汁機 柳丁汁機 西瓜汁機 水果汁機 水果機 榨汁機,798,1159,2,$790
725,【WowLook】Blendtec Total Blender Classic 調理機 果汁機,6698,502,2,"$7,299"
726,御膳坊  小  鋁製營業用果汁機  (鐵氟龍)  壓汁機  榨汁機  檸檬機  台資廠,15226,3732,2,$350
727,全家福果汁機玻璃瓶下底座 -【便利網】,18431,2757,2,$60
728,勳風好幫手料理機 HF-C558 果菜食物調理機/果汁機/食物攪拌機/研磨機/ 冰沙 攪拌 絞肉 磨粉,4407,1378,2,"$1,980"
729,6葉 USB充電 電動榨汁杯 果汁機 電動果汁機 隨行杯果汁機 攪拌機 隨手杯 隨身杯 調理機 多功能榨汁機 380ML,472,563,2,$279
730,泰昀嚴選 Panasonic國際牌多機能果汁機 MX-GX1051 實體店面 特製不鏽鋼刀鋒銳利耐用 宅配1200元A,2603,8324,2,"$1,200"
731,【竭力萊姆】代購一年保固 KitchenAid 13 杯 KFP1333 食物調理機 果汁機 ,8352,798,2,"$10,890"
732,◤ 不鏽鋼旋轉刀刃◢【鍋寶】1600CC大容量碎冰果汁機 (JF-1602),4263,514,2,$790
733,YK-608永久牌 1800cc鈦合金 鋼刀冰沙果汁機(YK-608)~ 耐熱玻璃適合營業用,352,166,2,"$1,450"
734,迷你榨汁機 簡易小型手動榨汁器 多功能水果榨汁器 小型果汁機 省錢博士39 ,12031,1229,2,$39
735,【大眾家電館】LAPOLO 隨身杯果汁機 LA-3088,1981,1107,2,$890
736,代購 白朗BAIRAN-隨行杯果汁機(個人單杯) FBSJ-A33 含運599,3565,689,2,$599
737,賈浪卡全新德國製造 MUM59N37 bosch 攪拌機 果汁機 絞碎機 羅伯特博世 攪拌器 打蛋機 揉麵機3.9L,5875,912,2,"$13,000"
738,【山環山線】recolte 日本麗克特Sante 迷你果汁機 專用果汁杯,6750,318,2,$600
739,【全家福】1800cc生機食品冰沙營業用果汁機 (MX-818A) EU0301,908,385,2,"$1,150"
740,【鳳梨牌】高CP值 直接投料蔬果榨汁機/果汁機（CL-003AP1）ZA0092,907,386,2,"$29,900"
741,"【點子封膜】封口機用的公版封口膜來囉~共用膜(PP杯、紙杯) 免運,PP膜,PE膜,ES膜(冷飲、果汁、咖啡)",15,4,2,$400
742,大特價多功能水果榨汁機檸檬榨汁器橙子擠壓機寶寶水果汁手動榨汁器39,2045,2527,2,$49
743,【大頭峰電器】【贈專用刮刀】PRINCESS 荷蘭公主不鏽鋼萬能榨汁機 果汁機 201851,50812,1220,2,"$2,431"
744,[台灣現貨]大陸原廠小太陽冰沙機刀組拆卸工具767系列零件配件組 果汁機 豆漿機,5429,2223,2,$240
745,消費高手 全佳豪 5合1 果菜料理 刨冰機 刨冰 + 刨絲 + 刨片 + 雕花 + 榨果汁,456,1087,2,$499
746,DO嘟嘟DO  NAKASA 仲佐全營養冷熱數位生機調理機 IB-1306/養生機/冰沙機/豆漿機/果汁機,14383,615,2,"$5,490"
747,@貨比三家不吃虧@ 美國 shake n take 3 調理機 隨行杯果汁機 不銹鋼刀 隨身杯 一機兩杯 贈送隨行杯 OSTER可參考 母親節禮物,6012,5000,2,$699
748,@@餐具達人** 【龍族不銹鋼細孔果汁網】果汁機/過濾網/水果濾網/蔬果濾網/果菜濾網**,1709,353,2,$35
749,"聯想材料【P15食品級潤滑脂】→食品機械耐/咖啡機/果汁機/電動吸乳器.符合""NSF食品級認證""(熱銷價500元/罐)",2387,279,2,$500
750,缺貨請勿下標 統一生機 RWK100%有機蘋果汁946ml 每瓶165元 一箱12瓶含運,795,152,2,$165
751,《安安寶貝家》BAIRAN白朗 不鏽鋼刀頭隨行杯果汁 FBSJ-A33 一機二杯加贈保冷袋  ,16458,1443,2,"$2,999"
752,※ smile 家電館 ※ 雅瑟牌 1.5公升玻璃杯果汁機 TR-021,9328,1268,2,$700
753,東龍果汁機(TE-501)(台灣製造)-【便利網】,18534,2757,2,$780
754,【網路GO】Panasonic國際牌 1300ML研磨果汁機 MX-XT501-N 香檳金 ,4023,2454,2,"$2,710"
755,廚房大師-松鄉檸檬壓汁機中號 壓果器 手壓 果汁機※ 歡迎批發※,11715,1681,2,$190
756,多功能手動榨汁器 迷你檸檬榨汁機 /DIY果汁必備品/新手媽媽利器/廚房利器,2035,2221,2,$100
757,【囍瑞BIOES】純天然藍莓綜合原汁(1公升/瓶)★小瓢蟲標章:無農藥、無化肥、無添加100%純果汁【非有機】,474,146,2,$169 - $676
758,壓汁器 壓汁機 榨汁機 果汁器 台灣製,4406,1560,2,$28
759,歌林蔬果調理研磨機/果汁機/果菜機/咖啡研磨機JE-HC01,6038,915,2,"$99,999,999"
760,強力馬達 捷寶JJM1880 貴夫人 果汁機 生機食品調製機 調理機 萃取機 電源線20元,865,572,2,$20
761,小楊家電賣場  Panasonic  國際牌 活力氧果汁機 MX-GX1061 私訊優惠價,4764,75,2,"$1,890"
762,Panasonic 國際牌果汁機MX-GX1561 / MX-GX1561-WT,5835,272,2,"$1,810"
763,◤不鏽鋼旋轉刀刃◢【鍋寶】1.5L不鏽鋼刀刃果汁機 JF-1582-D,33053,656,2,$750
764,附發票 ◎電器網拍批發◎ SPT 尚朋堂 隨行杯果汁機 SJ-0600,3914,1605,2,$750
765,[廠商直銷] 單缸二缸三缸 冷熱飲機 果汁冷飲機 飲料機 冰沙機,5438,2230,2,"$12,000"
766,＊元元家電館＊鍋寶 隨身杯果汁機研磨機 SJ-220-D 雙杯設計,28258,1490,2,$818
767,TSL 新潮流 健康食品 調理機(TSL-122) 果汁機 果菜機 生機飲食 便宜又方便,4387,1377,2,$830
768,缺貨!【KINYO】OREO多功能調理機/果汁機(JC-13)健康很簡單,33182,652,2,$669
769,【阿貴家電坊】~附發票~歐斯樂塑膠杯碎冰果汁機( HLC-727 ),5084,453,2,$590
770,《Wongdec 王電》料理專家廚中寶果菜食物料理機-WO-2688-果汁機/冰沙機/絞碎/麻糬,870,831,2,"$2,780"
771,[奇寧寶露天館] 台灣製 全新公司貨 王電廚中寶 果菜機 果汁機 型號 -WO-2688 調理機 免運費 保固一年,2557,1001,2,"$3,280"
772,【國際牌 Panasonic 台灣松下】果榨汁機//果汁機◎MX-101SP,4145,820,2,$960
773,【貴夫人】生機精華萃取機 【微感智控】果汁機LS-727㊣公司貨㊣,9783,795,2,"$9,470"
774,專業生機飲食調理機TSN-777~果汁機~冰砂機~破盤回饋價!可貨到付款,135,6,2,"$2,900"
775,樹林老店-全家福1500c.c.進口玻璃杯果汁機MX-901A(台灣製造),474,74,2,"$1,000"
776,【東珈家電】 PHILIPS 飛利浦 樂活迷你果汁機 HR-2850 / HR2850 歡迎到店自取,3960,291,2,"$1,150"
777,6葉攪拌刀片【鄉巴佬】小米米家料理機 攪拌器 果汁機 研磨機 調理機 電動果汁機 冰沙機,637,246,1,$875
778,派樂QPiloter -製冰盒(碗)X3+衛生保鮮蓋X3 自製果汁水果冰磚 SGS適用派樂/全佳豪刨冰機-製冰收納保鮮盒,871,831,2,$100
779,小太陽冰沙機 TM-766 馬達1年保固 冰沙果汁機 沙冰機 營業用冰沙機 大慶餐飲設備 (嚞),1564,3209,1,"$2,900"
780,英國阿伯尼瑞無線榨汁機家用小型充電迷你榨汁杯電動炸果汁機 -浪漫滿屋,146,7552,1,$364
781,果汁機 榨汁機 料理機 隨身型果汁機 小型果汁機 電動榨汁杯,194,65,1,$499
782,Panasonic 國際牌果汁機 MX-XPT102專用隨行杯MX-SP1905,5843,268,1,$300
783,現貨 Vitamer 維他命夢想家USB隨身榨汁杯 電動榨汁杯 果汁杯 果汁機 環保杯 隨身杯 USB充電式 現榨果汁,44991,1196,1,$499
784,【附發票】免運費 隨行果汁機 500ml 電動榨汁機 維他命 行動果汁杯 調理機 豆漿機 健康食品調理機,43,123,1,$699
785,榨汁機 Ergo CHEF MJ301A MY JUICER S榨汁機水果汁杯家用料理便攜式小型【時光軌跡】,961,528735,1,"$3,389"
786,限時優惠8折 電動果汁機USB充電式隨身果汁杯 6葉刀頭 移動榨汁機 行動鮮汁機 榨汁機 隨行果汁機 ,207,166041,1,$329
787,(隨貨附發票)飛利浦PHILIPS果汁機專屬刀座、墊圈hr2105,927,149,1,$100 - $350
788,手持炸果汁榨汁機家用水果小型充電學生隨身榨汁杯電動便攜,2,6362,1,$316
789,台灣現貨 便攜式迷你電動榨汁杯6刀 USB充電 小型水果榨汁機 果汁機隨行杯,65,190157,1,$299
790,【夏季必備-現貨】多功能110V電動榨汁機 便攜式家用迷妳輔食料理攪拌果汁機,152,21661,1,$550 - $660
791,【刀鋒】小米米家調理機 現貨 當天出貨 調理機 果汁機 榨汁機 料理機 安全按壓啟動 6葉攪拌刀片 簡易清潔 輕巧便攜,1516,439,1,$995
792,限時優惠8折 電動果汁機 榨汁機 USB充電式隨身果汁杯 6葉刀頭移動榨汁機行動鮮汁機隨行果汁機【免運現貨】,19,19816,1,$329
793,小煙 丁鹽Vape 霧化 蒸氣 美國 鹽π鹽派 茶派 0% 38% 30ml 主機 果汁 電子,113,80,1,$450
794,電動果汁機 榨汁機 【免運現貨】隨身果汁機 USB充電式隨身果汁杯 6葉刀頭攪拌機 調理機行動鮮汁機隨行果汁機,1,10047,1,$329
795,榨汁機 英國皇太太便攜式榨汁機家用水果小型充電迷你榨汁杯電動炸果汁機 優購優品,182,83043,1,$778
796,[可開發票]榨汁機 榨汁機家用水果小型全自動果蔬多功能炸果汁料理機迷你榨汁杯T 可選～柒seven,268,198604,1,"$1,734"
797,果汁調理機NH-218A榨汁機家用全自動小型學生打果蔬多功能迷你炸水果汁,219,199361,1,$999
798,《贈科技纖維布x2》Panasonic MX-XT701 國際牌 多功能 新食感 果汁機 (1000ml),5132,1900,1,"$2,300"
799,橙子不銹鋼榨汁機手動檸檬榨汁機石榴榨汁器手壓柑橘果汁機【時光軌跡】,947,526402,1,$825
800,貝思町 Re-ment 拉拉熊 自然超市 商店 超商 市場 盒玩 食玩 懶懶熊 磅秤 麵包 廚房 水果 廚具 果汁機雞蛋,300,524,1,"$300 - $1,880"
801,"免運配送-最高CP值22000轉""SANSUI 山水 1.5L生機調理冰沙果汁機 (無段式+瞬轉設計)SJ-1500",10,384,1,$999
802,便攜式榨汁機 家用水果小型充電迷你炸果汁機電動搖搖杯學生玻璃杯 QX6349*NOME家居*,419,149288,1,$880
803,洛克旗艦店*奶茶店糖漿瓶果汁玻璃瓶子手壓式糖壓瓶果糖擠壓瓶定量瓶定量機,174,33391,1,$264
804,冰沙機 調理機 果汁機 杯組（含刀組+蓋子+攪拌棒)Vitamix 小太陽 尚朋堂 聲寶可用 新式握把更好握..特價3組,726,201,1,"$1,150"
805,"國際牌 果汁機杯蓋 MX-V188, 185V用 原廠材料",109,216,1,$90
806,小米 博的bud便攜果汁杯 果汁機 榨汁機 小米有品 隨身果汁杯 現榨果汁機 小米正品,555,276,1,$580
807,(超取、宅配免運)【SAMPO聲寶】福利品。1.5公升玻璃杯果汁機 KJ-SC15G,432,61,1,$750
808,清涼一夏果汁可樂蘋果iPhone 11Pro xs xr max 8 7 6 plus 5se手機殼 保護套 玻璃殼,2298,2114,1,$191
809,清涼一夏果汁可樂MI小米8 9t 10 pro 紅米redmi 8 7 6 pro 5 plus手機殼 保護套玻璃殼,2083,1713,1,$191
810,清涼一夏果汁可樂huawei華為nova 6 5t 4e 3e y9 y7 prime 2019手機殼 保護套玻璃殼,2083,1713,1,$191
811,清涼一夏果汁可樂MI小米 max 3 pro mix 2 3 F1紅米redmi K30 K20手機殼 保護套玻璃殼,2083,1713,1,$191
812,清涼一夏果汁可樂oppo r19 r17 pro reno 3 pro reno 2 z ace手機殼保護套 玻璃殼,2493,3321,1,$191
813,清涼一夏果汁可樂huawei華為Nova5T Y9 2019 Mate20X P30 Pro 手機殼 保護套 玻璃殼,2493,3321,1,$191
814,清涼一夏果汁可樂vivo y95 y17/y12 y19 v17 v15 pro x21前後指紋手機殼保護套玻璃殼,2476,2586,1,$191
815,清涼一夏果汁可樂vivo X30 X27 S1 pro x23幻彩 v11i NEX 3 a 手機殼 保護套 玻璃殼,2083,1713,1,$191
816,清涼一夏果汁可樂華碩ASUS rog2/zs660kl nokia諾基亞4.2 x71 8.1手機殼 保護套 玻璃殼,2207,1856,1,$191
817,榨汁機 手動多功能榨汁機家用迷你手搖炸果汁機 達摩院,470,198850,1,$600
818,〔家電王〕鳳梨牌 e世健康榨汁機 EX-101SS 原汁原味 自動去籽削皮除渣 水果免切 果汁機 打汁機 調理機 慢磨機,59,189,1,"$1,460"
819,〔家電王〕鳳梨牌 e世健康榨汁機 EX-301SS 食材免切 自動去籽削皮除渣 果汁機 打汁機 冰沙 慢磨機 水果,59,188,1,"$2,370"
820,賴桑南應店 SX MINI CLASS MI 套裝組合『主機+煙彈五顆+30ML果汁,4,72,1,$250
821,賴桑煙霧製造所  R-HNCRS DOF豆腐主機 通用MT 魔笛套裝配果汁+煙彈,63,103,1,"$300 - $1,250"
822,厚款 通用型 調理機 果汁機 冰沙機 vita-mix 小太陽 勳風適用(單售空杯區),1027,437,1,$600
823,【24H出貨】 KOLIN 歌林 1.2L 玻璃冰沙果汁機 KJE-MN123 調理機 榨汁機 攪拌機 果汁機,7839,588,1,$899
824,熱銷第3代榨汁機Shake n Take 3 果汁機迷你電動榨汁機飲料機榨汁機家用料理機水果汁機,74,41,1,$550
825,《日樣》隨身榨汁壺 手動榨汁飲料壺 手壓 果汁器 檸檬榨汁器 柳丁壓汁器 手動榨汁 水果家用手動榨汁機,33208,1649,1,$99
826,【立達】 榨汁機 手壓式 手動 柳丁 檸檬 果汁【F19】,3292,286,1,$110
827,手動榨汁機 榨汁器手動榨汁機家用水果小型壓汁機炸果汁橙汁機檸檬榨汁器-露天精靈屋,557,198891,1,$663
828,最新款商用榨汁機 果汁機 渣汁自動分離機 整機全不鏽鋼 WF-A2000,16,2180,1,"$13,500"
829,限時優惠8折--新款免過濾打煮豆漿機家用特價2-3-4-5人全自動加熱豆將米糊果汁220V,200,164125,1,"$2,420"
830,全家福果汁機玻璃杯用杯蓋 適用:MX-901A…等-【便利網】,18261,2757,1,$50
831,QQ電器 全新 鍋寶 全營養 自動 調理機 JVE-1753 ( 果汁機 / 豆漿機 / 濃湯機 ),654,212,1,"$3,350"
832,【全場九折 限時下殺】意大利進口博格諾無鉛玻璃檸檬榨汁器手動家用大號水果汁壓榨器機,355,199178,1,$536
833,大型果汁機 專用刀組(30160) 西瓜機 刀片 大型果汁機零件 西瓜機零件,1562,3209,1,$740
834,手動榨汁機小型便攜家用水果壓榨機檸檬橙子壓汁神器手壓炸果汁杯 -妙可多家居,187,199912,1,$336
835,樂美優品原汁原味手動甘蔗機手壓甘蔗榨汁機手動榨汁機水果榨汁機果汁機【YX❤2071_2071】,3150,199928,1,"$5,900"
836,商用家用省力型榨汁機手動榨汁機手動榨汁器果汁機榨檸檬柳丁,19,2190,1,"$1,690"
837,台灣原廠小太陽冰沙機767系列零件組(上杯組合) 果汁機 豆漿機,13,2197,1,"$1,090"
838,全場9折·多功能商用豆漿機早餐店用破壁機料理機無渣免過濾果汁5升大容量MBS-極限SPORT,368,198486,1,"$4,890"
839,老闆頭痛區~PHILIPS飛利浦 果汁機專用研磨杯.刀座~適用HR2011.HR2010,6028,357,1,$300 - $350
840,樂美優品110V  小太陽冰沙機 不銹鋼調理機 養生機 豆漿機 果汁機 TM-760 攪拌棒  免運,3150,199927,1,"$4,300"
841,Voelkel】有機維他ACE綜合果汁-demeter700ml超商限2罐,14825,1438,1,$297
842,JR小煙丁鹽💖原廠 VEllK airo微刻 主機 墨夾 送30ml果汁,906,44,1,$700
843,【猴野人】日本 CORONA 多功能 二合一隨行杯 果汁機 CRN-JC1807 調理機 隨身杯 冰沙果汁杯 榨汁機,673,1631,1,$999
844,一鑫餐具【雙槽飲料機】冰開水機攪拌式飲料機雙槽飲料機双槽果汁機紅茶機,10696,2538,1,"$15,500"
845,【刀鋒】GUQi谷其便攜電動果汁機 現貨 當天出貨 USB充電迷你榨汁機 隨行果汁機 果汁 奶昔 果泥 果醬 水果冰沙,1520,444,1,$490
846,VEPA沙冰機商用奶茶店打刨破冰果汁榨汁碎冰沙家用攪拌破壁料理機,1290,197658,1,"$2,200"
847,台灣製造不鏽鋼果汁壓汁機KA066-01/KA066-02 水果壓榨 壓汁 壓汁器 檸檬壓汁 擠汁器 手動取汁機,130,1299,1,$200 - $220
848,榨汁機 便攜式榨汁機家用水果小型迷你榨汁杯電動打炸果汁機充電學生,1292,197658,1,"$1,110"
849,【文心時尚館】PRINCESS 荷蘭公主不鏽鋼萬能榨汁機 201851 柳丁機 果汁機 可榨葡萄柚 柳丁 檸檬,2183,70,1,"$2,480"
850,榨汁機 手動多功能榨汁機家用迷你手搖炸果汁機  『不忘初心』,39,199043,1,$465
851,［此為加購刀頭賣場］🎈公司總代理🎈Tweety 隨身杯果汁機、料理機,3,53,1,$200
852,7-11取貨付款,0,10314,1,"$1,180"
853,【大煙館】含果汁套裝Artery Pal II Pro kit動脈可調瓦小煙主機pal2非 電 子菸煙小煙油【A137】,3787,270,1,"$1,280"
854,【蒸氣商行】正品含果汁●Artery Pal II Pro kit可調瓦螢幕動脈小煙小菸主機非 電 子菸煙小【A137】,1324,489,1,"$1,180"
855,小菸主機  丁小鹽 煙霧  ZERO墨夾專用收納盒 丁鹽  電子 果汁 主機,174,18,1,$35
856,《頭手汽機車》PH值測試儀 溫差補償 測水精準 飲用水 自來水 果汁 飲料 游泳池 實驗室 工業汙水 水質檢測 ,1253,9433,1,$410
857,【現貨】日本 Vitantonio VBL-5 隨身瓶果汁機／迷你果汁機／小型果汁機 280ml,380,106,1,"$1,290"
858,【限時八折*全店免運】304不銹鋼檸檬石榴榨汁機手動榨汁杯家用水果炸果汁橙子橙汁器   『 』-魔法世家,555,198359,1,$645
859,【台灣現貨】韓版多功能電動果汁杯（6刀片、充電款）＃冰沙杯 果菜榨汁杯 便攜式迷你榨汁機 隨身果汁機 電動榨汁杯,1251,604,1,$285
860,尚朋堂 隨行杯果汁機+研磨組 組合包 SJ-0700,2926,777,1,$990
861,110V 小太陽冰沙機 不銹鋼調理機 養生機 豆漿機 果汁機 TM-767 攪拌棒,1,14965,1,"$2,860"
862,Kolin 歌林 玻璃杯冰沙果汁機 KJE-LNP131,3241,1740,1,$880
863,Usb充電式現打果汁杯❤️鮮榨果汁隨身攜帶 玻璃杯 榨汁機 絕對新鮮 精力湯 養生果汁 研磨機 果汁機 嬰兒副食品研磨機,163,4154,1,$600
864,限時下殺 智代家用多功能料理機打豆漿機水果蔬菜榨打詐汁機五谷果汁機輔食220V FR11638 【洛麗塔】,540,198586,1,$860
865,Philips 飛利浦 Daily Collection 活氧果汁機 HR2101/HR-2101附果渣分離濾網 果汁機,713,87,1,$850
866,【24H出貨 現貨供應中】鍋寶 大容量調理機 碎冰機 果汁機 果菜機 攪拌機 冰沙機 (JF-1582-D),264,1029,1,$795
867,@ 萊特WT-9308 多功能果菜料理機 果汁機 ,280,647,1,"$2,698"
868,新一代手動榨汁機大號榨石榴汁機 水果汁機 不銹鋼簡易壓汁機【白色】313,21,30041,1,"$4,650"
869,新品優惠--全自動奶昔攪拌杯多功能電動便攜式榨汁杯充電網紅小型搖搖果汁機,535,196875,1,$800
870,@現貨！ JF-1582-D鍋寶 碎冰果汁機 1.5L 可打冰沙 附研磨杯,285,648,1,$706
871,@現貨！(YK-320)永久牌多功能冰沙強力營業用果汁調理機,275,648,1,"$1,478"
872,永久牌冰沙強力果汁調理機 YK-320,6161,311,1,"$1,480"
873,當季嚴選 破壁機加熱智慧全自動豆漿機家用多功能料理機攪拌果汁絞肉冰沙機 極限SPORT,323,343105,1,"$3,799"
874,【幽幽愛生活♥】全家福 (MX-101A) 2500c.c. / 2L / 2公升 專業冰沙果汁機(PC杯),6,80,1,"$1,300"
875,✤ 電器皇后 -【Kolin 歌林】隨行杯果汁機(KJE-HC10),1933,301,1,$749
876,【大王家電館】【現貨 贈清潔液 柳丁檸檬葡萄柚的好幫手】Princess 201851 荷蘭公主不鏽鋼榨汁機 果汁機,7896,639,1,"$2,470"
877,【草地人電器批發店】【免運，全新】Kolin歌林 隨行杯果汁機/隨行杯 KJE-HC10 (1年保固),4928,133,1,$990
878,《台南佳電+贈專用冰模》Philips HR2874 飛利浦 3合1隨行杯 果汁機 冰砂機,5101,1900,1,"$100,000"
879,PChomePay支付連 現金 (ATM、餘額、銀行支付),72,80,1,"$750 - $1,300"
880,*Ju寶庫* 御膳坊 008S03002 職人直立式壓汁機 榨汁機 不銹鋼壓汁機 果汁機 榨汁器,430,1659,1,$450
881,🔥現貨🔥PHILIPS飛利浦活氧果汁機HR2165/另售H2100/HR2101,15,61,1,"$1,150 - $1,360"
882,(吉賀)大家源 400ml 隨行杯果汁機 行動果汁機 果汁機 攪拌機 研磨機 料理機 TCY-6715 / 碎冰不可,11392,541,1,$460
883,"飛利浦 PHILIPS 樂活迷你果汁機, HR2850",7820,246,1,$920
884,猴野人 歌林 Kolin USB 充電式 隨鮮杯 果汁機 冷、熱皆可用 JE-LNP11 攪拌機 隨身杯 隨行杯 果汁杯,673,1631,1,$680
885,榨汁機家用水果小型迷你果汁機 6刀強力榨汁杯迷你型 USB充電便攜式杯子榨汁機學生家用水果戶外必備,283,205,1,$250
886,【真便宜】【大家源】 隨行果汁機 TCY-6715,525,518,1,$529
887,【真便宜】鍋寶 隨身杯果汁機研磨機 雙杯設計 蔬果機 果汁機 蔬果汁 SJ-220-D,561,508,1,$838
888,【真便宜】山多力 碎冰 果汁機 SL-733A　台灣品牌製造,600,499,1,$630
889,完美主義｜recolte 日本麗克特Glass Blender Rico 耐熱果汁機RGB-1 可超取【U0206】,26508,1010,1,"$1,980"
890,【大頭峰電器】◤A級福利出清品‧限量搶購中◢ SAMPO聲寶 1.5L果汁機 KJ-SC15G,50855,1201,1,$755
891,小型榨汁機 汁機雙杯家用迷你學生電動便攜水果汁機全自動果蔬多功能 220V,183,339404,1,"$1,407"
892,☆品味家電館☆【Kolin 歌林】USB充電式隨鮮杯果汁機 JE-LNP11,253,237,1,$699
893,便攜式迷你榨汁機 電動榨汁杯 USB充電水果榨汁機家用小型隨行充電隨身果汁機 隨身攜帶 隨身杯,13,73,1,$799
894,【大頭峰電器】【贈實用面膜】Cuisinart美膳雅 CPB-300TW 多功能新纖果汁調理機 研磨機 隨身杯果汁機,50855,1201,1,"$1,755"
895,［卡娜赫拉］卡娜赫拉 雙層玻璃水杯 角落生物水杯 玻璃果汁水杯 網紅抖音杯子 娃娃機,1,10,1,$280 - $290
896,公司貨 附發票 TESCOM TM8800TW 果汁機 榨汁機 蔬果機 果菜機 調理機 鈦黑波紋刀,3384,3661,1,"$1,490"
897,『油省到』歌林 Kolin 隨行杯冰沙果汁機(單杯) KJE-MNR571G,1304,1782,1,$680
898,TESCOM 果汁機 果菜食物調理機 調理機 榨汁機 大型鈦金波紋刀 TM8800T 附發票 一年保固 官網登入延長保固,1448,5175,1,"$1,490"
899,1/2 Gallon (1.89 L) Cactus Juice Stabilizing TurnTex Vacuum Equip Required,0,2828,1,"$1,741"
900,【大眾家電館】歌林 kolin 隨行杯果汁料理機 JE-LNP12,1973,1111,1,"$1,280"
901,【真便宜】Fujitek 富士電通  多功能鮮榨研磨果汁機(FT-JE012),590,500,1,$750
902,王電廚中寶 WO-2688 WT-1688 WT9308 料理機 果汁機 專用料理杯 含上蓋,58,964,1,$950
903,<搞啥飛機>預購 96個 2公升HDPE塑膠桶 全新料生產 食品可用 果汁桶 蜂蜜桶 農藥桶 汽油桶 煤油桶 含稅價,21079,2788,1,"$2,300"
904,888小舖充電式迷你隨身果汁機 USB 果汁機 果汁杯 榨汁機 下單送襪,734,197438,1,$489
905,<搞啥飛機>預購 160個裝 1公升HDPE塑膠桶 全新料生產 食品可用 果汁桶 蜂蜜桶 農藥桶 汽油桶 煤油桶 含稅價,20768,2756,1,"$2,640"
906,全自動電動不加水果汁機水果蔬菜原汁家用渣汁分離多功能榨汁機2/26  一級棒,2996,825315,1,$730
907,※便利購※附發票 台灣製 永久牌 2500cc 多功能冰沙果汁機 調理機 (YK-280) 專業型 大馬達 營業用,254,935,1,"$1,350"
908,※便利購※附發票 台灣製 永久牌 多功能果汁機 冰沙 果汁 研磨 多功能 果汁機 果綠色 YK-101,254,935,1,"$1,100"
909,榨汁機-迷你榨汁機 手動榨汁器304不銹鋼家用柳丁石榴汁檸檬水果汁壓汁器—潮貨彙集站,444,197961,1,$458
910,[龍龍3C] OSTER 隨我型 隨行杯 果汁機 BLST120,2877,1797,1,"$1,100"
911,KINYO 耐嘉 多功能食物調理機(JC-13) 果汁機 切碎 研磨 多功能 台南PQS,3836,2812,1,$899
912,KINYO JC-03 多功能食物調理機 果汁機 馬卡龍色,14907,1850,1,$799
913,現貨免運(公司貨開發票) TESCOM TM8800TW 果汁機 TMV8800 【小雅3C】台中,780,887,1,"$1,490"
914,台灣 現貨 ecoco 雙向 手動 果汁機 榨汁機 水果榨汁機 隨行果汁機 行動果汁機 果汁杯 果汁器 榨汁器 小麥色,1201,3213,1,$150
915,《586家電館》尚朋堂果汁機【SJ-1788】1700c.c玻璃杯果汁機,3561,1986,1,$890
916,ecoco 手榨果汁機 果汁機 手動榨汁機 手動果汁機 攜帶型 果汁機 榨汁器 體積小 輕巧方便攜帶 麥色,1300,3597,1,$150
917,商用手動榨汁機迷你家用橙子壓汁器果汁機擠檸檬原汁機壓榨機--欣雅居,1453,199271,1,"$1,775"
918,◤A級福利品‧數量有限◢ 美國 OSTER-Ball Mason Jar隨鮮瓶果汁機(曜石灰) BLSTMM-BA1,50843,1208,1,"$1,090"
919,日本Toffy 真空 果汁機 保鮮 按壓式 隨行杯 K-BD2,1867,116,1,"$1,480"
920,DO嘟嘟DO 公司貨附發票 燦坤 EUPA 優柏 功能同 FT-JE005 歌林 隨行杯果汁機 TSK-9338,14383,615,1,$549
921,KINYO JC-13 多功能食物調理機 打果汁 打泥 打碎 多功能 調理機 果汁機,14948,1857,1,$799
922,2019新上市16瓶【囍瑞】純天然藍莓汁綜合原汁(1公升/瓶)★小瓢蟲標章:無農藥化肥、無添加100%純果汁【非有機】,481,141,1,"$2,704"
923,○o雅儷美人○o MIT現貨多功能美膚機 蒸氣機 熱霧舒緩肌膚滋潤輔助 果汁牛奶熱噴霧機 熱蒸氣機 台廠維修保固直報價,738,110,1,"$2,000"
924,速溶大型商用咖啡機自助多功能美式掃碼投幣全自動專業果汁意式奶1入,554,199916,1,"$74,325"
925,二手雙槽飲料機MT-20冰開水機/攪拌式飲料機/雙槽果汁機/紅茶機/雙槽攪拌式果汁機,104,643,1,"$7,500"
926,A-Q小家電 燦坤 優柏EUPA  旋風調理果汁機 / 活氧活氧果汁機 隨行杯果汁機 果汁機 / TSK-9669,4586,234,1,"$3,290"
927,買一送二 304不鏽鋼環保彎管吸管果汁攪拌棒  附專用清潔刷(不含杯子)冰霸杯酷冰杯冰爆杯炒冰機夏天必備保冷保溫,467,455,1,$49
928,送好禮+免運+發票 公司貨 MATURE美萃 Classic410 經典系列 氣泡水機 可打果汁 打酒精飲品 打任何液體,1882,110,1,"$600 - $2,680"
929, Panasonic MX-XT301 果汁機 魅力紅,12061,881,1,"$1,990"
930,Oster-Ball Mason Jar 隨鮮瓶果汁機 四色 全新,128,76,1,"$1,290 - $1,299"
931,家電大師 大家源 1.5L鮮萃果汁機 TCY-6785,1579,423,1,$699
932,美?居 AL02 高檔鋁合金 隨身杯 家用手動榨汁器 擠汁器迷你水果汁機 壓榨橙汁擠檸檬器,286,2168,1,$350
933,【高雄電舖】超淨 果汁研磨調理機 CM1701R 3款多功能刀座模組,828,529,1,"$2,180"
934,"飛利浦PHILIPS-3合1隨行杯果汁機, HR2874",7842,249,1,"$1,280"
935,☆品味家電館☆【Kolin 歌林】~含運促銷~多功隨行果汁料理機 JE-LNP12,253,235,1,"$1,280"
936,【通訊達人】歌林隨行杯冰沙果汁機(雙杯組) KJE-MNR572B,1104,420,1,"$9,790"
937,飛利浦PHILIPS Daily Collection 活氧果汁機/攪拌機 HR2106/01,1057,1043,1,"$1,590"
938,[安安寶貝家]歌林kolin隨鮮杯果汁機(雙杯組) JE-LNP13,16446,1446,1,$950
939,POLAR 多功能調理研磨機 / 冰沙果汁機 PL-6010,3233,1737,1,"$1,480"
940,美國 OSTER-Ball Mason Jar隨鮮瓶果汁機(黑) BLSTMM-BBK,3219,1759,1,"$1,352"
941,美國 OSTER-Ball Mason Jar隨鮮瓶果汁機替杯(黑) BLSTMV-TBK,3251,1729,1,$330
942,【易油網】OSTER 隨行杯果汁機1機+2杯 MASON JAR #48449 紅色,40540,4471,1,"$1,580"
943,【CA-05】COGELSA食品級保養油→食品加工廠 瓶罐廠 製藥廠 食物包裝廠  烤箱.果汁機.咖啡機保養用油,2389,279,1,"$490 - $1,270"
944,聯想材料【CA-01】COGELSA 咖啡機、果汁機、豆漿機 機械保養油 → 耐蒸氣、震動環境(680元/罐),2389,279,1,$680
945,完美主義｜日本Toffy多功能食物調理機 果汁機 料理機 研磨機 可超取【U0161】,26485,1003,1,"$2,980"
946,加贈專用食譜、美膳雅不沾鍋24cm【伊萊克斯 Electrolux】瑞典 大師系列 智能調整果汁機(EBR9804S),2449,368,1,"$12,900"
947,升級款 現榨 USB充電 四刃 隨行果汁機 攪汁機 隨身冰沙機 充電果汁機 食品調理機 隨行杯,9256,288,1,$699
948,【歐斯樂】台灣製造塑膠杯碎冰1500cc果汁機/調理機（HLC-727）FF075,908,385,1,$632
949,不鏽鋼 專業壓榨機 手壓壓榨機 果汁機 榨汁機 榨汁器,402,2862,1,"$1,200"
950,VITAMER 維他命榨汁機 榨汁杯 隨身 果汁機 母親節 聖誕節 生日 交換 禮物【RS772】,3255,866,1,$699
951,@咖啡櫻桃屋@日本製HARIO 300ML 一組2個玻璃杯 咖啡杯 拿鐵杯 把手玻璃杯 杯子 果汁杯 可微波 可洗碗機洗,144,237,1,$450
952,【加贈清潔刷】美國 OSTER-Ball Mason Jar隨鮮瓶果汁機(紅) BLSTMM-BRD,3251,1746,1,"$1,420"
953,貴夫人果汁機多功能食物調理機 CP-75S 果杯組~果汁杯,3249,1730,1,$490
954,【179電舖】全家福1800cc營業用果汁機 MX-818A【台中彰化市可自取】,205,437,1,"$1,100"
955,便攜式果汁機 usb充電榨汁機 維他命果汁機 戶外榨汁機 電動果汁機 充電榨汁機 榨汁杯 電動榨汁杯 套餐二,1521,1248,1,$850
956,贈打蛋器{EDISN愛迪生雙杯粉紅色}多功能隨行杯果汁機:過熱自動斷電{E0760一D}另售一電動鼻毛刀:掛燙機:掃地機,1693,170,1,"$99,999"
957,【家電王朝】東元TECO多功能研磨隨行杯果汁機 XYFXF9310,1786,1082,1,"$1,390"
958,支援付款快手,899,727,1,$583
959,乾濕兩用荷蘭公主隨行冰鎮果汁機研磨機212065調理機-晨光購物網,382,247,1,"$1,390"
960,【私訊有優惠【分期免運費【台灣公司貨】TESCOM TMV2000TW 極鮮真空調理機 果汁機,4445,2706,1,"$19,990"
961,A-Q小家電  MAYLINK 美菱 多用生機蔬果調理 果汁機 榨汁機 研磨機 攪拌機 碎肉機 調理機 GS-319,4576,238,1,"$1,460"
962,彩繪軒☆EUPA隨行杯果汁機(紅) TSK-9346(紅)   四葉304不鏽鋼刀片,7600,3910,1,$410
963,電動榨汁杯創意迷你玻璃可攜式榨汁機多功能水果料理機小型果汁杯,1002,1200,1,"$1,100"
964,【90JP日本代購】VITANTONIO隨身瓶果汁機(型號VBL-5)212限定兩色(酒紅色/黑色),580,932,1,"$1,650"
965,衣麗特 隨行杯果汁機(雙杯組) ELT-139 (1台) 果菜機 榨汁機 冰沙杯 果汁杯 奶昔 調理機 密封杯蓋,1063,904,1,$990
966,❤超值價❤Cuisinart 美膳雅 CPB-300TW 多功能新纖果汁調理機 果汁機研磨機 CPB300TW,985,302,1,"$2,300"
967,A22【婷婷屋】1BARSONE/朋森 LL-GZ05充電榨汁機迷妳學生電動榨汁杯便攜水果汁機,1580,2770,1,$880
968,A22【思思科技】1BARSONE/朋森 LL-GZ05充電榨汁機迷妳學生電動榨汁杯 便攜水果汁機,1458,4118,1,$890
969,【蒸氣迷霧】含果汁原廠保固●Suorin AIR 商務型攜帶神器 防漏油 8MM超薄機身 非ICUB【A017】,4456,511,1,"$1,180"
970,【小地方】代購COSTCO好市多商品：KIRKLAND SIGNATURE 科克蘭 有機果汁軟糖699元#1034255,9169,639,1,$699
971,公司貨免運 recolte 日本麗克特 Solo Blender Solen 果汁機 專用玻璃瓶 300ml 不含吸管,1862,110,1,$400
972,雙管 9盎士紙杯用 220V 咖啡 果汁 售水機 紙杯自動掉杯器 落杯器 售杯器,2094,383,1,"$1,755"
973,☆品味家電館☆【Kolin 歌林】隨鮮杯果汁機(雙杯組) JE-LNP14,254,239,1,"$1,250"
974,☆品味家電館☆【TECO 東元】隨鮮杯果汁機(雙杯組) XYFXF0143,253,235,1,"$1,480"
975,[廠商直銷]不用電 不銹鋼果汁鼎果汁桶果汁機冷飲機 自助餐吧檯必備,274,0,1,"$1,890"
976,[廠商直銷]原廠小太陽冰沙機刀組拆卸工具767系列零件配件組 果汁機 豆漿機,35,1839,1,$240
977,【贈實用刮刀】PRINCESS 荷蘭公主 不鏽鋼萬能榨汁機 果汁機 201851,3246,1735,1,"$2,469"
978,「CP好物」 316不鏽鋼檸檬取汁器 擠汁器榨汁器果汁機創意廚房小物 - 台灣製,730,646,1,$119
979,☆黑貓易利購☆【002】台灣製304不銹鋼果汁壓汁機(KA066-02)大台,1603,333,1,$240
980,羅馬時代【現貨】充電式迷你隨身果汁機 USB 果汁機 果汁杯 榨汁機,72,20368,1,$389
981,調理機 調理杯 小太陽 2000ml 無刀頭承軸 冰沙杯 果汁機 空杯 TM-767 SUPER MUM BTC-588,1168,886,1,$500
982,現貨 調味料理水果噴汁器 榨汁器 檸檬噴霧器 烤肉 果汁機 中秋 端午,1205,2901,1,$49
983,日式鐵氟龍壓汁機  #壓汁機#榨汁器#果汁機#取汁器#檸檬壓汁器#,1087,1418,1,$139
984,【山環山線】全新recolte 日本麗克特 Solen 果汁機 櫻花粉 (公司貨) 玻璃瓶身,6748,317,1,"$1,480"
985,衣麗特 隨行杯果汁機(雙杯組) ELT-139 (1台) 果菜機 榨汁機 冰沙杯 果汁杯 奶昔 調理機 密封杯蓋,4394,1378,1,$990
986,316不銹鋼水果榨汁機 出口手動壓汁器 廚房用品 水果汁機 廚房用品 058,5881,2114,1,$980
987,美國 Oster Blend Active 隨我型果汁機(黑),4374,1620,1,"$1,390"
988,現貨！USB隨行果汁杯 行動果汁機榨汁機電動果汁機調理機攪拌杯隨行果汁杯豆漿機隨行杯 ,539,515,1,$400
989,2017 第二代 派樂QPiloter-馬卡龍果菜榨汁機（1入）全機SGS通過檢驗安心款 榨汁器 壓汁器 果汁機 原汁,1455,1105,1,$239
990,永久牌 2500cc多功能冰沙果汁機(YK-320) ~適合營業用~,4236,1926,1,"$1,950"
991,2017年馬力升級~全配版~新潮流食品調理機 TSL-122  果汁機-冰沙機 (冰沙~豆漿~精力湯) 免運費,3607,34,1,$750
992,KIPO-雙槍啤酒飲料機 加油站飲料機啤酒機 熱銷創意果汁機 雙槍分酒器 迷你飲水機 酒吧-NHE002284A,425,1646,1,"$1,700"
993,永恆生活館  手動榨汁機手搖原汁水果機家用簡易兒童原汁機果汁機壓榨機榨汁器,50,34523,1,$974
994,【大王家電館】【原廠公司貨+一年保固】TESCOM TM856TW 大容量玻璃瓶壼身果汁機,7897,639,1,$990
995,免運費送清潔海綿x2【美國美膳雅Cuisinart】 多功能新纖果汁調理機 果汁機 CPB-300TW,2437,399,1,"$2,300"
996,派樂QPiloter -製冰盒(碗)X9+贈衛生保鮮蓋X9 自製果汁水果冰磚 SGS 適用派樂/全佳豪刨冰機-製冰收納,1813,953,1,$299
997,派樂QPiloter -製冰盒(碗)X9+贈衛生保鮮蓋X9 自製果汁水果冰磚 SGS 適用派樂/全佳豪刨冰機-製冰收納,416,1061,1,$299
998,新品上市【鍋寶】隨身杯果汁機研磨機(SJ-220-D)雙杯設計,3327,247,1,$850
999,可超取~歌林隨行杯冰沙果汁機-雙杯綠/570ml隨行杯/冰沙機/隨身杯/調理機/豆漿/果醬/蔬菜汁,497,959,1,$920
1000,KIPO-16L雙頭不鏽鋼冷飲機/咖啡機/飲料機/果汁機/果汁桶/冰冷式飲水機/熱搜果汁分配器-NEA0012G1A,423,1644,1,"$5,900"
1001,歐斯樂 玻璃杯碎冰果汁機 (HLC-737 ),4209,1925,1,$850
1002,原廠公司貨 SANLUX台灣三洋 1.5L不鏽鋼刀果汁機 SM-G918,3918,1898,1,$890
1003,仿真果汁機電動仿真家電小幫手榨水果機,6017,1933,1,$190
1004,Panasonic國際牌 1.5公升三合一果汁/濾網/研磨機說明書,69,7,1,$88
1005,台灣金屬團 血肉果汁機-黑訊息 EP 2017年最新作品,3103,2063,1,$300
1006,【山豬的店】*免運費*MAYLINK美菱 多用生機蔬果調理果汁機(GS-319),1369,1283,1,"$1,880"
1007,全家福果汁機 MX-817A冰沙果汁機(1500CC),3647,793,1,"$1,100"
1008,★ funbox 麗嬰國際 ★ 日本暢銷 小美樂娃娃 配件 小熊果汁機_ PL51357_4977554513576,6942,3040,1,$720
1009,工業風! 4公升MASON JAR玻璃罐附水龍頭鐵支架 飲料機 果汁機 - CLIQ00002 ,106,1004,1,"$1,209"
1010,『牛牛生活百貨』新格全功能果汁機 SJM-2580果汁杯配件 全採用食品級材質,3831,440,1,$990
1011,【懶熊部屋】（Loppi限定）Rilakkuma 日本正版 拉拉熊 懶懶熊 BRUNO 聯名 限定 果汁機,903,1046,1,"$2,300"
1012,可超取~歌林隨行杯冰沙果汁機-雙杯藍/570ml隨行杯/冰沙機/隨身杯/調理機/豆漿/果醬/蔬菜汁,1574,1033,1,$900
1013,日本IWATANI IFM-800DG食物調理機/果汁機 貴夫人果汁機 CP-75S,117,181,1,"$3,000"
1014,台灣三洋 不鏽鋼刀 果汁機 SM-G918 SANLUX 1.5L,740,96,1,$910
1015,asdfkitty可愛家☆日本MAMEITA棒式隙縫專用清潔刷-黃色(2入)-適用果汁機.烤箱.冰箱門把...等-日本製,6716,4334,1,$125
1016,台灣公司貨  HANLIN-JK735 自動真空保鮮破壁料理機 果汁機,5769,549,1,"$16,800"
1017,【IE7購物網】王電廚中寶果菜料理機  WO-2688  免運費 現貨 桃園店面 可自取 隨身果汁機 店家最愛 開店必買,526,11,1,"$2,980"
1018,Pi 拍錢包X支付連,1598,2119,1,$459
1019,[龍龍3C] EUPA 隨行杯 果汁機 TSK-9338,2882,1807,1,$500
1020,最新款 拉碎機 果汁機 耐用50000次 ~ 萬能百貨,2720,1617,1,$314
1021,【山山小鋪】 鍋寶 隨身杯果汁機研磨機(SJ-220-D)雙杯設計,2865,1597,1,"$1,080"
1022,永久1.8L多功能冰沙調理機果汁機 YK-108,90,458,1,"$1,150"
1023,歐斯樂玻璃杯碎冰果汁機 HLC-737,84,440,1,$700
1024,歐斯樂塑膠杯碎冰果汁機 HLC-727,84,440,1,$600
1025,老闆頭痛區~PHILIPS飛利浦 超活氧果汁機杯座~ 適用HR2095、HR2096,5930,326,1,$200
1026,擠檸檬器 柳橙手動榨果汁機 擠壓滴漏式榨汁器壓榨器【DV425】◎123便利屋◎,9200,1514,1,$38
1027,[廠商直銷]原廠小太陽冰沙機刀組拆卸工具767系列零件配件組 果汁機 豆漿機,273,2057,1,$240
1028,【大頭峰電器】 	 永久牌 多功能冰沙果汁機(玻璃杯 )1500CC YK-105 粉色款,50854,1195,1,"$1,045"
1029,【大頭峰電器】永久牌 多功能冰沙果汁機(玻璃杯 )1500CC YK-105 藍色款,50814,1220,1,"$1,025"
1030,【奶油花生】鋼鐵家族- 明治飲料手機殼草莓牛奶果汁飲料蘋果6s手機殼iPhone6 plus保護套全包防摔矽膠,912,12771,1,$399
1031,"【新台中電器】鍋寶(1600cc)玻璃杯果汁機,JF-1602",1478,799,1,$850
1032,下殺最低價!!!  鮮活隨手杯果汁機 方便實用/輕巧便利,29,92,1,$550
1033,大慶餐飲設備 雙槽飲料機12公升*2電壓220v 雙槽果汁機 攪拌式飲料機 雙槽冷飲機,1183,915,1,"$16,280"
1034,廚房用品【KFS036】每日健康水果迷你榨汁器 廚房用品 烹飪用品 削水果 水果機 榨果汁 收納女王,5861,1541,1,$28
1035,含稅開發票 超可愛超Q 果汁杯 果汁機 榨汁器 攪汁機 隨身冰沙機 榨汁機 抓神奇寶貝必備品 USB充電小旋風電動榨汁杯,1712,542,1,$399
1036,棋盤象 運動生活館 7.5分層果汁桶 飲料桶 冰飲機,137,123,1,$899
1037,棋盤象 運動生活館 4L果汁桶 飲料桶 冰飲機,137,123,1,$700
1038,棋盤象 運動生活館 3L果汁桶 飲料桶 冰飲機,137,0,1,$650
1039,【福滿來】家用DIY兒童青蛙炒冰機 迷你炒冰盤 炒酸奶機 自製沙冰果汁冰淇淋機雪糕 遊戲點心甜點 製冰消暑冰沙 ADGL,2641,5352,1,$499
1040,哈哈商城  台灣製 優質 營業用  壓汁機 ~ 果汁 冰沙 榨汁 養生 檸檬 柳橙汁 紅茶冰 餐具 開店,3023,1356,1,"$1,960"
1041,[HOME-B040]不銹鋼手動搾汁器 擠壓果汁夾子家用壓汁器水果壓搾機 ,127,13038,1,$330
1042,調理機 蘑菇頭 小太陽 香菇頭 冰沙杯 果汁機 軸承 Super Mum TM 737 767 770 788 800,1166,888,1,$130
1043,調理機 黑皮蓋 小太陽 附小蓋 冰沙杯 果汁機 調理杯蓋子 Super Mum TM 737 767 770 788,957,693,1,$180
1044,支援付款快手,8791,3245,1,$230
1045,日本SHARP 慢磨食物料理果汁機 EJ-CP10B  日本平輸 (喜歡HUROM的可參考)現貨供應,489,225,1,"$5,800"
1046,多功能不鏽鋼壓麵機可當果汁榨汁機,135,3,1,$299
1047,【網路GO】Panasonic 國際牌1公升不鏽鋼刀果汁機 MX-GX1051,3978,2444,1,"$1,410"
1048,【網路GO】飛利浦Daily Collection 活氧果汁機HR2100,4018,2522,1,$800
1049,美國 Oster 隨行杯果汁機,4400,1671,1,$990
1050,~藍天家電~ 鍋寶 1.5L果汁機 JF-1582,67,83,1,$800
1051,【電器宅急便】鍋寶 1.5L玻璃杯果汁機 JF-1582-D 含稅附發票,3222,1024,1,$750
1052,【網路go】Panasonic國際牌1.5公升三合一果汁/濾網/研磨機 MX-GX1561,4014,2522,1,"$1,850"
1053,捷寶1700cc 玻璃杯果汁機 JJM-3510 / JJM3510 專利鋼製龍旋刀設計,3793,237,1,"$750,000"
1054,光禾館~破壁 果汁機 調理機 高速小分子料理機  47000轉 3匹馬力 不加溫5分鐘打熟豆漿,4698,183,1,"$12,000"
1055,【大頭峰電器】【贈原廠攪拌棒】PHILIPS飛利浦超活氧果汁機 HR2084 / HR-2084 可加購攪拌棒,50855,1201,1,"$3,911"
1056,【大頭峰電器】【停產改款中】PHILIPS飛利浦超活氧果汁機 HR2084 / HR-2084 可加購攪拌棒,50729,1226,1,"$3,990"
1057,榨汁機 神奇鮮橙榨汁棒 免觸摸 果汁棒 榨汁機 A39034-1{鄰家生活},6973,1364,1,$199
1058,<<展翼通訊>>Electrolux 多功能1.25公升果汁機  EBR2001   <公司貨>,557,133,1,$999
1059,破盤限量20台下殺  全能果汁食物攪拌調理機(不銹鋼) GS-702C 特惠價$799 即日1/15~1/22日止,59,455,1,$799
1060,Panasonic 國際牌1800CC果汁機MX-V288,5838,268,1,"$2,100"
1061,[台灣現貨]台灣原廠小太陽冰沙機767系列零件組(上杯組合) 果汁機 豆漿機,5438,2229,2,"$1,090"
1062,☉小饅頭生活家電專賣店☉ ☉限量特價2台☉聲寶冰沙果汁機(KJ-UB13G),1801,364,1,"$1,190"
1063,晨光購物網-半自動壓汁機/旋轉式柳丁榨汁機/果汁機-另售慢磨蔬果機/綠汁機/全營養調理機,685,110,1,"$20,900"
1064,SUNLING尚麟 Panasonic國際牌 1800ml 營業用 多功能果汁機MX-V188 96%切削率 來電優惠,1806,2270,1,"$1,990"
1065,岡山首席館【促銷價】大家源隨行果汁機TCY-6715,2251,958,1,$659
1066,@~綜合百貨~@多用途 按壓式迷你電動果汁食品調理機 副食品攪拌器 打蛋器 榨汁器 切菜機 絞肉機,957,2254,1,$450
1067,㊣批發廣場㊣按壓式 超輕巧迷你果汁食品調理機 副食品攪拌器 切菜機 電動絞肉機 打蛋器 榨汁器 用途超多,1144,2350,1,$450
1068,[廠商直銷] 最新款商用榨汁機 果汁機 渣汁自動分離機 整機全不鏽鋼 WF-A2000,5438,2229,1,"$13,500"
1069,【網路go】Panasonic國際牌1.3L研磨/果汁機 附隨手杯 MX-XT701,3981,2474,1,"$2,570"
1070,原廠保固 ,1785,877,1,$890
1071,岡山首席館~尚朋堂1700C.C玻璃杯果汁機SJ-1788,2257,915,1,$890
1072,樹林老店-Panasonic國際牌果汁機 MX-V188,474,74,1,"$1,700"
1073,KIT2000天廚果汁飲品冷水壺2L/冷熱水壺/高湯壺/餐飲/果汁壺/紅茶壺/公杯壺/有機飲食/有機果汁,3831,709,1,$105
1074,【東珈家電】三星 1600CC果汁機 HLC-737 / HLC737,3960,291,1,$650
1075,★☆°╮政府有機認證養生飲品╭★☆° 有機山竹果汁飲品960ml美國進口,507,66,1,"$1,350"
1076,【東珈家電】PHILIPS 飛利浦 HR-2011 / HR2011 超活氧果汁機 全新公司貨,3960,291,1,"$1,185,000"
1077,o江東購物站o特製(大) 全鋼桔檬柚壓汁機 不銹鋼壓汁機 果汁機 榨汁機 自己榨檸檬汁柳丁汁,542,2359,1,$300
1078,㊣批發廣場㊣廚房好幫手 特製不銹鋼桔檬柚壓汁機(大) 全鋼壓汁機 果汁機 榨汁機 檸檬壓汁機,1138,2352,1,$300
1079,【東龍】1.5L◎果汁機◎TE-501,4145,821,1,$650
1080,五福都會生活.不鏽鋼果汁壓汁機(中).01587150,2831,7144,1,$225
1081,【國際牌 Panasonic 台灣松下】果榨汁機//果汁機◎MX-151SP,4145,821,1,"$1,290"
1082,【國際牌 Panasonic 台灣松下】榨汁機//果汁機◎MX-101FG1,4145,821,1,"$1,580"
1083,露天阿球=水果榨汁機~全能果汁機~,30303,1985,1,$100
1084,專業生機飲食調理機~果汁機~冰砂機~破盤回饋價!可貨到付款!,135,6,1,"$2,900"
1085,8000cc/8公升專業級營業用大型果汁機/調理機-另有2p.3p.3.5p&超大型20000cc-晨光購物網,686,112,1,"$18,800"
1086,8公升/8000cc專業級營業用大型果汁機/調理機-另有2p.3p.3.5p&超大型20000cc-豆花伯生活館,1811,278,1,"$18,800"
1087,【切菜機免運費】製冰機 果汁機 冰沙機 紙巾機 濾芯 蒸汽箱 咖啡機 封口機 果糖機,44,18,1,"$22,000"
1088,晨光購物網-Sancos高纖果汁機(調理機)25000轉-另售各種調理榨汁機/原汁機2P.3P.3.5P,685,112,1,"$5,400"
1089,原廠保固 ,5994,328,1,"$1,250"
1090,義大利 Ugolini 果粒果汁冷藏機 大容量 可放果粒 氣派大方,171,25,1,"$8,000"
1091,~*HAPPY 購電器佳*~Panasonic 國際牌果汁機【MX-V188】,349,389,1,"$1,800"
1092,o江東購物站o迷你手提電動打蛋器=鸚鵡型五合一果汁&amp;咖啡=電動攪拌器=攪拌棒=攪拌機,541,2354,1,$300
